id_componente,tipo_componente,codigo,nivel,nome,unidade_responsavel,ch_teorico,ch_pratico,ch_estagio,ch_total,ch_dedicada_docente,ch_ead,cr_max_ead,permite_horario_flexivel,qtd_unidades,procedimentos_avaliacao,equivalencia,pre_requisito,co_requisito,ementa,bibliografia,objetivos,conteudo,competencias_habilidades,referencias,ano_programa,periodo_programa,modalidade,curso_componente
20007,DISCIPLINA,DIM0072,G,TECNICAS DE ESPECIFICACAO FORMAL,DEPARTAMENTO DE INFORMÁTICA E MATEMÁTICA APLICADA,60,0,0,60,0,0,20,False,3.0,,( DIM0026 ) OU ( DIM0336 ) ,( ( ( DIM0049 OU DIM0337 ) E ( DIM0051 OU DIM0060 OU DIM0336 ) ) ) ,,"Estudo de técnicas de descrição formal para especificação formal. verificação e
validação de sistemas. Estudo de aplicação de pelo menos uma das
linguagens de especificação formal.",,,,,,,,Presencial,
26907,DISCIPLINA,DIM0031,G,AUDITORIA DE SISTEMAS,DEPARTAMENTO DE INFORMÁTICA E MATEMÁTICA APLICADA,30,30,0,60,0,0,20,False,3.0,,,,,"Introdução. Objetivos, funções do auditor, nações de auditora,
técnicas de auditoria. Auditoria em sistemas; nas aplicações, na
produção, no desenvolvimento. Auditoria através de sistemas.",,,,,,,,Presencial,
26908,DISCIPLINA,DIM0036,G,TOPICOS ESPECIAIS EM COMPUTACAO,DEPARTAMENTO DE INFORMÁTICA E MATEMÁTICA APLICADA,45,15,0,60,60,0,20,False,3.0,,,,,,,,,,,,,Presencial,
26909,DISCIPLINA,DIM0037,G,INFORMATICA E SOCIEDADE,DEPARTAMENTO DE INFORMÁTICA E MATEMÁTICA APLICADA,30,0,0,30,30,0,20,False,3.0,,,,,,,,,,,,,Presencial,
26910,DISCIPLINA,DIM0067,G,MICROCOMPUTADORES,DEPARTAMENTO DE INFORMÁTICA E MATEMÁTICA APLICADA,60,0,0,60,60,0,20,False,3.0,,,,,,,,,,,,,Presencial,
26911,DISCIPLINA,DIM0068,G,INTRODUCAO A TEORIA DAS FILAS,DEPARTAMENTO DE INFORMÁTICA E MATEMÁTICA APLICADA,60,0,0,60,60,0,20,False,3.0,,,,,,,,,,,,,Presencial,
26912,DISCIPLINA,DIM0073,G,SISTEMAS DE TEMPO REAL,DEPARTAMENTO DE INFORMÁTICA E MATEMÁTICA APLICADA,60,0,0,60,60,0,20,False,3.0,,,,,,,,,,,,,Presencial,
26913,DISCIPLINA,DIM0079,G,INTRODUCAO A CIBERNETICA,DEPARTAMENTO DE INFORMÁTICA E MATEMÁTICA APLICADA,60,0,0,60,60,0,20,False,3.0,,,,,,,,,,,,,Presencial,
26914,DISCIPLINA,DIM0083,G,PROGRAMACAO ESTOCASTICA,DEPARTAMENTO DE INFORMÁTICA E MATEMÁTICA APLICADA,60,0,0,60,60,0,20,False,3.0,,,,,,,,,,,,,Presencial,
26915,DISCIPLINA,DIM0090,G,TOPICOS ESPECIAIS EM COMPUTACAO I,DEPARTAMENTO DE INFORMÁTICA E MATEMÁTICA APLICADA,30,0,0,30,0,0,20,True,3.0,,,,,"Este componente cobre temas de Computação não contemplados em
outros componentes curriculares, podendo variar a cada oferta de turma.
A área de Computação é extremamente dinâmica e requer que, além de
um conjunto fixo de componentes obrigatórios e optativos com ementa
pré-definida, se tenha a flexibilidade de oferecer ao aluno exposição a
temas inovadores e de tendências atuais que, mais tarde, após algum
amadurecimento, podem vir a ser introduzidos como componentes
optativos. Para permitir que o aluno participe de turmas de diferentes
temas, no mesmo ou em diferentes semestres, é necessário termos um
conjunto de códigos para que temas diferentes sejam oferecidos com
códigos diferentes pela coordenação do curso de forma rotativa ao longo
do tempo. Este é o primeiro componente de 30 horas-aula desta
sequência.",,Este conteúdo será definido pelo professor de acordo com o PPP e detalhado  no primeiro dia de aula,Este conteúdo será definido pelo professor de acordo com o PPP e detalhado  no primeiro dia de aula,,,2024.0,1.0,Presencial,
26916,DISCIPLINA,DIM0091,G,TOPICOS ESPECIAIS EM COMPUTACAO II,DEPARTAMENTO DE INFORMÁTICA E MATEMÁTICA APLICADA,30,0,0,30,0,0,20,True,3.0,,,,,"Este componente cobre temas de Computação não contemplados em
outros componentes curriculares, podendo variar a cada oferta de turma.
A área de Computação é extremamente dinâmica e requer que, além de
um conjunto fixo de componentes obrigatórios e optativos com ementa
pré-definida, se tenha a flexibilidade de oferecer ao aluno exposição a
temas inovadores e de tendências atuais que, mais tarde, após algum
amadurecimento, podem vir a ser introduzidos como componentes
optativos. Para permitir que o aluno participe de turmas de diferentes
temas, no mesmo ou em diferentes semestres, é necessário termos um
conjunto de códigos para que temas diferentes sejam oferecidos com
códigos diferentes pela coordenação do curso de forma rotativa ao longo
do tempo. Este é o segundo componente de 30 horas-aula desta sequência.",,Serão definidos em breve pelo professor,Serão definidos em breve pelo professor,Serão definidos em breve pelo professor,,2016.0,1.0,Presencial,
26917,DISCIPLINA,DIM0092,G,TOPICOS ESPECIAIS EM COMPUTACAO III,DEPARTAMENTO DE INFORMÁTICA E MATEMÁTICA APLICADA,30,0,0,30,0,0,20,True,3.0,,,,,"Este componente cobre temas de Computação não contemplados em
outros componentes curriculares, podendo variar a cada oferta de turma.
A área de Computação é extremamente dinâmica e requer que, além de
um conjunto fixo de componentes obrigatórios e optativos com ementa
pré-definida, se tenha a flexibilidade de oferecer ao aluno exposição a
temas inovadores e de tendências atuais que, mais tarde, após algum
amadurecimento, podem vir a ser introduzidos como componentes
optativos. Para permitir que o aluno participe de turmas de diferentes
temas, no mesmo ou em diferentes semestres, é necessário termos um
conjunto de códigos para que temas diferentes sejam oferecidos com
códigos diferentes pela coordenação do curso de forma rotativa ao longo
do tempo. Este é o terceiro componente de 30 horas-aula desta sequência.",,,,,,,,Presencial,
26918,DISCIPLINA,DIM0093,G,TOPICOS ESPECIAIS EM COMPUTACAO IV,DEPARTAMENTO DE INFORMÁTICA E MATEMÁTICA APLICADA,30,0,0,30,0,0,20,True,3.0,,,,,"Este componente cobre temas de Computação não contemplados em
outros componentes curriculares, podendo variar a cada oferta de turma.
A área de Computação é extremamente dinâmica e requer que, além de
um conjunto fixo de componentes obrigatórios e optativos com ementa
pré-definida, se tenha a flexibilidade de oferecer ao aluno exposição a
temas inovadores e de tendências atuais que, mais tarde, após algum
amadurecimento, podem vir a ser introduzidos como componentes
optativos. Para permitir que o aluno participe de turmas de diferentes
temas, no mesmo ou em diferentes semestres, é necessário termos um
conjunto de códigos para que temas diferentes sejam oferecidos com
códigos diferentes pela coordenação do curso de forma rotativa ao longo
do tempo. Este é o quarto componente de 30 horas-aula desta sequência.",,O Programa será adicionado posteriormente,O Programa será adicionado posteriormente,O Programa será adicionado posteriormente,,2016.0,1.0,Presencial,
26919,DISCIPLINA,DIM0094,G,TOPICOS ESPECIAIS EM COMPUTACAO V,DEPARTAMENTO DE INFORMÁTICA E MATEMÁTICA APLICADA,30,0,0,30,0,0,20,True,3.0,,,,,"Este componente cobre temas de Computação não contemplados em
outros componentes curriculares, podendo variar a cada oferta de turma.
A área de Computação é extremamente dinâmica e requer que, além de
um conjunto fixo de componentes obrigatórios e optativos com ementa
pré-definida, se tenha a flexibilidade de oferecer ao aluno exposição a
temas inovadores e de tendências atuais que, mais tarde, após algum
amadurecimento, podem vir a ser introduzidos como componentes
optativos. Para permitir que o aluno participe de turmas de diferentes
temas, no mesmo ou em diferentes semestres, é necessário termos um
conjunto de códigos para que temas diferentes sejam oferecidos com
códigos diferentes pela coordenação do curso de forma rotativa ao longo
do tempo. Este é o quinto componente de 30 horas-aula desta sequência.",,,,,,,,Presencial,
26920,DISCIPLINA,DIM0095,G,TOPICOS ESPECIAIS EM COMPUTACAO VI,DEPARTAMENTO DE INFORMÁTICA E MATEMÁTICA APLICADA,60,0,0,60,0,0,20,True,3.0,,,,,"Este componente cobre temas de Computação não contemplados em
outros componentes curriculares, podendo variar a cada oferta de turma.
A área de Computação é extremamente dinâmica e requer que, além de
um conjunto fixo de componentes obrigatórios e optativos com ementa
pré-definida, se tenha a flexibilidade de oferecer ao aluno exposição a
temas inovadores e de tendências atuais que, mais tarde, após algum
amadurecimento, podem vir a ser introduzidos como componentes
optativos. Para permitir que o aluno participe de turmas de diferentes
temas, no mesmo ou em diferentes semestres, é necessário termos um
conjunto de códigos para que temas diferentes sejam oferecidos com
códigos diferentes pela coordenação do curso de forma rotativa ao longo
do tempo. Este é o primeiro componente de 60 horas-aula desta
sequência.",,"Segurança da identidade em sistemas de informação é imensamente
importante e faz parte do dia-a-dia em transações tais como banking
systems, medical systems, power infrastructures, or a simple home PC.
Essa disciplina oferecerá um nível mais avançado de entendimento de
teorias, conceitos e técnicas para design, desenvolvimento de sistemas
que usam a identidade como forma de autenticação.","Unidade 1:
Introduction to identity security; image acquisition, quantisation and
representation; Patterns and pattern classification, and the role of
classification in a variety of application scenarios, including
security and biometrics. Basic concepts: pattern descriptors, pattern
classes; invariance and normalisation. Feature-based analysis. Texture
analysis. The classification problem and formal approaches. Basic
decision theory and the Bayesian classifier. Cost and risk and their
relationship; rejection margin and error-rate trade-off. Practical
case studies.

Unidade 2:
Fundamentals of Biometric Systems: Biometrics and biometrics systems;
Biometric modalities; Components of a biometric system; Biometrics
sample acquisition, transformation, & normalisation; Introduction to
characteristics of some specific key modalities including face
recognition, iris recognition, handwritten signature verification,
fingerprint processing; Errors, error sources, and error handling in
identification systems; Concept of multimodal systems: accuracy,
flexibility, usability, inclusion and exception handling.
Characterising human behaviour in biometrics-based systems.
Relationships with image and signal processing and pattern recognition
techniques.

Unidade 3:
Trust, Security and Privacy Management. Social issues, privacy, and
trust. Implementation of biometric systems. Examples of systems using
the major modalities. Analysis of modality specific features and
feature extraction, selection and classification strategies. State of
the art in sensor technologies; Spoofing and counter-measures. Digital
rights management. The legal and privacy issues associated with
information management. Investigation of how security has already been
inbuilt into some existing applications.
",,,2019.0,2.0,Presencial,
26906,DISCIPLINA,DIM0030,G,SEGURANCA DE DADOS,DEPARTAMENTO DE INFORMÁTICA E MATEMÁTICA APLICADA,30,30,0,60,60,0,20,False,3.0,,,,,,,,,,,,,Presencial,
26921,DISCIPLINA,DIM0096,G,TOPICOS ESPECIAIS EM COMPUTACAO VII,DEPARTAMENTO DE INFORMÁTICA E MATEMÁTICA APLICADA,60,0,0,60,0,0,20,True,3.0,,,,,"Este componente cobre temas de Computação não contemplados em
outros componentes curriculares, podendo variar a cada oferta de turma.
A área de Computação é extremamente dinâmica e requer que, além de
um conjunto fixo de componentes obrigatórios e optativos com ementa
pré-definida, se tenha a flexibilidade de oferecer ao aluno exposição a
temas inovadores e de tendências atuais que, mais tarde, após algum
amadurecimento, podem vir a ser introduzidos como componentes
optativos. Para permitir que o aluno participe de turmas de diferentes
temas, no mesmo ou em diferentes semestres, é necessário termos um
conjunto de códigos para que temas diferentes sejam oferecidos com
códigos diferentes pela coordenação do curso de forma rotativa ao longo
do tempo. Este é o segundo componente de 60 horas-aula desta sequência.
",,"Será cadastrado Posteriormente.
Será cadastrado Posteriormente.
Será cadastrado Posteriormente.
Será cadastrado Posteriormente.
","Obs: As aulas serão em inglês!
-------------------------------------------------------------
Introduction to functional programming with OCaml

* Introduction to the OCaml language: base types, functions, tuples,
records, algebraic data types, modules. polymorphism and generic
functions.

* Theoretical aspects of functional programming: logic (inference
rules & proofs), lambda-calculus, formal semantics, typing (symple
types, type inference, Curry-Howard isomorphism).

* Functional (aka persistent) data structures: lists, trees, maps --
binary search trees, red-black trees, splay trees, zippers and tree
traversals,

* Real-world use case (theoretical aspects) : building an interpreter
 using OCaml (basic features: lexer, parser, AST)

* Advanced topics: garbage collection, lazines, monads, ....)
",,,2020.0,1.0,Presencial,
26923,DISCIPLINA,DIM0098,G,TOPICOS ESPECIAIS EM COMPUTACAO IX,DEPARTAMENTO DE INFORMÁTICA E MATEMÁTICA APLICADA,60,0,0,60,0,0,20,True,3.0,,,,,"Este componente cobre temas de Computação não contemplados em
outros componentes curriculares, podendo variar a cada oferta de turma.
A área de Computação é extremamente dinâmica e requer que, além de
um conjunto fixo de componentes obrigatórios e optativos com ementa
pré-definida, se tenha a flexibilidade de oferecer ao aluno exposição a
temas inovadores e de tendências atuais que, mais tarde, após algum
amadurecimento, podem vir a ser introduzidos como componentes
optativos. Para permitir que o aluno participe de turmas de diferentes
temas, no mesmo ou em diferentes semestres, é necessário termos um
conjunto de códigos para que temas diferentes sejam oferecidos com
códigos diferentes pela coordenação do curso de forma rotativa ao longo
do tempo. Este é o quarto componente de 60 horas-aula desta sequência.",,"Geral: Discutir os aspectos te&#769;cnicos e cienti&#769;ficos com respeito as redes mo&#769;veis e o modelo de mobilidade IP 

Especi&#769;ficos

      Discutir sucintamente as principais tecnologias mo&#769;veis existentes.
      Discutir a computac&#807;a&#771;o mo&#769;vel em seu maior escopo de aplicac&#807;o&#771;es.
      Discutir limitac&#807;o&#771;es, desafios e tende&#770;ncias
      Discutir IP mo&#769;vel e IEEE 802.21
","A disciplina conta com duas partes principais:

Parte 1 - Computac&#807;a&#771;o mo&#769;vel: Inclui abordar conteúdo relacionado a transmissão de sinal em ambiente sem fio, principais padrões de redes sem fio (802.11/Wifi, 802.16/WiMax, 802.15.4, e LTE), funções de gerenciamento do meio sem fio, segurança em meio sem fio, Qualidade de Serviço/Experiência.

Parte 2 - Mobilidade: Introdução a mobilidade, necessidades, gerenciamento e controle de mobilidade IP, métodos de mudança de ponto de acesso (soft-handover, hard-handover, etc.), padrões de controle (IEEE 802.21 e Redes sem Fio Definidas por Software - OpenFlow).

",,,2020.0,2.0,Presencial,
26924,DISCIPLINA,DIM0099,G,TOPICOS ESPECIAIS EM COMPUTACAO X,DEPARTAMENTO DE INFORMÁTICA E MATEMÁTICA APLICADA,60,0,0,60,0,0,20,True,3.0,,,,,"Este componente cobre temas de Computação não contemplados em
outros componentes curriculares, podendo variar a cada oferta de turma.
A área de Computação é extremamente dinâmica e requer que, além de
um conjunto fixo de componentes obrigatórios e optativos com ementa
pré-definida, se tenha a flexibilidade de oferecer ao aluno exposição a
temas inovadores e de tendências atuais que, mais tarde, após algum
amadurecimento, podem vir a ser introduzidos como componentes
optativos. Para permitir que o aluno participe de turmas de diferentes
temas, no mesmo ou em diferentes semestres, é necessário termos um
conjunto de códigos para que temas diferentes sejam oferecidos com
códigos diferentes pela coordenação do curso de forma rotativa ao longo
do tempo. Este é o quinto componente de 60 horas-aula desta sequência., de acordo com o tópico escolhido",,"Apresentar os fundamentos da complexidade computacional de problemas. Abordar alguns problemas intratáveis de diversas categorias, segundo uma metodologia que inclui a caracterização da complexidade do problema, aplicações, relação entre problemas reais e problemas da literatura, variantes, restrições e simplificações eficientemente implementáveis, heurísticas e algoritmos de implementação, conforme disponível na litearatura atual. Desenvolver nos alunos a capacidade de análise de problemas computacionais. Abordar alguns tópicos atuais de complexidade.
","Máquinas e modelos de computação, Problemas, Complexidade de Algoritmos e de Problemas.
Problemas tratáveis e intratáveis e implementação por força bruta.
Redução polinomial e Classes de Complexidade Básicas.
Problemas Difíceis de várias áreas: para cada problema pode-se abordar definição geral do problema, aplicações, status-quo atual, variantes e simplificações polinomiais, alternativas eficientes de implementação aproximadas.
O que há além das Classes de Complexidade Básicas 
",,,2020.0,2.0,Presencial,
26925,DISCIPLINA,DIM0100,G,ANALISES DE SINAIS E SISTEMA,DEPARTAMENTO DE INFORMÁTICA E MATEMÁTICA APLICADA,60,0,0,60,60,0,20,False,3.0,,,,,,,,,,,,,Presencial,
26926,DISCIPLINA,DIM0101,G,CIRCUITOS LOGICOS,DEPARTAMENTO DE INFORMÁTICA E MATEMÁTICA APLICADA,60,0,0,60,60,0,20,False,3.0,"Avaliação: 

Serão realizadas três avaliações. As duas primeiras serão constituídas de trabalho prática, com peso 4 e prova teórica escrita com peso 6. A terceira avaliação será constituída de um trabalho prático realizado em conjunto com a terceira avaliação da disciplina laboratório de circuitos lógicos, com peso 8 e seu relatório com peso 2.
",,,,,,"Objetivos:

Capacitar o aluno a analisar e sintetizar circuitos lógicos combinacionais e seqüenciais, bem como descreve-los em uma linguagem de descrição de hardware.","Conteúdo (programa): 

	Introdução aos circuitos elétricos. Conceito de circuitos digitais. Diagrama de tempo. Junção PN
	Introdução aos Sistemas Digitais. Variáveis analógicas e variáveis discretas. Conceito e exemplos de sistemas digitais. Visões do projeto e níveis de abstração 
	Álgebra Booleana e Circuitos Lógicos. Funções lógicas e portas lógicas, representações canônicas: somas de produtos e produtos de somas. Circuitos lógicos de dois níveis. Exercícios
	Propriedades e teoremas da álgebra Booleana, minimização algébrica, mapas de Karnaugh.
	Minimização com mapas de Karnaugh: funções de 3 variáveis. Cobertura para soma de produtos: circuitos e custos. Cobertura para produto de somas: circuitos e custos. Exercícios.
	Minimização com mapas de Karnaugh: funções de 4 variáveis. Cobertura para soma de produtos: circuitos e custos. Exercícios.
	Minimização com mapas de Karnaugh: funções de 4 variáveis. Cobertura para produto de somas: circuitos e custos. Exercícios. Funções Incompletamente Especificadas (exploração de dont cares)
	Circuitos (Máquinas) combinacionais. Circuitos de Interconexão: seletores (multiplexadores) e decodificadores. Exercícios.
	Circuitos aritméticos: revisão da adição binária , o meio somador (half-adder) e o somador completo (full-adder). O somador binário ripple-carry.
	Implementação de circuitos lógicos. Noções sobre a tecnologia MOS. Transistores NMOS e PMOS: funcionamento simplificado. Estrutura e funcionamento dinâmico simplificado de portas lógicas NMOS, PMOS e CMOS estáticas. Análise da evolução da tecnologia MOS: aspectos da fabricação e consumo de energia.
	Comportamento dinâmico simplificado de portas lógicas CMOS estáticas: atraso de propagação, formas de onda e diagramas de tempo.
	Mapeamento tecnológico de funções Booleanas.
	Circuitos de Interconexão: decodificadores e codificadores.
	Circuitos aritméticos: o meio somador (half-adder) e o somador completo (full-adder). O somador binário ripple-carry.
	Somador para números com sinal e overflow. O somador-subtrator (para números binários em complemento de 2).
	Arquiteturas de Somadores Rápidos.
	Multiplicação Binária e o Circuito Multiplicador Matricial. O Deslocador. Projeto de uma ULA Completa.
	Uso de ferramentas para descrição Síntese e simulação com VHDL: descrição e simulação de um operador aritmético.
	Circuitos Seqüenciais. Estrutura, funcionamento dinâmico e aplicações de latches SR, SR controlado e D. Exercícios.
	Estrutura, funcionamento dinâmico e aplicações de flip-flops D mestre-escravo, D (disparado pela borda), JK e T. Exercícios.
	Estrutura, funcionamento dinâmico e aplicações de registradores de armazenamento e registradores-deslocadores.
	Estrutura, funcionamento dinâmico e aplicações de registradores-contadores.
	Análise e projeto de máquinas de estados finitos (FSM): modelos de Mealy e Moore. Exercícios.
	Implementação de máquinas de estado com a linguagem VHDL
	PROJETO PRÁTICO
","Competências e habilidades: 

Ao final da disciplina o alunos será capaz de descrever circuitos lógicos utilizando uma linguagem de descrição de hardware e será capaz de analisar e sintetizar circuitos lógicos seqüenciais ou combinacionais e expressões booleanas.","Referências:

[1] BROWN, Stephen; VRANESIC, Zvonko. Fundamentals of Digital Logic With VHDL Design. New York: McGraw Hill, 2004. (2a edição).",2008.0,2.0,Presencial,
26927,DISCIPLINA,DIM0130,G,INTRODUCAO A INFORMATICA,DEPARTAMENTO DE INFORMÁTICA E MATEMÁTICA APLICADA,30,30,0,60,0,0,20,False,3.0,,,,,"O computador; sistemas operacionais; outros softwares básicos,
softwares de suporte e aplicativos com áreas de abordagem; microinformática; noções de redes; introdução aos softwares básicos, de
suporte e aplicativos que estejam sendo mais utilizados no mercado e
disponíveis na UFRN.
",,,,,,,,Presencial,
26928,DISCIPLINA,DIM0311,G,TOPICOS ESPECIAIS EM ENGENHARIA DE COMPUTACAO I,DEPARTAMENTO DE INFORMÁTICA E MATEMÁTICA APLICADA,30,0,0,30,0,0,20,False,3.0,,,,,"Estudo de problemas especiais em Engenharia de Computação. O programa
será determinado pelo professor que ministrar o curso, definindo os prérequisitos necessários.",,,,,,,,Presencial,
26929,DISCIPLINA,DIM0312,G,TOPICOS ESPECIAIS EM ENGENHARIA DE COMPUTACAO II,DEPARTAMENTO DE INFORMÁTICA E MATEMÁTICA APLICADA,60,0,0,60,0,0,20,False,3.0,,,,,"Estudo de problemas especiais em Engenharia de Computação. O programa
será determinado pelo professor que ministrar o curso, definindo os pré-requisitos necessários.",,,,,,,,Presencial,
26930,DISCIPLINA,DIM0333,G,ELEM.DE PESQ.OPER.APLIC. A INDUST.DO PETROLEO,DEPARTAMENTO DE INFORMÁTICA E MATEMÁTICA APLICADA,60,0,0,60,0,0,20,False,3.0,,,( IMD0029 OU DIM0119 ) ,,"Conceitos básicos em Pesquisa Operacional. Modelagem Matemática,
Programação Dinâmica, Algoritmo Primal SIMPLEX. Algoritmo Dual
SIMPLEX. Métodos Heurísticos e Metaheurísticos de Solução de
Problemas. O problema do transporte de óleo e gás. O problema da
mistura ótima de óleos. O problema de localização de poços
terrestres. O problema de explotação de petróleo em solo oceânico:
localização de poços, manifolds e plataformas. O problema da
programação da tripulação de plataformas. Outros problemas de P.O.
aplicados à Indústria do Petróleo.",,"Objetivo:
Desenvolver habilidades de modelagem quantitativa para a solução de problemas combinatórios aplicados à área do petróleo e gás. 
Adquirir competência para programar o Algoritmo Simplex segundo o método das duas fases. 
Adquirir competência para encaminhar solução exata ou heurística para a solução de problemas específicos do petróleo e gás. 
","Programa:
Aula 01 - Princípios do Processo de Modelagem. Conceito Intuitivo de Modelo. Desdobramento do Conceito - Tratamento da Eficiência. Desdobramento do Conceito - Tratamento da Complexidade	

Aula 02 - O Meta-Modelo Sistêmico, Conceito de Sistema, Modelos de Otimização, O Contexto dos Modelos de Otimização. Conceitos em Teoria da Similaridade de Modelos

Aula 03 - Classificação de Modelos. O Processo de Modelagem. Passos para a Modelagem. Padrões para Construção de Modelos de Otimização. Modelagem Matemática.  Fundamentos da Modelagem Matemática

Aula 04 - As Situações de Tomadas de Decisão e o Contexto da Programação Matemática. Características dos Modelos de Programação Matemática. Dificuldades de Representação na Modelagem Matemática.  Outras Técnicas para a Solução de Sistemas de Tomada de Decisão

Aula 05 - O Papel dos Modelos Quantitativos Dentro da Gestão Moderna. O Problema da Gestão em um Mundo em Crise. O Dilema Competitividade x Vivacidade. Os Modelos Quantitativos e a Vivacidade.  Conclusão.
Aula 06 - O Papel dos Modelos Quantitativos dentro da tomada de decisão na Área do Petróleo. Exemplos.

Aula 07 - Modelos de Programação Linear. Características do Modelo de Programação. Linear. Formulações Equivalentes. Características do Modelo de Programação Linear.					
Aula 08 - Formulações Equivalentes. Modelando Problemas Através da Programação Linear. Passos para a formulação de um PPL Modelagem de problemas com uma variável de decisão. O problema da mistura de petróleo em refinarias. Exercícios.

Aula 09 - Modelagem de problemas com duas variáveis de decisão. O caso linear do fluxo de petróleo. Movimentação de petróleo em plantas de refino. Exercícios.

Aula 10 - Otimização de mistura de derivados de petróleo. O Problema da programação de tripulações em plataforma marítima. Exercícios.

Aula 11 - Primeira Avaliação Assunto: Modelagem Quantitativa

Aula 12 - Solução Exata para os Modelos de PL Solução Gráfica

Aula 13 - Fundamentos Teóricos do Simplex	

Aula 14 - O Algoritmo Primal Simplex.  A Visão Geral do Algoritmo. Um exemplo de solução aplicado à mistura de petróleo.

Aula 15: O Critério de Melhoria de uma Solução Básica. O Quadro Simplex.  Um Exemplo Numérico.

Aula 16 - Exercícios de mudança de base

Aula 17 - O Caso em que a base viável inicial não está disponível

Aula 18 - Casos Especiais para o Simplex. Degeneração e Ciclagem. Múltiplas Soluções Ótimas	. 

Aula 19 - Exercícios

Aula 20 - Segunda Avaliação - Assunto: Solução de Modelos Lineares via Algoritmo Simplex

Aula 21 - Características dos Modelos Lineares de Programação Inteira. Exemplos de Modelagem de PPL Inteiros na área do petróleo. Sistemas de estocagem de derivados de petróleo. Otimização de sistemas de transporte de petróleo em frota de petroleiros. 

Aula 22 - Introdução à Programação Heurística. A importância da Programação Heurística para a àrea do petróleo.

Aula 23 - Métodos de Solução Exata Para a Programação Inteira. Uma Visão Geral. Programação Dinâmica.

Aula 24 - O Problema de Localização de Manifolds em Solo Oceânico.

Aula 25 - O Problema do Passeio do Pistoneio e das Sondas de Intervenção em poços.

Aula 26 - O Problema do Gás lift. Otimização da programação de equipamentos de perfuração de poços. 

Aula 27 - Programação de Malhas de Distribuição de Gás

Aula 28  Problemas de Co-geração de energia.

Aula 29 - Sistemas de Transporte e Distribuição de Combustível. Sistemas fixos de distribuição de Gás. Projeto e otimização do emprego de frotas de caminhões para transporte de gás.

Aula 30 - Terceira Avaliação - Assunto: Solução de Modelos de Programação Inteira Aplicados à Explotação, Transporte e  Refino de Petróleo

",,,2021.0,1.0,Presencial,
26931,DISCIPLINA,DIM0340,G,FORMACAO HUMANISTICA EM COMPUTACAO,DEPARTAMENTO DE INFORMÁTICA E MATEMÁTICA APLICADA,30,0,0,30,30,0,20,False,3.0,"avaliação 

Exercícios práticos em sala ou em casa 
Elaboração e apresentação de um plano de negócios 
Freqüência e participação nas atividades. 
",,,,"O propósito deste curso é conscientizar os estudantes de alguns dos problemas que surgem, para o indivíduo e sociedade, com a introdução dos computadores digitais. Espera-se, ainda, que o curso ajude os estudantes a tomarem ciência de suas futuras responsabilidades como profissionais em computação.",,"objetivos - Despertar nos alunos a consciência empreendedora e o potencial 
para empreender. Enfatizar as diferenças entre trabalho e emprego formal. 
Avaliar aptidões e características desejáveis em candidatos a empreendedor. 
Despertar a criatividade e a auto-estima do aluno. Capacitar o aluno a 
desenvolver e apresentar um plano de negócio a partir de uma idéia. 

","conteúdo (programa) 

1.     Idéias de empresas e suas fontes: pesquisas acadêmicas, viagens, novas 
tecnologias, necessidades especiais, etc. 
2.     Empresas emergentes: caracterização, contexto e dificuldades. 
3.     Plano de negócio simplificado: técnicas para elaboração de um plano de 
negócio inicial. 
4.     Importância do auto-conhecimento do empreendedor: a empresa emergente é a 
imagem do empreendedor líder. 
5.     Características do empreendedor: qualidades principais observadas em 
pessoas que criaram empresas ou desenvolveram idéias inovadoras em empresas. 
6.     Paradigmas e sua importância para o empreendedorismo: o conceito de 
paradigma, aplicações na compreensão de conceitos, o perigo da paralisia de 
paradigma. 
7.     Criatividade e inovação na gestão e criação de empresas: técnicas para 
desenvolver a criatividade, evolução das idéias inovadoras e suas aplicações 
no movimento empreendedor. 
8.     Teoria visionária de L. J. Filion e sua aplicação na formação de 
empreendedores: visão central, visões emergentes, interação visão - relações. 
9.     Importância da rede de relações para a criação e gestão de empresas: 
criando uma rede de relações e utilizando-a para impulsionar a empresa. 
10.     Princípios de marketing para empresas emergentes: mercado, necessidades 
dos clientes, formas de atendimento, concorrência. 
11.     Planejamento financeiro nas empresas emergentes: receitas, despesas fixas 
e variáveis, fluxo de caixa. 
12.     Sistemas de suporte para empresas em formação: SEBRAE, IEL, Associações de 
classe, incubadoras, etc. 
13.     Depoimentos de empreendedores como forma de aprendizagem do processo 
empreendedor: experiências, sucessos, fracassos, sociedade, concorrência, etc. 
14.     Métodos para avaliação de idéias de negócios: questionários, 
auto-avaliação, benchmark, etc. 
15.     Apresentação de planos de negócios pelas empresas emergentes formadas na 
disciplina 
","competências e habilidades 

Descoberta de oportunidades(busca de idéias de negócios na área de 
informática); planejamento, elaboração e apresentação de projetos (planos de 
negócios) 
","bibliografia 

Livro Texto: 
-     MASIERO, P. C  Ética em Computação, Editora da USP, 2000. 
-     Artigos 
",2009.0,1.0,Presencial,
26932,DISCIPLINA,DIM0351,G,PLANEJAMENTO E CONTROLE DE PROJETOS,DEPARTAMENTO DE INFORMÁTICA E MATEMÁTICA APLICADA,60,0,0,60,60,0,20,False,3.0,,,,,,,,,,,,,Presencial,
26933,DISCIPLINA,DIM0358,G,PRINCIPIOS DA INFORMATICA,DEPARTAMENTO DE INFORMÁTICA E MATEMÁTICA APLICADA,60,0,0,60,60,0,20,False,3.0,,,,,,,,,,,,,Presencial,
40134,DISCIPLINA,DIM0443,G,INTERACAO HUMANO-COMPUTADOR,DEPARTAMENTO DE INFORMÁTICA E MATEMÁTICA APLICADA,45,15,0,60,0,0,20,False,3.0,,,( DIM0138 OU DIM0600 OU DIM0506 OU DIM0060 OU DIM0433 OU DIM0322 OU DIM0162 OU DCA3603 OU DCA0205 ) ,,"Conceitos básicos: interação e interfaces de usuário, usabilidade, focos da área de IHC, multidisciplinaridade. As-pectos humanos: percepção visual e auditiva, memória, controle motor, foco e atenção. Ciências cognitivas apli-cadas a IHC. Engenharia semiótica. Análise de tarefas. Análise de usuários. Métodos e técnicas de avaliação de usabilidade: métodos de inspeção de interfaces (avaliação heurística), testes de usabilidade, avaliação qualitativa, teste de comunicabilidade.",,"Apresentar os conceitos basicos da area de Interface Humano Computador (IHC), e a importancia das tecnicas de ICH para a construcao das interfaces de sistemas computacionais. ","Programa 
1.	Introdução
a.	Conceitos básicos: Interfaces de Usuário, Usabilidade, Interatividade, Comunicabilidade.
b.	A área de IHC e as disciplinas associadas. Abordagens e perspectivas para IHC: experimental, ergonômica, cognitiva, semiótica.
c.	Estilos de interfaces e de interação: TUI, GUI, WUI, MUI, UUI
2.	Fundamentos
a.	Engenharia cognitiva: modelo de Norman
b.	Engenharia semiótica: comunicação designer-usuário
c.	Modelos cognitivos
d.	Percepção visual e auditiva
e.	Memória, Controle Motor, Foco e Atenção 
f.	Ciência Cognitiva 
g.	Semiótica 
3.	Design de IHC
a.	A atividade, o processo e os recursos para design 
b.	Princípios, diretrizes, normas e padrões de design
c.	Análise de usuários: papéis e perfis de usuário
d.	Análise de tarefas e modelagem de tarefas: GOMS, HTA, CTT, Cenários, Questionamento Sistemático, Métricas para análise de tarefas 
e.	Modelagem em IHC 
f.	Design conceitual
g.	Estilos e padrões de interface e interação: arquitetura, layout, diálogo, menus, cores e fontes
4.	Métodos e Técnicas de Avaliação de IHC
a.	Categorias e focos de avaliação
b.	Avaliações por inspeção
c.	Avaliações experimentais: testes em laboratório e em campo
d.	Questionários e pesquisas de campo
5.	Tecnologias de IU
a.	Tecnologias de IU: Histórico 
b.	Tecnologias de Hardware 
c.	Tecnologias de IU gráficas (GUI) 
d.	Tecnologias de IU para sistemas Web (WUI) 
e.	Tecnologias de IU para dispositivos Móveis (MUI) 
f.	Tecnologias de IU em computação Ubíqua (UUI
",,,2024.0,1.0,Presencial,
40135,DISCIPLINA,DIM0444,G,PROGRAMACAO DISTRIBUIDA,DEPARTAMENTO DE INFORMÁTICA E MATEMÁTICA APLICADA,60,0,0,60,0,0,20,False,3.0,,( DIM0502 ) ,( DIM0438 OU DIM0061 OU DCA0113 OU DCA0450 ) ,,X,,,,,,,,Presencial,
40136,DISCIPLINA,DIM0445,G,COMPUTABILIDADE,DEPARTAMENTO DE INFORMÁTICA E MATEMÁTICA APLICADA,60,0,0,60,0,0,20,False,3.0,,,DIM0606 E ( DIM0157 OU DIM0601 OU DIM0610 ) ,,Máquinas de Turing. Funções Recursivas Parciais. Outros modelos de Computação Turing-equivalentes. Tese de Church-Turing. Enumeração de Gödel e programas universais. Decidibilidade Hiper-computabilidade.,,Este conteúdo será definido pelo professor de acordo com o PPP e detalhado  no primeiro dia de aula,Este conteúdo será definido pelo professor de acordo com o PPP e detalhado  no primeiro dia de aula,Este conteúdo será definido pelo professor de acordo com o PPP e detalhado  no primeiro dia de aula,,2014.0,2.0,Presencial,
26922,DISCIPLINA,DIM0097,G,TOPICOS ESPECIAIS EM COMPUTACAO VIII,DEPARTAMENTO DE INFORMÁTICA E MATEMÁTICA APLICADA,60,0,0,60,0,0,20,True,3.0,,,,,"Este componente cobre temas de Computação não contemplados em
outros componentes curriculares, podendo variar a cada oferta de turma.
A área de Computação é extremamente dinâmica e requer que, além de
um conjunto fixo de componentes obrigatórios e optativos com ementa
pré-definida, se tenha a flexibilidade de oferecer ao aluno exposição a
temas inovadores e de tendências atuais que, mais tarde, após algum
amadurecimento, podem vir a ser introduzidos como componentes
optativos. Para permitir que o aluno participe de turmas de diferentes
temas, no mesmo ou em diferentes semestres, é necessário termos um
conjunto de códigos para que temas diferentes sejam oferecidos com
códigos diferentes pela coordenação do curso de forma rotativa ao longo
do tempo. Este é o terceiro componente de 60 horas-aula desta sequência.",,"Programação Linear.
Programação Linear.
Programação Linear.
Programação Linear.
Programação Linear.
Programação Linear.","Programação Linear.
Programação Linear.
Programação Linear.
Programação Linear.
Programação Linear.
Programação Linear.",,,2020.0,1.0,Presencial,
26905,DISCIPLINA,DIM0028,G,TEORIA DOS GRAFOS E APLICACOES,DEPARTAMENTO DE INFORMÁTICA E MATEMÁTICA APLICADA,30,30,0,60,0,0,20,False,3.0,,,,,"Definições e representações de grafos. Conectividade. Grafos Eurelianos e
Hamiltonianos. Árvores. Caminho mais curto. Fluxo em redes.
",,,,,,,,Presencial,
26904,DISCIPLINA,DIM0024,G,SEMINARIO DE COMPUTACAO,DEPARTAMENTO DE INFORMÁTICA E MATEMÁTICA APLICADA,30,0,0,30,30,0,20,False,3.0,,,,,,,A definir,A definir,,,2024.0,2.0,Presencial,
26903,DISCIPLINA,DIM0019,G,ADMINISTRACAO DE CPD,DEPARTAMENTO DE INFORMÁTICA E MATEMÁTICA APLICADA,15,15,0,30,30,0,20,False,3.0,,,,,,,,,,,,,Presencial,
23558,DISCIPLINA,DIM0404,G,CALCULO NUMERICO PARA CIENCIA DA COMPUTACAO,DEPARTAMENTO DE INFORMÁTICA E MATEMÁTICA APLICADA,60,0,0,60,0,0,20,False,3.0,,( DIM0040 ) ,( MAT0312 OU MAT0346 OU MAT0031 ) E ( MAT0343 OU MAT0309 OU MAT0319 OU MAT0421 ) ,,"Representação de sistemas numéricos e erros. Aritmética em diferentes bases. Erros em processos numéricos. Erros absolutos e relativos. Sistemas de equações lineares, resoluções de métodos diretos e iterativos. Equações algébricas e transcendentes. Interpolação. Integração numérica. Ajuste de curvas por mínimos quadrados. Aplicações numéricas em uma linguagem de programação.",,"Objetivo:
	A disciplina Cálculo Numérico, visa oferecer métodos e técnicas computáveis, para os mais variados tipos de problemas, para os quais das áreas de engenharias, física,matemática e economia, precisam ter respostas com qualidade. Estes problemas estão relacionados na resolução de sistema de equações algébricas e transcendentes, interpolação, integração numéricas e ajuste de curvas. Em todos os tópicos abordados exige uma avaliação qualitativa.","CONTEÚDO PROGRAMÁTICO

	  1- Sistemas Numérico e erros
	Representação de inteiros e frações.
	Conversão de bases.
	Erros.

	2- Sistema Lineares
	Introdução.
	Classificação quanto ao número de soluções.
	Métodos diretos e iterativos:
		Guass, pivotação completo, parcial, Guass-Seidel.
	Sistema de equações lineares complexos.
	Noções de mal-condicionamento.

	3- Equações Algébricas e Transcendentes
		Introdução
		Isolamento de raízes de equações transcendentes
		Métodos: Bisseção, Corda, Newton, Iteração Linear e outros.
		Aplicações.

	4  Interpolação
 		Conceito
		Interpolação Linear, Quadrática
		Interpolação de Lagrange
		Diferenças Divididas
		Fórmula de Newton para diferenças divididas
		Interpolação diferenças finitas
		Fórmula de Gregory-Newton
		Aplicações.

	5- Integração Numérica
		Conceito
		Regra dos Trapézios
		Fórmula Composta
		Primeira e Segunda Regra de Simpsom
		Extrapolação de Richardson
		Quadratura Gaussiana
		Aplicações.

	6- Ajuste de curvas pelo método dos mínimos quadrados
		Conceito
		Método dos Quadrados Mínimos, discreto e continuo
		Aplicações. 

",,,2024.0,1.0,Presencial,
23560,DISCIPLINA,DIM0305,G,PROGRAMACAO MATEMATICA,DEPARTAMENTO DE INFORMÁTICA E MATEMÁTICA APLICADA,30,30,0,60,60,0,20,False,3.0,"Englobando as seguintes dimensões:
1.	A dos conceitos adquiridos 
2.	A da capacidade de aplicação dos conceitos adquiridos
3.	A da capacidade de generalização dos conceitos adquiridos
4.	A da capacidade de elaborar novo conhecimento a partir dos conceitos adquiridos
5.	A da capacidade de avaliar seu próprio desempenho nas tarefas anteriores, produzindo mudanças de estratégias para a solução de problemas de aplicação. 

Será realizada através de dois instrumentos:

1.	Uma prova escrita
2.	Um Trabalho prático de aplicação direta de conceitos adquiridos
3.	Um Trabalho prático de elaboração sobre conceitos adquiridos e geração de novos tipos de conhecimento com base experimental
",( DIM0006 OU DIM0088 ) OU ( DIM0343 ) OU ( DIM0042 ) ,( ( MAT0313 OU MAT0064 OU MAT0231 OU MAT0343 ) ) ,,Modelagem matemática. Modelos lineares. Aplicações dos modelos lineares. Modelos de programação não-linear. Aplicações dos modelos não-lineares. O algoritmo prinal simplex. O algoritmo simplex revisado. Introdução à teoria da dualidade. O Algoritmo dual simplex. Fundamentos da programação dinâmica. Aplicações de modelo de programação dinâmica.,,"Desenvolver habilidades de modelagem quantitativa para a solução de problemas de programação Linear. 
Adquirir competência para programar o Algoritmo Simplex segundo o método das duas fases. 
Adquirir competência para encaminhar solução exata ou heurística para a solução de Problemas de Aplicação da Programação Linear.
","Aula 01 - Princípios do Processo de Modelagem. Conceito Intuitivo de Modelo. Desdobramento do Conceito - Tratamento da Eficiência. Desdobramento do Conceito - Tratamento da Complexidade.

Aula 02 - O Meta-Modelo Sistêmico, Conceito de Sistema, Modelos de Otimização, O Contexto dos Modelos de Otimização. Conceitos em Teoria da Similaridade de Modelos

Aula 03 - Classificação de Modelos. O Processo de Modelagem. Passos para a Modelagem. Padrões para Construção de Modelos de Otimização. Modelagem Matemática.  Fundamentos da Modelagem Matemática

Aula 04 - As Situações de Tomadas de Decisão e o Contexto da Programação Matemática. Características dos Modelos de Programação Matemática. Dificuldades de Representação na Modelagem Matemática.  Outras Técnicas para a Solução de Sistemas de Tomada de Decisão

Aula 05 - O Papel dos Modelos Quantitativos Dentro da Gestão Moderna. O Problema da Gestão em um Mundo em Crise. O Dilema Competitividade x Vivacidade. Os Modelos Quantitativos e a Vivacidade.  Conclusão.

Aula 06 - Modelos de Programação Linear. Características do Modelo de Programação. Linear. Formulações Equivalentes. Características do Modelo de Programação Linear.	

Aula 07 - Modelos de Programação não Linear. Características do Modelo de Programação Não Linear. Formulações Equivalentes. 
					
Aula 08 - Modelando Problemas Através da Programação Linear. Passos para a formulação de um PPL Modelagem de problemas com uma variável de decisão. O problema da mistura de petróleo em refinarias. Exercícios.

Aula 09 - Modelagem de problemas com duas variáveis de decisão. O caso linear e não linear do fluxo de petróleo. Movimentação de petróleo em plantas de refino: caso não linear. Exercícios.

Aula 10 - Otimização de Cortes. O Problema da programação de tripulações. O Problema do Layout de Placas de Circuitos. Exercícios.

Aula 11 - Primeira Avaliação Assunto: Modelagem Quantitativa

Aula 12 - Solução Exata para os Modelos de PL Solução Gráfica

Aula 13 - Fundamentos Teóricos do Simplex	

Aula 14 - O Algoritmo Primal Simplex.  A Visão Geral do Algoritmo. Um exemplo de solução aplicado à mistura de petróleo.

Aula 15: O Critério de Melhoria de uma Solução Básica. O Quadro Simplex.  Um Exemplo Numérico.

Aula 16 - Exercícios de mudança de base

Aula 17 - O Caso em que a base viável inicial não está disponível

Aula 18 - Casos Especiais para o Simplex. Degeneração e Ciclagem. Múltiplas Soluções Ótimas	. 

Aula 19 - Exercícios

Aula 20 - Segunda Avaliação - Assunto: Solução de Modelos Lineares via Algoritmo Simplex

Aula 21  O Algoritmo Dual Simplex.

Aula 22  Exercícios do Algoritmo Dual Simplex

Aula 23  Algoritmo Primal / Dual Simplex

Aula 24  Exercícios do Algoritmo Primal / Dual Simplex

Aula 25  Algoritmo de Pontos Interiores. Noções Básicas. Método de Newton.

Aula 26  Algoritmo de Ponto Interiores: Exercício.

Aula 27  Algoritmos Aproximativos na Solução de Modelos de Programação Linear e Não Linear.

Aula 28  Metaheurísticas na Solução de Modelos de Programação Linear e Não Linear  Algoritmos Genéticos.

Aula 29 - Metaheurísticas na Solução de Modelos de Programação Linear e Não Linear  Algoritmos de Busca em Vizinhamça Variável.

Aula 30 - Terceira Avaliação - Assunto: Solução de Modelos de Aplicação em Programação Linear ou Não Linear.

","Habilidades de modelagem e solução de Problemas de programação Linear.
Competência para a programação de algoritmos para solução de problemas de programação matemática em geral.
","[01] Goldbarg, M. C. & H. L. L. Pacca, (2000), Otimização Combinatória e Programação Linear:         Modelos e Algoritmos, Campus edt. 
[02] Glover, Fred W.; Kochenberger, Gary A. (Eds) (2003) Handbook of Metaheuristics, Series: 
        International Series in Operations Research & Management Science , Vol. 57.
[03] Zbigniew Michalewicz & David B. Fogel, (2004), How to Solve It: Modern Heuristics, Springer.
[04] Colin R. Reeves, (1993), Modern heuristic techniques for combinatorial problems, John Wiley & Sons, Inc.  
[05] Goldbarg, M. C. (2006). Notas de Aula.
[06] Pardalos, P. M.  & M. G. C. Resende, (2002), Handbook of Applied Optimization, Oxford University Press.
[07] Mateus, G. R. & Luna, H. P. L. ''Programação Não-Linear``, Livro da V Escola de Computação, Belo Horizonte, 1986
",2008.0,2.0,Presencial,
24755,DISCIPLINA,DIM0002,G,INTRODUCAO AOS MICROCOMPUTADORES,DEPARTAMENTO DE INFORMÁTICA E MATEMÁTICA APLICADA,30,30,0,60,0,0,20,False,3.0,,( CEA0082 OU DIM0103 OU DIM0039 OU ADM0502 ) ,,,"Visão geral; conceitos (revisão); evolução; operação do equipamento;
sistemas operacionais padrão; CPM - Comandos e funções;
MS/DOS - Comandos e funções.",,,,,,,,Presencial,
24757,DISCIPLINA,DIM0038,G,PROGRAMACAO I,DEPARTAMENTO DE INFORMÁTICA E MATEMÁTICA APLICADA,15,30,0,45,0,0,20,False,3.0,,( CEA0088 ) OU ( DIM0103 ) OU ( DIM0320 ) ,,,"Computadores Digitais. Representação da Informação. Sistema Operacional.
Linguagens Avançadas de Programação. Algorítmos e Fluxogramas. Estudo de
uma Linguagem. Técnicas de Programação.",,,,,,,,Presencial,
24758,DISCIPLINA,DIM0039,G,INTRODUCAO AO PROCESSAMENTO DE DADOS,DEPARTAMENTO DE INFORMÁTICA E MATEMÁTICA APLICADA,45,15,0,60,0,0,20,False,3.0,,( CEA0089 ) OU ( DIM0002 ) OU ( DIM0103 ) ,,,"Conceitos básicos de sistemas de informações. Conceitos básicos de
processamento de dados. Aspectos de Hardware/Software como
meios de apoio aos
sistemas de informações. Introdução aos sistemas operacionais.
Tópicos de um sistema
operacional. Aplicativos para microcomputadores. Estudos básicos de
algumas ferramentas.",,,,,,,,Presencial,
25247,DISCIPLINA,DIM0320,G,ALGORITMO E PROGRAMACAO DE COMPUTADORES,DEPARTAMENTO DE INFORMÁTICA E MATEMÁTICA APLICADA,60,0,0,60,0,0,20,False,3.0,,( DIM0038 ) OU ( DCA0800 ) OU ( DEM0102 ) OU ( DEB1108 ) ,,,"DESCRIÇÃO DE ALGORÍTMOS.CONSTRUÇÃO DE ALGORÍTMOS.PROCEDIMENTOS E ALGORÍTMOSFUNDAMENTAIS DE SISTEMASCOMPUTACIONAIS. ESTUDO DOS
RECURSOS DE LINGUAGENS DEPROGRAMAÇÃO DE ALTO NÍVEL.
VARIÁVEIS, COMANDOS, DECLARAÇÕES, SUBPROGRAMAS. DESENVOLVIMENTO SISTEMÁTICO DE PROGRAMAS. INTRODUÇÃO A UMA LINGUAGEM DE PROGRAMAÇÃO ESTRUTURADA. APLICAÇÕES.",,"Desenvolver no aluno a capacidade de pensar computacionalmente, ler e escrever programas simples utilizando recursos básicos de linguagem de programação, e implementar computacionalmente a solução de problemas de baixa complexidade.

","Conteúdo transversal ao longo do componente: interpretação de problemas contextualizados para os cursos e modelagem de soluções computacionais.

Introdução ao computador e ferramentas de programação.

Construção de primeiros programas: instruções e expressões, constantes, variáveis e tipos de dados, operadores matemáticos, lógicos e relacionais;

Estruturas Condicionais: fluxo de controle do programa através de estruturas condicionais e aninhamento de condicionais.

Estruturas de Repetição: implementação de fluxos de controle repetitivos de instruções.

Arranjos: conceito, definição e uso de estruturas sequenciais homogêneas unidimensionais (vetores). Conceito, definição e uso de estruturas sequenciais homogêneas multidimensionais (matrizes).

Registros: conceito e uso de estruturas heterogêneas.

Funções e subrotinas: conceito, escopo de função, métodos de passagem de parâmetros.

",,,2024.0,2.0,Presencial,
25248,DISCIPLINA,DIM0103,G,INTRODUCAO A INFORMATICA,DEPARTAMENTO DE INFORMÁTICA E MATEMÁTICA APLICADA,30,30,0,60,60,0,20,False,3.0,,( DIM0038 E DIM0045 ) OU ( DIM0001 ) OU ( DIM0002 ) OU ( DIM0041 ) OU ( DIM0039 ) OU ( ART0074 ) ,,,"O COMPUTADOR, SISTEMAS OPERACIONAIS, OUTROS SOFTWARES BÁSICOS, SOFTWARE DE SUPORTE E APLICATIVOS COM ÁREAS DE ABORDAGEM; MICRO-INFORMÁTICA; NOÇÕES DE REDES; INTRODUÇÃO AOS SOFTWARES BÁSICOS, SE SUPORTE E APLICATIVOS QUE ESTEJAM SENDO MAIS UTILIZADOS NO MERCADO E DISPONÍVEIS NA UFRN.",,"Objetivo

A disciplina tem por objetivo capacitar o aluno a usar o computador na elaboração de trabalhos. Para isto, o aluno verá conceitos sobre os principais elementos de um computador, envolvendo conceitos de hardware e software, constituindo a parte teórica da disciplina.
Durante a parte prática, o aluno usará o computador através dos seguintes softwares:
	Curumin Linux  Sistema Operacional (Software Livre) que gerencia o hardware e o software usado no computador.
	BrWriter.org  Editor de texto pertencente ao pacote BrOffice.org (Software Livre) através dos principais recursos deste editor.
	BrCalc.org  Planilha eletrônica pertencente ao pacote BrOffice.org (Software Livre) através dos recursos em nível básico e intermediário desta planilha
","Conteúdo

Unidade I  Conceitos de Hardware e Software

1.	Conceitos sobre Microinformática
o	Informática, computador, programa, linguagem de programação, componentes de hardware (gabinete principal, memória principal/secundária, microprocessador, slots de expansão, placa de expansão, periféricos)
o	Software: Sistema Operacional, aplicativos, utilitários.
o	Representação interna da informação (bit, byte, palavra); múltiplos do byte; código ASCII
o	Redes de computadores: Local,  Longa distância e Internet

Unidade II  Sistema Operacional Kurumin Linux

1.	Conceitos sobre Kurumin Linux (Área de trabalho, barra de tarefas, menu K, ícones), arquivo, pasta, mouse, ponteiro do mouse, clique, clique duplo, área de transferência...
2.	Janela, principais elementos de uma janela 
3.	Konqueror (gerenciamento de drives, arquivos e pastas) e como navegador web
4.	Execução de programas: KEdit, KWrite, Kcalc ....
5.	Inicialização (Reset), pasta raiz, link, caminho (path).
6.	Prática com o uso de roteiros contendo passo a passo as operações básicas usando o Kurumin Linux:
o	Executar/fechar programas; operações com janela de um aplicativo (minimizar, maximizar, restaurar, fechar, mover, redimensionar, alternar entre janelas, janelas lado a lado e em cascata).
o	Executar Konqueror: mostrar conteúdo de pastas e subpastas, selecionar arquivos adjacentes/não adjacentes, criar pastas e subpastas, copiar/mover/apagar/ renomear arquivos/pastas, apagar arquivo (enviando/não enviando para a lixeira).
o	Reiniciar o computador, localizar arquivos e pastas, visualizar a interface caractere
o	Trabalhar com utilitários (aplicativos): alternar entre eles e criar arquivos. 

Unidade III  Open Writer (processador de texto do Open Office)
1.	Principais elementos da janela principal do Open Writer:
o	Barras: Título(botões: minimizar, maximizar, fechar, menu controle) Menu, Ferramentas(Padrão/  Formatação/ Outras), Rolagem(horizontal/ vertical), Status.
o	Régua Horizontal/ Vertical, área de edição, digitação com alinhamento a esquerda/ centralizado/ alinhado a direita/ justificado, negrito, itálico, sublinhado, salvar arquivo, fechar aplicativo.

2.	Abrir arquivo existente, alterar conteúdo do arquivo usando os recursos copiar/ recortar/ colar e salvar as alterações num outro arquivo, criar um novo arquivo com várias páginas.
3.	Formatar, Cabeçalho/ Rodapé(Inserir data/ hora/ nº da página), visualizar impressão, desfazer operações, numeradores/ marcadores.
4.	Inserir: conteúdo de um outro arquivo, símbolos, quebra de página, data e hora, abrir arquivos fechados recentemente, colocar bordas/ sombreamento em parágrafo.
5.	Colunar texto, inserir quebra de coluna, criar tabela, inserir nota de rodapé, salvar arquivo que não no formato do Open Writer, capturar e formatar imagem.

Unidade IV  Open Calc (planilha eletrônica do Open Office)
1.	Principais elementos da janela principal do Open Calc
o	Barras: Título(botões: minimizar, maximizar, fechar, menu controle) Menu, Ferramentas(Padrão/  Formatação/ Outras), Rolagem(horizontal/ vertical), Status, Régua Horizontal/ Vertical.
o	Área de edição: célula, seletor de célula ativa, linha/ coluna, cabeçalho de linha/ coluna, formatos e funções do ponteiro do mouse.
o	Selecionar célula/ faixa/ linha inteira/ coluna inteira, inserir informações alfabética/ numérica/ data/ hora, copiar/ apagar conteúdo de célula/ faixa, gerar seqüência.
o	Efetuar operações aritméticas com valores e conteúdo de células, salvar pasta de trabalho, fechar pasta de trabalho/ aplicativo.
2.	Abrir uma pasta de trabalho já existente, mudar de planilha dentro da pasta, digitar fórmula com e sem função (soma/ média), editar conteúdo de uma célula, fazer cópia de fórmula com referência relativa e absoluta, formatar conteúdo de célula com percentagem/ casas decimais/ separador de milhares, formato de moeda, mesclar, centralizar, exercício proposto. 
3.	Inserir linha/ coluna, alterar largura/ altura de coluna/ linha, inserir as funções se/ máximo/ mínimo/ maior/ menor/ procv/ proch usar botão autosoma, exercício proposto.
4.	Criar nova pasta de trabalho para exercícios, usar assistente de função, usar função data/ hora, mais uso de função se, cabeçalho/ rodapé, exercício proposto.
5.	Copiar/ mover/ renomear/ excluir planilha, construir gráfico usando o assistente, exercício proposto. 
",,,2021.0,1.0,Presencial,
25251,DISCIPLINA,DIM0324,G,CONCEITOS E TECNICAS DE PROGRAMACAO,DEPARTAMENTO DE INFORMÁTICA E MATEMÁTICA APLICADA,60,0,0,60,0,0,20,False,3.0,,( DIM0046 ) OU ( DIM0425 ) ,,,"Máquina virtual simples. Noções de algoritmos, programas e
linguagens de programação. Paradigmas de programação. Sistemas
de tipos. Expressões e instruções. Recursividade. Modularização.
Orientação a objetos. Tipos abstratos de dados.
",,,,,,,,Presencial,
25252,DISCIPLINA,DIM0300,G,LAB. DE ALGORITMOS E TECNICAS DE PROGRAMACAO,DEPARTAMENTO DE INFORMÁTICA E MATEMÁTICA APLICADA,0,30,0,30,0,0,20,False,3.0,,( DIM0047 ) OU ( DIM0325 ) OU ( DIM0424 ) ,,( DIM0046 ) ,"Prática em laboratório dos exercícios da Disciplina DIM046 -
Algoritmos e Técnicas de Programação utilizando Linguagem Pascal.",,,,,,,,Presencial,
25253,DISCIPLINA,DIM0303,G,LABORATORIO DE ESTRUTURAS DE DADOS,DEPARTAMENTO DE INFORMÁTICA E MATEMÁTICA APLICADA,0,30,0,30,0,0,20,False,3.0,,( DIM0048 ) OU ( DIM0326 E DIM0327 E DIM0328 E DIM0329 E DIM0342 ) OU ( DIM0428 ) ,,( DIM0013 ) ,"Prática em laboratório dos exercícios da Disciplina DIM013 -
ESTRUTURA DE DADOS
utilizando Linguagem Pascal ou C.",,,,,,,,Presencial,
25254,DISCIPLINA,DIM0327,G,LABORATORIO DE ALGORITMOS E ESTRUTURAS DE DADOS I,DEPARTAMENTO DE INFORMÁTICA E MATEMÁTICA APLICADA,0,45,0,45,0,0,20,False,3.0,,( DIM0052 E DIM0301 E DIM0013 E DIM0303 E DIM0315 ) ,,( DIM0326 ) ,"Estudo de uma Linguagem de Programação. Prática em Laboratório
dos tópicos abordados na disciplina: DIM326 - Algoritmos e Estrutura
de Dados I, usando Linguagem de Programação apropriada.",,,,,,,,Presencial,
25255,DISCIPLINA,DIM0329,G,LABORATORIO DE ALGORITMOS E ESTRUTURAS DE DADOS II,DEPARTAMENTO DE INFORMÁTICA E MATEMÁTICA APLICADA,0,45,0,45,0,0,20,False,3.0,,( DIM0052 E DIM0301 E DIM0013 E DIM0303 E DIM0315 ) ,,( DIM0328 ) ,"Prática em laboratório dos exercícios da Disciplina DIM328 
Algoritmos e Estruturas de dados II.",,,,,,,,Presencial,
25256,DISCIPLINA,DIM0301,G,LABORATORIO DE LINGUAGEM DE PROGRAMACAO,DEPARTAMENTO DE INFORMÁTICA E MATEMÁTICA APLICADA,0,30,0,30,0,0,20,False,3.0,,( DIM0053 ) OU ( DIM0326 E DIM0327 E DIM0328 E DIM0329 E DIM0342 ) OU ( DIM0426 ) ,,( DIM0052 ) ,"Prática em laboratório dos exercícios da Disciplina DIM052 -
Linguagem de Programação utilizando Linguagem Pascal ou C",,,,,,,,Presencial,
25257,DISCIPLINA,DIM0322,G,INTRODUCAO A ENGENHARIA DE SOFTWARE,DEPARTAMENTO DE INFORMÁTICA E MATEMÁTICA APLICADA,60,0,0,60,0,0,20,False,3.0,,( DIM0060 OU DIM0433 ) ,,,"Introdução à informática: conceitos fundamentais. A informação e sua
representação: os sistemas de numeração, representação de números
inteiros e reais, codificação alfanumérica.
Análise e engenharia de sistemas computacionais. O software: sua
natureza, características, componentes e qualidades. Definições e
objetivos da Engenharia de Software. Ciclo de vida e modelos de
processo de desenvolvimento. Planejamento e gerenciamento do
processo de desenvolvimento.
",,,,,,,,Presencial,
25258,DISCIPLINA,DIM0405,G,PROPOSTA DE MONOGRAFIA DE GRADUACAO,DEPARTAMENTO DE INFORMÁTICA E MATEMÁTICA APLICADA,30,0,0,30,0,0,20,False,3.0,"Conforme padrão da UFRN, os alunos terão três avaliações (A1, A2 e A3):
A1  Entrega de documento contendo resumidamente a descrição de tema, objetivos, escopo da monografia, orientador e cronograma
A2  Entrega dos capitulos 1 (Introducao),  2 (Conceitos Basicos/Referencial Teórico) da monografia e 3 (Descrição detalhada da Proposta)
A3  Defesa da proposta, avaliada por banca composta por 3 professores
",( DIM0066 ) OU ( DIM0590 ) ,,,Elaboração da proposta da monografia de graduação junto ao professor orientador.,,"A disciplina visa realizar a caracterização do tema, da natureza e dos objetivos da monografia a ser desenvolvida pelo aluno, bem como realizar a primeira etapa de desenvolvimento da monografia, a qual inclui o levantamento bibliográfico e detalhamento dos objetivos a serem atinigidos. O tema da monografia deverá ser definido individualmente para cada aluno,  abordando assunto de seu interesse, dentro da capacidade de orientação do professor orientador e pertinente à ênfase do curso. Ao final do período o aluno deverá ter concluído a elaboração de documento contendo: a descrição do contexto e escopo do trabalho de sua monografia,  bem como dos conceitos básicos envolvidos, a definição dos objetivos (geral e espeíficos), e um cronograma detalhado incluindo todas as fases, atividades e artefatos a serem entregues até a conclusão da monografia.","Exposição dos temas de pesquisa atuais do DIMAp
Estratégias para Definição de temas e orientadores
","Capacidade do julgamento crítico em relação ao que irá desenvolver em sua monografia, bem como aguçar seu senso crítico analítico.
Pretende-se complementar a formação da habilidade do aluno de se expressar corretamente, tanto escrita quanto oralmente, no desenvolvimento de uma idéia abstrata; ajudá-lo a transformar o conhecimento teórico científico em objeto de aplicação prática, principalmente do ponto de vista acadêmico.
","1.	ANDRADE, M.M. de. Introdução à metodologia do trabalho científico: elaboração de trabalhos na graduação. São Paulo: Atlas, 1994.
2.	GIL, A . C. Como elaborar projetos de pesquisa. 3. ed. São Paulo: Atlas, 1993.
3.	ASSOCIAÇÃO BRASILEIRA DE NORMAS TÉCNICAS ABNT. Apresentação de citações em documentos: NBR 10520. Rio de Janeiro, 1992.
4.	ASSOCIAÇÃO BRASILEIRA DE NORMAS TÉCNICAS ABNT. Resumos: NBR 6028. Rio de Janeiro, 1990.
5.	ASSOCIAÇÃO BRASILEIRA DE NORMAS TÉCNICAS ABNT. Referências bibliográficas: NBR 6023. Rio de Janeiro, 2000.
6.	ASTOS, C. L. ; KELLER, V. Introdução à metodologia científica. Petrópolis: Vozes, 1992.
7.	BRAD, H. Pesquisa na internet. Rio de Janeiro: Campus, 1999.
8.	CERVO, A . L. ; BERVIAN, P. A . Metodologia científica para uso dos estudantes e
9.	universitários. 3. ed. São Paulo: McGraW-Hill do Brasil, 1983.
10.	FACHIN, O. Fundamentos de metodologia. 3. ed. São Paulo: Saraiva, 2002.
11.	GALLIANO, A . G. O método científico: teoria e prática. São Paulo: Harbra, 1979.
12.	LAKATOS, E. M. ; MARCONI, M. De A . Fundamentos de metodologia científica. 3. ed. São Paulo: Atlas, 1994.
13.	NETO, J. A . M. Metodologia científica na era da informática. São Paulo: Saraiva, 2002.
14.	SALOMON, D . V . Como fazer uma monografia. 3. ed. São Paulo: Martins Fontes, 1995.
15.	SEVERINO, A . J. Metodologia do trabalho científico. 19. ed. São Paulo: Cortez, 1993.

",2010.0,2.0,Presencial,
25260,DISCIPLINA,DIM0045,G,PROGRAMACAO I - LABORATORIO,DEPARTAMENTO DE INFORMÁTICA E MATEMÁTICA APLICADA,0,15,0,15,0,0,20,False,3.0,,( DIM0103 ) OU ( DIM0320 ) ,,,Prática de elaboração de programas científicos.,,,,,,,,Presencial,
25261,DISCIPLINA,DIM0001,G,INTRODUCAO A CIENCIA DA COMPUTACAO,DEPARTAMENTO DE INFORMÁTICA E MATEMÁTICA APLICADA,45,45,0,90,0,0,20,False,3.0,,( DIM0103 ) OU ( DIM0322 E ELE0425 ) ,,,"O computador (Conceitos de Hardware); sistemas operacionais (Conceitos Básicos); outros softwares básicos, softwares aplicativos com áreas de abordagem; noções de rede; introdução aos softwares básicos (MS-Windows), aplicativos que estejam sendo mais utilizados no mercado e disponíveis na UFRN (MS-Word e MS-Excel).",,,,,,,,Presencial,
26902,DISCIPLINA,DIM0016,G,ANALISE DE SISTEMA I,DEPARTAMENTO DE INFORMÁTICA E MATEMÁTICA APLICADA,30,30,0,60,0,0,20,False,3.0,,,,,"Introdução a sistemas. Conceitos básicos. Desenvolvimento de um
sistema. Levantamento do sistema atual. Princípios. Metodologia.
Técnicas de levantamento. Seleção de projetos. Estudo de
necessidades. Viabilizar econômica. Viabilidade de execução.
Utilização dos resultados. Administração do projeto",,,,,,,,Presencial,
25934,DISCIPLINA,DIM0344,G,LABORATORIO DE BANCOS DE DADOS,DEPARTAMENTO DE INFORMÁTICA E MATEMÁTICA APLICADA,0,30,0,30,0,0,20,False,3.0,1 Projeto,,,( DIM0357 OU DIM0089 OU DIM0434 ) ,"Sistema de Gerência de Banco de Dados. Projeto de Banco de Dados
Relacional. Administração de SGBD. Otimização de Consultas.
Recursos Avançados. Conexão com Banco de Dados.
",,"Este componente curricular tem como objetivo desenvolver conceitos prárticos de banco de
dados, incluindo utilização de sistemas de gerenciamento de banco de dados e
desenvolvimento de aplicações de gerencimento de dados.","Sistemas de Gerência de BD
 Modelo de Dados Relacional, E-R, Orientado a Objetos
 SQL
 MySQL
 Projeto de Banco de Dados e Implementação","Ao completar este componente, o aluno será capaz de criar aplicações centradas em
dados e fazer consultas a banco de dados.","SISTEMAS DE BANCO DE DADOS (em Portugues) (2005)
NAVATHE, SHAMKANT B / ELMASRI, RAMEZ E. - ADDISON WESLEY BRA
SISTEMA DE BANCO DE DADOS (em Portugues) (2006)
KORTH, HENRY F. / SILBERSCHATZ, ABRAHAM / SUDARSHAN, S.
CAMPUS
PROJETO DE BANCO DE DADOS (em Portugues) (2004)
HEUSER, CARLOS ALBERTO - SAGRA-LUZZATTO
DATABASES, TYPES AND THE RELATIONAL MODEL (em Ingles) (2006)
DARWEN, HUGH / DATE, C. J. - ADDISON WESLEY",2008.0,2.0,Presencial,
25932,DISCIPLINA,DIM0053,G,LABORATORIO DE COMPUTACAO III,DEPARTAMENTO DE INFORMÁTICA E MATEMÁTICA APLICADA,0,30,0,30,30,0,20,False,3.0,,,,( DIM0052 ) ,,,,,,,,,Presencial,
25931,DISCIPLINA,DIM0047,G,LABORATORIO DE COMPUTACAO I,DEPARTAMENTO DE INFORMÁTICA E MATEMÁTICA APLICADA,0,30,0,30,0,0,20,False,3.0,,,,( DIM0046 ) ,"Prática em laboratório dos exercícios da Disciplina DIM046 -
Algorítmos e Técnicas de Programação.",,,,,,,,Presencial,
25930,DISCIPLINA,DIM0048,G,LABORATORIO DE COMPUTACAO II,DEPARTAMENTO DE INFORMÁTICA E MATEMÁTICA APLICADA,0,30,0,30,0,0,20,False,3.0,,,,( DIM0013 ) ,Implementação de estrutura de dados e aplicações.,,,,,,,,Presencial,
25764,DISCIPLINA,DIM0345,G,EMPREENDEDORISMO,DEPARTAMENTO DE INFORMÁTICA E MATEMÁTICA APLICADA,60,0,0,60,60,0,20,False,3.0,"avaliação 

Exercícios práticos em sala ou em casa 
Elaboração e apresentação de um plano de negócios 
Freqüência e participação nas atividades",( PRO0207 ) E ( PRO0208 OU PRO0209 OU PRO0210 ) ,,,"Estudo do perfil do empreendedor. Identificação e aproveitamento de oportunidades. Aquisição e gerenciamento de recursos necessários aos negócios. Planos de negócios. Marketing para empreendedores. Teoria visionária de Filion (visão e sistemas de relação).Obs: Os assuntos acima devem ser desenvolvidos através da metodologia enterprise way envolvendo seminários e discussões em grupo, resolução de problemas reais, debates, estudos de casos, entrevistas com empreendedores, etc.",,"objetivos - Despertar nos alunos a consciência empreendedora e o potencial 
para empreender. Enfatizar as diferenças entre trabalho e emprego formal. 
Avaliar aptidões e características desejáveis em candidatos a empreendedor. 
Despertar a criatividade e a auto-estima do aluno. Capacitar o aluno a 
desenvolver e apresentar um plano de negócio a partir de uma idéia.","conteúdo (programa) 

1.     Idéias de empresas e suas fontes: pesquisas acadêmicas, viagens, novas 
tecnologias, necessidades especiais, etc. 
2.     Empresas emergentes: caracterização, contexto e dificuldades. 
3.     Plano de negócio simplificado: técnicas para elaboração de um plano de 
negócio inicial. 
4.     Importância do auto-conhecimento do empreendedor: a empresa emergente é a 
imagem do empreendedor líder. 
5.     Características do empreendedor: qualidades principais observadas em 
pessoas que criaram empresas ou desenvolveram idéias inovadoras em empresas. 
6.     Paradigmas e sua importância para o empreendedorismo: o conceito de 
paradigma, aplicações na compreensão de conceitos, o perigo da paralisia de 
paradigma. 
7.     Criatividade e inovação na gestão e criação de empresas: técnicas para 
desenvolver a criatividade, evolução das idéias inovadoras e suas aplicações 
no movimento empreendedor. 
8.     Teoria visionária de L. J. Filion e sua aplicação na formação de 
empreendedores: visão central, visões emergentes, interação visão - relações. 
9.     Importância da rede de relações para a criação e gestão de empresas: 
criando uma rede de relações e utilizando-a para impulsionar a empresa. 
10.     Princípios de marketing para empresas emergentes: mercado, necessidades 
dos clientes, formas de atendimento, concorrência. 
11.     Planejamento financeiro nas empresas emergentes: receitas, despesas fixas 
e variáveis, fluxo de caixa. 
12.     Sistemas de suporte para empresas em formação: SEBRAE, IEL, Associações de 
classe, incubadoras, etc. 
13.     Depoimentos de empreendedores como forma de aprendizagem do processo 
empreendedor: experiências, sucessos, fracassos, sociedade, concorrência, etc. 
14.     Métodos para avaliação de idéias de negócios: questionários, 
auto-avaliação, benchmark, etc. 
15.     Apresentação de planos de negócios pelas empresas emergentes formadas na 
disciplina 

","competências e habilidades 

Descoberta de oportunidades(busca de idéias de negócios na área de 
informática); planejamento, elaboração e apresentação de projetos (planos de 
negócios) 
","bibliografia 

Dolabella, Fernando, O SEGREDO DE LUÍSA. 
Filion, L. J., VISÃO E RELAÇÕES: ELEMENTOS PARA UM METAMODELO DA ATIVIDADE 
EMPREENDEDORA - International Small Business Journal, 1991. 
Filion, L. J., O PLANEJAMENTO DO SEU SISTEMA DE APRENDIZAGEM EMPRESARIAL: 
IDENTIFIQUE UMA VISÃO E AVALIE SEU SISTEMA DE RELAÇÕES - Revista de 
Administração de Empresas, FGV, São Paulo, jul/set, 1991. 
Druker, P. F., INOVAÇÃO E ESPÍRITO EMPREENDEDOR, Editora Pioneira, 2a Edição, 
São Paulo, 1997. 
Oech, R., UM ""TOC"" NA CUCA, Livraria Cultura Editora, Rio de Janeiro, 1988. 

",2010.0,2.0,Presencial,
42158,DISCIPLINA,DIM0541.0,G,BANCO DE DADOS,DEPARTAMENTO DE INFORMÁTICA E MATEMÁTICA APLICADA,60,0,0,60,0,0,20,False,3.0,,( DIM0434 E DIM0344 ) OU ( DIM0509 ) ,( IMD0030 ) ,,"MODELO DE DADOS: REDE, HIERÁRQUICO E RELACIONAL. ÁLGEBRA RELACIONAL. LINGUAGENS DE CONSULTA. OTIMIZAÇÃO DE LINGUAGENS. PROJETO DE BANCO DE DADOS. CONSIDERAÇÕES DE IMPLEMENTAÇÃO. APLICAÇÃO DOS CONCEITOS EM UMA LINGUAGEM DE PROGRAMAÇÃO.",,"	Apresentar sistemas gerenciadores de banco de dados do ponto de vista de seu uso
	Apresentar técnicas de modelagem de dados
	Apresentar técnicas de normalização de modelos de dados
	Projetar banco de dados
	Implementar sistemas que façam uso de banco de dados

COMPETÊNCIAS E HABILIDADES 
	Desenvolver capacidades para avaliar diferentes sistemas gerenciadores de banco de dados baseados em suas características técnicas
	Desenvolver capacidades para criar modelos de dados
	Desenvolver capacidades para implementar modelos de dados
	Desenvolver capacidades para implementar sistemas que façam uso de banco de dados

","	Introdução a banco de dados
	Sistemas de Gerenciamento de Banco de Dados (SGBD): Conceitos e arquiteturas
	Modelagem Entidade-Relacionamento (ER)
	Modelagem Entidade-Relacionamento Estendida (EER)
	Ferramentas de modelagem Entidade-Relacionamento
	Modelagem relacional
	Ferramentas de modelagem relacional
	Álgebra e cálculo Relacional
	Ferramentas de álgebra relacional
	Mapeamento entre Modelos Entidade-Relacionamento/Relacional
	Dependência funcional e normalização
	Ferramentas de dependência funcional e normalização
	Linguagem de consulta estruturada (SQL)
	Técnicas de programação com linguagem de consulta estruturada (SQL)
	Transações
	Controle de concorrência
	Técnicas de recuperação de banco de dados
	Projeto e desenvolvimento de sistema de banco de dados
","Ao completar este componente, o aluno terá conhecimento sobre o histórico de bancos de  dados, bem como será capaz de: produzir e checar diagramas de especificação; projetar estruturas relacionais válidas e normalizadas a partir de diagramas; criar aplicações centradas em dados.
",,2012.0,1.0,Presencial,
25701,DISCIPLINA,DIM0323,G,MATEMATICA DISCRETA PARA COMPUTACAO,DEPARTAMENTO DE INFORMÁTICA E MATEMÁTICA APLICADA,60,0,0,60,0,0,20,False,3.0,,( MAT0227 OU MAT0009 ) ,,,"Representação de sistemas numéricos. Aritmética em diferentes bases. Introdução à lógica e à especificação formal. Teoria dos conjuntos, relações e funções. Indução matemática, recursão e Teorema do ponto fixo. Padrões de prova: prova por indução, por casos, redução ao absurdo, etc. Noções de estruturas algébricas. Noções de combinatória.",,,,,,,,Presencial,
25465,DISCIPLINA,DIM0403,G,LABORATORIO DE CIRCUITOS LOGICOS,DEPARTAMENTO DE INFORMÁTICA E MATEMÁTICA APLICADA,0,30,0,30,30,0,20,False,3.0,"A1  Trabalhos práticos no laboratório (100%)
A2  Trabalhos práticos no laboratório (100%)
A3  Trabalho prático envolvendo os assuntos abordados (100%)  

A4  Trabalho prático envolvendo todo o conteúdo
",( ELE0424 ) ,,( ( DIM0402 ) E ( DIM0422 ) ) ,"Linguagem de descrição de hardware: características da linguagem, modelo de simulação, descrição comportamental e estrutural, simulação e síntese. Descrição, simulação e síntese de circuitos combinacionais. Descrição, simulação e síntese de circuitos seqüenciais.",,"	Gerais  Possibilitar o exercício dos conceitos relacionados a circuitos lógicos.

	Específicos:
1.	Fornecer ao aluno um ambiente de laboratório para prática da construção de circuitos lógicos. 
2.  Exercitar em laboratório os conceitos sobre circuitos lógicos vistos em sala de aula na disciplina DIM0402  Circuitos Lógicos. 
","Linguagem de descrição de hardware: características da linguagem, modelo de simulação, descrição comportamental e estrutural, simulação e síntese. 
Descrição, simulação e síntese de circuitos combinacionais. 
Descrição, simulação e síntese de circuitos seqüenciais.
","	O aluno deverá ter capacidade de desenvolver circuitos lógicos combinacionais e seqüenciais utilizando linguagens de descrição de hardware.
	O aluno deverá aplicar através de descrição, simulação e síntese os conceitos abordados na disciplina DIM0402  Circuitos Lógicos.
","1. R. Tocci, N. S. Widmer. Sistemas Digitais Princípios e Aplicações. Pearson, 2003.
2. R. DAmore. VHDL Descrição e Síntese de Circuitos Digitais. LTC, 2005.
3. A. Dewey. Analysis and Design of Digital Systems with VHDL. PWS, 1997.
",2008.0,2.0,Presencial,
25268,DISCIPLINA,DIM0066,G,PROPOSTA DE RELATORIO DE GRADUACAO,DEPARTAMENTO DE INFORMÁTICA E MATEMÁTICA APLICADA,30,0,0,30,30,0,20,False,3.0,,( DIM0405 ) ,,,[C@435a3ae,,"A disciplina visa realizar a caracterização do tema, da natureza e dos objetivos da monografia a ser desenvolvida pelo aluno, bem como realizar a primeira etapa de desenvolvimento da monografia, a qual inclui o levantamento bibliográfico e detalhamento dos objetivos a serem atinigidos. O tema da monografia deverá ser definido individualmente para cada aluno, abordando assunto de seu interesse, dentro da capacidade de orientação do professor orientador e pertinente à ênfase do curso. Ao final do período o aluno deverá ter concluído a elaboração de documento contendo: a descrição do contexto e escopo do trabalho de sua monografia, bem como dos conceitos básicos envolvidos, a definição dos objetivos (geral e espeíficos), e um cronograma detalhado incluindo todas as fases, atividades e artefatos a serem entregues até a conclusão da monografia.","Exposição dos temas de pesquisa atuais do DIMAp
Estratégias para Definição de temas e orientadores","Capacidade do julgamento crítico em relação ao que irá desenvolver em sua monografia, bem como aguçar seu senso crítico analítico.
Pretende-se complementar a formação da habilidade do aluno de se expressar corretamente, tanto escrita quanto oralmente, no desenvolvimento de uma idéia abstrata; ajudá-lo a transformar o conhecimento teórico científico em objeto de aplicação prática, principalmente do ponto de vista acadêmico.",,2011.0,1.0,Presencial,
25267,DISCIPLINA,DIM0425,G,CONCEITOS E TECNICAS DE PROGRAMACAO,DEPARTAMENTO DE INFORMÁTICA E MATEMÁTICA APLICADA,60,0,0,60,60,0,20,False,3.0,"Avaliação
A1  Prova (100%)
A2  Prova (100%)
A3  Trabalho prático (100%) 
A4  Prova com todo o conteúdo
",( DIM0324 ) OU ( DIM0046 ) OU ( DIM0108 ) ,,,"Máquina virtual simples. Noções de algoritmos, programas e linguagens de programação. Paradigmas de programação. Sistemas de tipos. Expressões e instruções. Recursividade. Modularização. Orientação a objetos. Tipos abstratos de dados.",,"Objetivos:
	Gerais - Fornecer ao aluno os conceitos básicos para introdução à programação.

	Específicos:
1.	Fornecer ao aluno técnicas para resolução de problemas de forma algorítmica. 
2. Apresentar ao aluno as técnicas para criação de algoritmos. 
3. Realizar aplicação dos algoritmos em uma linguagem de programação na disciplina DIM0424 - Prática de Conceitos e Técnicas de Programação 
","Conteúdo:
Máquina virtual simples. 
Noções de algoritmos, programas e linguagens de programação. 
Paradigmas de programação. 
Sistemas de tipos. 
Expressões e instruções. 
Recursividade. 
Modularização. 
Orientação a objetos. 
Tipos abstratos de dados. 
","Competências e Habilidades
	O aluno deverá  ter capacidade para encontrar soluções computacionais para problemas diversos. O aluno deverá utilizar técnicas bem conhecidas para elaboração dessas soluções visando um equilíbrio entre custo/desempenho.
	O aluno deverá ter capacidade de aplicar suas soluções algorítmicas em linguagens de programação.
","Referências
André Luiz Villar Forbellone e Henrico Frederico Eberspacher. Lógica de Programação 2ª edição, 2000.
JeanPaul Tremblay. Ciência dos computadores: uma abordagem algorítmica, McGrawHill do Brasil, 1983.
José Augusto N. G. Manzano. Algoritmo: lógica para desenvolvimento de programação, Editora Érica.
",2009.0,1.0,Presencial,
25266,DISCIPLINA,DIM0422,G,FUNDAMENTOS MATEMATICOS DA COMPUTACAO,DEPARTAMENTO DE INFORMÁTICA E MATEMÁTICA APLICADA,60,0,0,60,0,0,20,False,3.0,provas com resolução de exercícios. ,( DIM0323 ) OU ( MAT0227 ) OU ( DIM0450 ) OU ( IMD0023 ) ,,,"Métodos de demonstração. Teoria dos Conjuntos, relações e funções. Relações de ordem e equivalência.  Recursão e indução matemática. Noções de estruturas algébricas. Elementos de Teoria dos Números. Contagem.",,"Proporcionar ao aluno as bases matemáticas necessárias para cursar diversas disciplinas do curso, como Lógica aplicada à computação, teoria da computação, entre outras. Além disso, ajuda a desenvolver no aluno a sua capacidade de lidar com objetos abstratos e formalismos.","1. Métodos de demonstração: construtiva, existenciais, por contraposição, por
redução ao absurdo, por casos.
2. Teoria dos conjuntos: operações básicas, paradoxos, conceito de relações
(relações n-árias, relações sobre um conjunto, tipos de relações: reflexiva,
simétrica, etc) e funções (tipos de funções: injetora, sobrejetora, bijetora),
cardinalidade (diagonalização).
3. Relações de ordem e equivalência.
4. Recursão e indução: conjuntos bem-fundados, tipos de recursão, tipos de
indução.
5. Noções de estruturas algébricas: álgebras homogêneas e álgebras heterogêneas,
homomorfismos, congruências, reticulados, álgebra booleana.
6. Representação numérica e elementos de Teoria dos Números: representação e
operações em diferentes bases, divisibilidade e congruência nos números
inteiros, primalidade, teorema fundamental da Aritmética.
7. Contagem.
","conhecimentos matemáticos básicos, habilidade de lidar com conceitos abstratos, provar propriedades, formalização de conceitos.","1. Jair Abe, Nelson Papavero, Teoria Intuitiva dos Conjuntos, Makron, 1992.
2. Michell O. Albertson, Joan P. Hutchinson, Discrete Mathematics With
Algorithms, John Wiley & Sons, 1988.
3. Judith Gersting, Fundamentos Matemáticos para a Ciência da Computação, 4ª
edição, LTC, 2001.
4. V. A. Gorbátov, Fundamentos de la matemática discreta, Mir, 1988.
5. Paul Halmos, Teoria Ingênua dos Conjuntos, EDUSP, 1970.
6. Donald E. Knuth, Ronald L. Graham, Oren Patashnik, Matemática Concreta:
Fundamentos para a Ciência da Computação, LTC, 1995.
7. Seymour Lipschutz. Teoria dos Conjuntos. McGraw-Hill, 1972.
8. John E. Munro, Discrete Mathematics for Computing, Chapman & Hall, 1993
9. Steven Roman, An introduction to discrete mathematics, Saunders College,
1989.
10. Kenneth A. Ross and Charles R. B. Wright, Discrete Mathematics, Prentice
Hall, 1988.
11. Edward R. Scheinerman, Matemática Discreta: uma introdução, Thomson, 2000.
12. Donald F. Stanat and David F. McAllister, Discrete Mathematics in Computer
Science, Prentice-Hall.",2009.0,2.0,Presencial,
25263,DISCIPLINA,DIM0325,G,LABORATORIO DE CONCEITOS E TECNICAS DE PROGRAMACAO,DEPARTAMENTO DE INFORMÁTICA E MATEMÁTICA APLICADA,0,45,0,45,0,0,20,False,3.0,,( DIM0300 ) ,,( DIM0324 OU DIM0046 ) ,"Prática em Laboratório dos tópicos abordados na disciplina: Conceitos
e Técnicas de Programação.",,,,,,,,Presencial,
25262,DISCIPLINA,DIM0424,G,PRATICA DE CONCEITOS E TECNICAS DE PROGRAMACAO,DEPARTAMENTO DE INFORMÁTICA E MATEMÁTICA APLICADA,0,30,0,30,30,0,20,False,3.0," Avaliação 
  
Os alunos são avaliados continuamente por meio dos programas produzidos ao 
longo das aulas 
e por meio avaliações individuais práticas em laboratório, com o auxílio do 
computador. 

",( DIM0300 ) OU ( DIM0325 ) OU ( DIM0108 ) ,,( ( DIM0425 ) OU ( DIM0324 ) ) ,Estudo de uma linguagem de Programação. Prática em Laboratório dos tópicos abordados na disciplina Conceitos e Técnicas de Programação.,," Objetivos 

A disciplina visa a prática em laboratório dos recursos providos pelas 
linguagens de programação modernas. 
A linguagem específica utilizada para explorar esses recursos é a linguagem 
Objetive Caml.   

","Conteúdo 

Noções sobre Linux e editores de texto voltados à programação. 
Introdução às ferramentas OCaml. 
Variáveis, expressões e tipos OCaml. 
Layout, escopo e funções simples em OCaml. 
Funções recursivas simples OCaml. 
Funções recursivas elaboradas, tuplas e strings OCaml. 
Registros OCaml. 
Uniões OCaml (aplicação sobre listas ligadas e árvores de busca). 
Listas como tipo nativo OCaml. 
Registros com campos mutáveis e variáveis referência em OCaml. 
Módulos e functores OCaml. 
Entrada/saída em OCaml. 
Arranjos, laços e condicionais em OCaml. 

","- Competências e Habilidades 

Esta disciplina exige o conteúdo ministrado na disciplina Conceitos e 
Técnicas de Programação. 

",notas de aula disponibilizadas pelo docente para que oaluno pesquise e estudo o conteudo ministrado as aulas praticas. ,2009.0,1.0,Presencial,
25466,DISCIPLINA,DIM0402,G,CIRCUITOS LOGICOS,DEPARTAMENTO DE INFORMÁTICA E MATEMÁTICA APLICADA,60,0,0,60,60,0,20,False,3.0,,( ELE0424 ) ,,( DIM0403 ) ,"Introdução aos sistemas digitais eletrônicos: tecnologia MOS, transistor MOS, lógica CMOS. Álgebra booleana e portas lógicas: operações lógicas, circuitos digitais a partir de expressões booleanas, teoremas. Circuitos lógicos combinacionais: forma soma de produtos, simplificação com mapa de karnaugh, projeto de circuitos combinacionais. Circuitos lógicos seqüenciais: Latchs, flip-flops, relógio e temporização, contadores, registradores. Aritmética digital. Arquitetura de operadores aritméticos, operadores seriais e paralelos. Análise de Máquinas Síncronas: modelos de Mealy e Moore.",,,,,,,,Presencial,
23551,DISCIPLINA,DIM0302,G,CALCULO NUMERICO PARA ENGENHARIA,DEPARTAMENTO DE INFORMÁTICA E MATEMÁTICA APLICADA,45,15,0,60,0,0,20,False,3.0,,( DIM0040 ) OU ( DCA0451 ) ,( ( MAT0312 ) E ( MAT0313 ) ) ,,"Representação numérica e erros. Métodos para resolução de
sistemas lineares. Métodos para resolução de equações não-lineares.
Métodos para resolução de equações não-lineares simultâneas.
Interpolação numérica. Ajuste de curvas por mínimos quadrados.
Integração numérica.
",,,,,,,,Presencial,
42159,DISCIPLINA,DIM0541.1,G,PRATICA DE BANCO DE DADOS,DEPARTAMENTO DE INFORMÁTICA E MATEMÁTICA APLICADA,30,0,0,30,0,0,20,False,3.0,,( DIM0434 E DIM0344 ) OU ( DIM0509 ) ,( IMD0030 ) ,,"MODELO DE DADOS: REDE, HIERÁRQUICO E RELACIONAL. ÁLGEBRA RELACIONAL. LINGUAGENS DE CONSULTA. OTIMIZAÇÃO DE LINGUAGENS. PROJETO DE BANCO DE DADOS. CONSIDERAÇÕES DE IMPLEMENTAÇÃO. APLICAÇÃO DOS CONCEITOS EM UMA LINGUAGEM DE PROGRAMAÇÃO.",,"Este componente curricular tem como objetivo apresentar conceitos de banco de dados,  incluindo conceitos básicos, modelos de banco de dados, mapeamentos entre modelos,  linguagens de consulta e aplicações, concorrência e segurança.
","Introdução, Sistemas de Gerência de BD, Modelos de Dados Relacional, Modelos de Dados Entidade-Relacionamento, Mapeamentos, Normalização, Álgebra Relacional, Linguagens de Consulta, Integridade, Visões, Autorização de Acesso, Recuperação a Falhas, Transações e Controle de Concorrência, Projeto de Banco de Dados e Implementação.
","Ao completar este componente, o aluno terá conhecimento sobre o histórico de bancos de  dados, bem como será capaz de: produzir e checar diagramas de especificação; projetar estruturas relacionais válidas e normalizadas a partir de diagramas; criar aplicações centradas em dados.
",,2012.0,1.0,Presencial,
42162,DISCIPLINA,DIM0543.1,G,PRATICA DE DESENVOLVIMENTO DE SISTEMAS WEB,DEPARTAMENTO DE INFORMÁTICA E MATEMÁTICA APLICADA,30,0,0,30,0,0,20,False,3.0,,,( DIM0502 OU DIM0444 OU ( DIM0432 E DIM0111 ) ) ,,"Visão Geral de Programação para Web. Arquitetura Cliente-Servidor. Formulários HTML. Programação no lado cliente e no lado servidor. Arquitetura em Camadas (GUI, Negócio, Dados) de Referência. Padrões de Projeto para refinamento de arquitetura em camadas. Tecnologias Java para programação no servidor (Servlets, JSP/JSF, EJB). Serviços Web. ",,"- Introduzir modelos de processo e arquiteturas de Sistemas Web
- Apresentar as tecnologias lado-cliente e lado-servidor e capacitar os aluno a desenvolver sistemas co estas tecnologias.
- Capacitar o aluno para aplicação de boas práticas em arquiteturas de aplicações web, através do uso de princípios, boas práticas e técnicas de OO, centradas sobretudo em padrões de arquitetura e de projeto.
- Capacitar o aluno para o desenvolvimento de aplicações corporativas para a web usando tecnologias modernas.
","   - Introdução à design Web
   - Arquitetura da Informação
   - Processo de desenvolvimento Web
   - Visão geral de programação para a Web
   - Formulários HTML 
   - Definição de estilos com CSS
   - Programação com Javascript e DOM
   - Arquitetura em Camadas (GUI, Negócio e Dados) de Referência
   - Padrões de Projeto para refinamento da Arquitetura em Camadas
   - Mapeamento de Objetos para Banco de Dados Relacionais
   - Tecnologias Web para Implementação das Aplicações no Servidor
   - Tecnologias Web para Implementação das Aplicações no Cliente
   - Refatoração de Aplicações
   - Introdução a Frameworks OO de Aplicação
   - Avaliação de sistemas Web - desempenho, portabilidade,
interoperabilidade, usabilidade, etc.
- Extensão da UML para modelagem de sistemas Web - WAE ou equivalente
","   - Ao final da disciplina o aluno deverá estar capacitado a: (i) ter um bom conhecimento das tecnologias e técnicas envolvidas no desenvolvimento de uma aplicação corporativa para web; (ii) desenvolver aplicações para web em uma arquitetura estruturada em camadas

   - As seguintes habilidades serão desenvolvidas durante o curso da disciplina: (i) capacidade de análise crítica de soluções para o desenvolvimento de aplicações web; (ii) domínio de técnicas para a construção de arquiteturas de qualidade para aplicações web, tanto do lado cliente quanto no lado servidor. 
",,2012.0,1.0,Presencial,
2054911,DISCIPLINA,DIM0507,G,TESTE DE SOFTWARE I,DEPARTAMENTO DE INFORMÁTICA E MATEMÁTICA APLICADA,60,0,0,60,0,0,20,False,3.0,,,( IMD0040 ) OU ( DIM0116 ) ,,"Introdução e motivação ao Teste de Software. Conceitos básicos de teste: defeito, falha, casos de teste, critérios de teste. Teste de Unidade e Integração. Técnicas de Teste: funcional (caixa-preta), estrutural (caixa-branca). Téc-nica Funcional: partições em classes de equivalência, análise do valor limite, combinações. Técnica estrutural: cri-térios de teste baseado em fluxo de controle, critérios de teste baseado em fluxo de dados. Ferramentas e fra-meworks para teste de unidade e integração. Técnicas para geração de testes de unidade e integração. Refatora-ção e testes. Testes de regressão.",,"	Apresentar e discutir os principais conceitos e critérios de teste
	Projetar e implementar testes de unidade

COMPETÊNCIAS E HABILIDADES
Projetar e implementar testes de unidade que adotem os critérios de teste funcionais, estruturais e baseado em defeitos
","	Conceitos básicos: níveis de testes, tipos de testes e processo de testes
	Testes de unidade automatizados com JUnit 
	Critérios de testes funcionais (partição do domínio de entrada e análise do valor limite)
	Critérios de testes estruturais
	Critérios baseados em defeitos (injeção de falhas)
",,,2024.0,2.0,Presencial,
2054912,DISCIPLINA,DIM0508,G,PROJETO DE INTERFACES DE USUÁRIO,DEPARTAMENTO DE INFORMÁTICA E MATEMÁTICA APLICADA,30,30,0,60,0,0,20,False,3.0,,,DIM0120 OU IMD0030 OU DIM0176 ,,"A atividade de design. Métodos de design de interfaces de usuário. Estilos e padrões de interfaces de usuário. Princípios, diretrizes e normas de design. Técnicas de modelagem em IHC. Arquitetura de sistemas interativos. Tecnologias de interfaces de usuário: gráficas, dispositivos móveis, sistemas Web. Programação de interfaces de usuário: gráficas, dispositivos móveis, sistemas Web. Ferramentas e API para desenvolvimento de interfaces",,"Aprender conceitos, técnicas, métodos que permita aos futuros profissionais de Engenharia de Software competências e habilidades no design de interfaces de usuários que proporcionem boas experiências aos usuários.

COMPETÊNCIAS E HABILIDADES
	Compreender os conceitos, teorias e modelos da disciplina Interação Humano-Computador e disciplinas relacionadas para aplicar no processo de criar interfaces de usuário
	Compreender e aplicar modelos de processo de design centrado-no-usuário e de experiência de usuário (UX)
	Compreender e aplicar técnicas de inovação para concepção de novos produtos de software
	Aplicar técnicas para analisar usuários e criar personas
	Aplicar técnicas de análise de tarefas e criar cenários de uso
	Analisar ferramentas para prototipação de interfaces de usuário
	Criar protótipos de Interfaces de usuário utilizando ferramentas
	Compreender e aplicar princípios, diretrizes e padrões de design
	Avaliar métodos e técnicas de avaliação de usabilidade e Experiência de Uso (UX)
	Aplicar técnicas de inspeção para analisar usabilidade de interfaces de usuário
	Aplicar técnicas para criar testes para avaliar e analisar experiências de usuário
	Compreender técnicas para criar questionários para avaliar opinião de usuários
","	Introdução ao projeto de interfaces de usuário (IU): Motivação e conceitos básicos
	O processo de design
	Técnicas de análise
	Esboços, protótipos e outras técnicas
	Linguagens de design de IU
	Princípios de design de IU
	Avaliação por inspeção e questionários
	Modelos conceituais
	Engenharia Semiótica
	Avaliação por testes com usuários
",,,2024.0,2.0,Presencial,
2054913,DISCIPLINA,DIM0510,G,PROCESSOS DE SOFTWARE,DEPARTAMENTO DE INFORMÁTICA E MATEMÁTICA APLICADA,60,0,0,60,0,0,20,False,3.0,,( IMD0408 ) ,( IMD0040 ) OU ( DIM0116 ) ,,"Introdução a Processos de Software. Modelos de Ciclo de Vida de Software (cascata, espiral, modelo V, etc). Pro-cessos de Software existentes (processo unificado, metodologias ágeis). Modelagem e especificação de processos de software. Análise e medição de processos de software. Controle de qualidade em processos de software (revi-sões, inspeções, coleta e análise de métricas). Modelos de processos e padrões (IEEE, ISO). Implantação e Melho-ria de Processos de Software. ",,"	Oferecer elementos para o desenvolvimento uma visão holística sobre processos de produção de software
	Discutir os benefícios e limitações das diferentes abordagens para processo de software
	Desenvolver uma visão crítica sobre as diferentes ferramentas e práticas para o gerenciamento de processos de software
	Embasar teoricamente e empiricamente as diferentes abordagens para processos de software
	Adquirir conhecimentos práticos e teóricos sobre o gerenciamento, planejamento, execução e medição de processos de software

COMPETÊNCIAS E HABILIDADES
Desenvolver competências e habilidades relacionadas a comunicação, trabalho em equipe, assertividade, gerenciamento de tempo, pensamento crítico, planejamento e estimativa, gerenciamento de riscos e gestão de projeto.","	Conceitos introdutórios
	Problemas enfrentados no desenvolvimento de software
	Introdução a modelos de processo
	Modelo cascata
	Modelo Iterativo e incremental
	Modelo espiral
	Processo Unificado
	Desenvolvimento em estágios
	Desenvolvimento ágil
	Scrum
	XP (Extreme Programming)
	Introdução ao Sistema Toyota de Produção
	Equipes
	Práticas de trabalho em equipe
	Liderança de projetos
	Entrega de valor e planejamento
	Métricas e indicadores
	Code smells
	Notação BPM
",,,2024.0,1.0,Presencial,
2054914,DISCIPLINA,DIM0511,G,ENGENHARIA DE REQUISITOS,DEPARTAMENTO DE INFORMÁTICA E MATEMÁTICA APLICADA,45,15,0,60,0,0,20,False,3.0,,,( DIM0504 ) ,,"O processo de engenharia de requisitos. Técnicas para descoberta e levantamento de requisitos. Linguagens e modelos para representar requisitos. Técnicas de análise e validação, incluindo casos de uso e dirigido a metas. Requisitos no contexto de engenharia de sistemas. Especificação de requisitos não funcionais. Negociação e reso-lução de conflitos em requisitos. Rastreamento e gerenciamento de mudanças em requisitos no ciclo de vida do software. Documentação de requisitos.",,"Apresentar as atividades, métodos e técnicas do processo de Engenharia de Requisitos.

COMPETÊNCIAS E HABILIDADES:
	Analisar e documentar informações, atentando para as necessidades dos interessados, os objetivos e regras do negócio
	Boa comunicação para elicitar, resolver conflitos e priorizar requisitos.
","	Processo de engenharia de requisitos
	Tipos de requisitos
	Documentos de requisitos
	Técnicas de elicitação
	Modelagem e especificação de requisitos
	Validação e verificação
	Gerência de Requisitos
	Rastreabilidade
	Negociação e resolução de conflitos em requisitos",,,2024.0,2.0,Presencial,
2054915,DISCIPLINA,DIM0512,G,TESTE DE SOFTWARE II,DEPARTAMENTO DE INFORMÁTICA E MATEMÁTICA APLICADA,60,0,0,60,0,0,20,False,3.0,,,( DIM0507 OU IMD0412 ) ,,"Processos de Teste: papéis, atividades e artefatos gerados.  Testes de Sistema e Aceitação. Automação de Testes de Sistema e Aceitação. Testes de Carga, Desempenho, Segurança. Automação de Testes de Sistema e Aceitação. Metodologias ágeis e Testes de Software. Revisão de Software: inspeção, revisão em time, walkthrough. Progra-mação baseada em assertivas. Análise Estática. Testes nos Modelos de Qualidade. ",,"	Apresentar e discutir as características do teste exploratório
	Apresentar e discutir as características do teste baseado em roteiro
	Apresentar e discutir sobre ferramentas de apoio ao teste de software
	Apresentar as atividades e papeis que compõem um processo de testes
	Projetar e Implementar testes de Sistema adotando diferentes abordagens de teste

COMPETÊNCIAS E HABILIDADES
	Realizar testes manuais exploratórios e baseados em roteiro
	Automatizar testes no nível de sistema
	Utilizar ferramentas de apoio ao teste de software

","	Testes exploratórios
	Testes baseados em roteiro
	Teste automatizados no nível de sistema
	Ferramentas de apoio ao teste de software
",,,2024.0,2.0,Presencial,
2054916,DISCIPLINA,DIM0519,G,QUALIDADE DE SOFTWARE,DEPARTAMENTO DE INFORMÁTICA E MATEMÁTICA APLICADA,60,0,0,60,0,0,20,False,3.0,,( DIM0448 ) ,,,Históricos dos modelos de Qualidade. O conceito de Qualidade em Software. Qualidade de Produto de software. Modelos de Normalização. Modelos de Qualidade de Produto de Software: métricas. Modelos de métrica de pro-cesso. Modelos de Qualidade de Produto de Software. Qualidade de Processo de Software.,,"Proporcionar aos alunos um contato estruturado com o estado da arte na área dos modelos da Qualidade Total, de modo a que seus fundamentos possam ser compreendidos.

Debater a aplicação dos conceitos desses modelos ao contexto de serviços e, principalmente, ao projeto de sistemas e desenvolvimento de software, despertando a competência para analisar e selecionar um modelo de qualidade de software.

Criar embasamento teórico para suportar o projeto de processos eficientes de software, em conformidade com a capacidade e características organizacionais, bem como pela demanda do cliente.

Criar incentivos à motivação dos alunos no sentido da pesquisa de temas em qualidade de software utilizando os recursos da internet com a descoberta de modelos não explicitamente abordados em sala como os modelos da família RUP, Extreme Programming (XP), SCRUM, DSDM, EVO, PMBOK, SWBOK, etc. Ou ainda para desenvolver laços de associação a grupos voluntários como o SPIN, para a qualidade de software.","As empresas modernas e o contexto da qualidade. 
Históricos dos modelos de Qualidade  Primeira Onda  inspeção.
Históricos dos modelos de Qualidade  Segunda Onda  a garantia da qualidade.
Históricos dos modelos de Qualidade  Terceira Onda  gestão da qualidade e gestão pela qualidade. Os modelos de excelência. A demanda do meio-ambiente e os modelos 4Q.
As aplicações do modelo 4Q para a promoção da qualidade. O conceito de Qualidade em Software.
Dificuldades de aplicação prática do conceito de Qualidade de Software. Dificuldades conceituais, dificuldades de processo e práticas.
Qualidade de Produto de software  conceito e enquadramento dentro do modelo geral da qualidade total.
Exemplos das características necessárias para os Modelos de Produto de Software
Ferramentas da qualidade: PDCA, Diagrama de causa x efeito. Diagrama de correlação
Ferramentas da qualidade: Qualitiy Function Deployment
O modelo de Normalização ISO 9000.
Aplicação das ISO 9000 ao desenvolvimento de Software.
Estudos dos modelos de Qualidade de Produto de Software: Conceito de mensuração de requisitos  métrica. Modelos de métrica de processo: Modelo de Rayleigh, COCOMO, SOFTCOST.
Modelos de métrica de processo: SPQR, COPMO, ESTIMACS, Confiabilidade.
Estudos dos modelos de Qualidade de Produto de Software: Modelo de McCall.
Modelo de Boehm, Modelo de McConnel, Modelo de Gibb.
Modelo de Dromey
Qualidade de Processo de Software: Meta modelo de Wung. Introdução ao CMM
Modelo SW-CMM  1ª parte  visão geral
Modelo SW-CMM  2ª parte  práticas e áreas chaves.
CMMI. Diferenças com o CMM. - CIENTEC
Modelo TSP e PSP - CIENTEC
Quality Improvement Paradigm (QIP)
Modelo SPICE - ISO/IEC 15504
Modelo SPICE  2ª parte: detalhamento dos requisitos.
Modelos de Gestão de Software: Conceitos básicos. Introdução ao Modelo Trillium.
Modelos de Gestão  PNQ e IDEAL. Abordagem GOAL/Question/Metric (GQM)
Modelo EFQM-SPICE.
",,,2022.0,1.0,Presencial,
2054917,DISCIPLINA,DIM0514,G,ARQUITETURA DE SOFTWARE,DEPARTAMENTO DE INFORMÁTICA E MATEMÁTICA APLICADA,60,0,0,60,0,0,20,False,3.0,,( DIM0423 ) ,DIM0506 OU DIM0433 OU DIM0600 OU DIM0138 OU DIM0162 ,,"Definições (arquitetura de software, componente) Padrões e estilos arquiteturais: tubos e filtros, MVC, broker, etc. Visões arquiteturais. Linguagens de descrição arquitetural. Desenvolvimento baseado com Componentes. Documentação de arquiteturas. Métodos e técnicas de análise e avaliação de arquitetura de software.",,"	Introduzir conceitos relacionados a arquiteturas de software
	Fornecer subsídios para o projeto de arquiteturas de software com vistas à satisfação de requisitos funcionais e de qualidade
	Apresentar notações para o projeto e descrição de arquiteturas de software

COMPETÊNCIAS E HABILIDADES
	Compreender os principais conceitos relacionados a arquiteturas de software
	Reconhecer o papel das arquiteturas no desenvolvimento de sistemas de software e sua influência sobre atributos de qualidade
	Perceber como se dão processos de tomada de decisões arquiteturais
	Utilizar notações apropriadas para descrever arquiteturas de software

","	Conceitos em Arquitetura de Software
	Visões arquiteturais
	Estilos e padrões arquiteturais
	Descrição de arquiteturas de software
	Atributos de qualidade em arquiteturas de software
",,,2024.0,2.0,Presencial,
2054918,DISCIPLINA,DIM0515,G,MANUTENÇÃO DE SOFTWARE,DEPARTAMENTO DE INFORMÁTICA E MATEMÁTICA APLICADA,60,0,0,60,0,0,20,False,3.0,,,( DIM0506 ) ,,Introdução à manutenção de software. Categorias (tipos) de manutenção. Aspectos técnicos e gerenciais da ma-nutenção de software. Estimativa de custos e métricas para manutenção. Atividades e processos de manutenção de software. Gerência de mudanças. Reengenharia de software. Padrões de Reengenharia Orientada a Objetos. Refatoração de programas.  ,,"A manutenção de software é uma prática fundamental e está relacionada às mudanças num produto de software depois da sua entrega. Em geral, muito mais esforço é realizado para modificar sistemas de software existentes do que para criar sistemas novos. O processo de evolução de um sistema de software envolve garantir que este sistema continue útil e relevante, ao mesmo tempo mantendo sua integridade.

Este curso aborda os problemas relacionados aos processos de manutenção e evolução de software. O objetivo é o de aprender sobre as ferramentas e técnicas que facilitam a prática de manutenção e evolução em projetos de software, focando em três temas principais: (1) reengenharia de software, (2) detecção de defeitos, (3) compreensão de programas e (4) gerenciamento de sistemas legados.","Unidade 1 - Reengenharia de Software

Introdução à Manutenção de Software
Modularidade
Refatoração
Detecção e remoção de clones
Rastreamento de clones

Unidade 2 - Detecção de defeitos e compreensão de programas

Técnicas para análise estática
Técnicas para análise dinâmica
Detecção de defeitos
Sistemas de recomendação para modificacão
Mineração de repositórios de software
Visualização de Software
Compreensão de Software

Unidade 3 - Gerenciamento de Sistemas Legados e Tópicos Avançados em Evolução de Software

Migração de Sistemas Legados
Evolução de Arquitetura de Software
Programação Orientada a Aspectos e Evolução
Estudos Empíricos em Evolução de Sistemas de Código Livre
Evolução e Teste de Software
Reengenharia de Software
","Compreender a relevância das atividades de manutenção no processo de evolução de software.
Aprender sobre as principais técnicas apresentadas na literatura de pesquisa em Engenharia de Software no que tange à evolução de sistemas.
Desenvolver senso crítico com relação às melhores práticas para manutenção preventiva de software.",,2012.0,2.0,Presencial,
2054919,DISCIPLINA,DIM0516,G,MÉTODOS FORMAIS DE ENGENHARIA DE SOFTWARE,DEPARTAMENTO DE INFORMÁTICA E MATEMÁTICA APLICADA,60,0,0,60,0,0,20,False,3.0,,( DIM0419 ) ,DIM0505 OU ( ( DIM0610 OU DIM0157 ) E ( IMD0039 OU DIM0117 ) ) ,,Especificações formais baseadas em conjuntos. Especificação de dados e operações. Refinamentos sucessivos e implementação. Ferramentas para desenvolvimento de especificações formais.  Outras técnicas de especificação formal.,,"Apresentar conceitos de especificações formais, incluindo conceitos básicos, modelagem formal, análise, desenvolvimento orientado a modelos e geração de código.

COMPETÊNCIAS E HABILIDADES
	Obter conhecimento teórico sobre a aplicação de métodos formais
	Especificar, analisar, e desenvolver sistemas de maneira rigorosa seguindo o estilo de desenvolvimento orientado a modelos
","	Máquinas abstratas e sua consistência
	Revisão de conjuntos e lógica
	Pré-condições mais fracas
	Parâmetros, conjuntos e Constantes
	Relações
	Funções
	Sequências
	Arrays
	Não-determinismo
	Estruturação de projetos
	Refinamento de dados
	Refinamento de não-determinismo
	Obrigações de prova de refinamento
	Loops
	Implementação
	B
",,,2024.0,1.0,Presencial,
2054920,DISCIPLINA,DIM0590,G,PROPOSTA DE TRABALHO DE CONCLUSÃO DE CURSO,DEPARTAMENTO DE INFORMÁTICA E MATEMÁTICA APLICADA,30,0,0,30,0,0,20,False,3.0,,( DIM0405 ) ,,,Elaboração da proposta da trabalho de conclusão de curso junto ao professor orientador.,,"Elaboração da proposta da trabalho de conclusão de curso junto ao professor orientador.
","Elaboração da proposta da trabalho de conclusão de curso junto ao professor orientador.
",,,2024.0,2.0,Presencial,
2054921,DISCIPLINA,DIM0517,G,GERÊNCIA DE CONFIGURAÇÃO E MUDANÇAS,DEPARTAMENTO DE INFORMÁTICA E MATEMÁTICA APLICADA,60,0,0,60,0,0,20,False,3.0,,,DIM0116 OU IMD0040 OU DIM0176 ,,"Introdução à gerência de configuração de software. Conceitos básicos. Processos e atividades de gerência de con-figuração. Identificação e controle de itens de configuração. Controle de versões e definição de linhas base (base-lines). Integração das atividades de gerência de configuração com outras fases e atividades do desenvolvimento. Ferramentas para gerência de configuração e mudanças. Gerência de configuração para diferentes contextos: desenvolvimento distribuído de software, desenvolvimento ágil (integração contínua), etc. Princípios e boas práti-cas de gerência de configuração. ",,"	Discutir as principais abordagens utilizadas para gerência de configurações e mudanças na Engenharia de Software
	Identificar benefícios e limitações de cada abordagem frente a diferentes contextos de desenvolvimento de software
	Adquirir conhecimentos práticos e teóricos sobre a gerência de configuração de mudanças
	Realizar estudos de caso sobre abordagens de gerência de configuração e mudanças
	Compreender aspectos do gerenciamento de riscos de projeto e garantia de qualidade

COMPETÊNCIAS E HABILIDADES
Desenvolver competências e habilidades relacionadas a comunicação, trabalho em equipe, assertividade, gerenciamento de tempo, pensamento crítico, planejamento e estimativa, gerenciamento de riscos, gestão de projeto e gestão de mudanças","	Conceitos introdutórios
	Padrões de gerência de configuração
	Controle de versão
	Gerência de mudanças
	Ferramentas de automação de build
	Integração contínua
	Entrega contínua
	Gerenciamento de riscos
	Garantia de qualidade
",,,2024.0,1.0,Presencial,
2054922,DISCIPLINA,DIM0518,G,PLANEJAMENTO E GERENCIAMENTO DE PROJETOS,DEPARTAMENTO DE INFORMÁTICA E MATEMÁTICA APLICADA,60,0,0,60,0,0,20,False,3.0,,,IMD0040 OU DIM0116 OU ( DIM0176 E DIM0119 ) ,,"Planejamento de projetos. Métricas de software. Estimativas de software: modelos algorítmicos (COCOMO), pon-tos de função, técnicas baseadas em experiência. Elaboração da estrutura analítica de projetos (WBS). Técnicas PERT/CPM. Diagrama de Gantt.. Análise de riscos. Documentação do plano de projeto. Integração do plano de projeto com o plano de qualidade, plano de manutenção e versões, etc.",,"Possibilitar a experiencia em gerenciar projetos de desenvolvimento de software através da teoria sobre principais práticas de acompanhamento de projeto e a experiencia em gerenciar projetos executados em outros componentes curriculares que fazem uso de projetos.

COMPETÊNCIAS E HABILIDADES
	Entender como os projetos são criados, planejados, executados e acompanhados
	Conhecer as habilidades necessárias para gerenciar projetos e pessoas
","	Fundamentos gerais de projetos
	Conceitos de projetos no contexto de projetos de software
	PMBOK
	Estudo do GTD (método de organizacao pessoal)
	Tecnicas de produtividade
	Canvas para projeto
	Scrum
	Áreas de conhecimento do PMBOK
	Relacionamento entre Scrum e PMBOK
	Iniciação do projeto
	Planejamento do projeto
	Execução do projeto
	Acompanhamento do projeto
	Termino do projeto
",,,2024.0,1.0,Presencial,
2054923,DISCIPLINA,DIM0520,G,MODELAGEM DE PROCESSOS DE NEGÓCIO,DEPARTAMENTO DE INFORMÁTICA E MATEMÁTICA APLICADA,60,0,0,60,0,0,20,False,3.0,,,( DIM0504 ) OU ( DIM0506 OU DIM0600 OU DIM0138 ) ,,"Introdução à modelagem de processo de negócio (MPN): termos, conceitos e princípios. Análise e modelagem de processos. Notações para MPN. Modelagem com BPMN. Ferramentas e tecnologias para MPN (ARIS). Diagrama de contexto, decomposição funcional. Validação de modelos.",,"Será definido posteriormente.
Será definido posteriormente.
Será definido posteriormente.
Será definido posteriormente.
Será definido posteriormente.","Será definido posteriormente.
Será definido posteriormente.
Será definido posteriormente.
Será definido posteriormente.
Será definido posteriormente.",,,2024.0,2.0,Presencial,
2054924,DISCIPLINA,DIM0521,G,DESENVOLVIMENTO DE SOFTWARE DE TEMPO-REAL,DEPARTAMENTO DE INFORMÁTICA E MATEMÁTICA APLICADA,45,15,0,60,0,0,20,False,3.0,,,( IMD0036 OU IMD0042 OU DIM0615 OU DIM0131 ) E ( DIM0600 OU DIM0506 OU DIM0138 ) ,,"Conceitos de sistemas de tempo-real. Exemplos de aplicações. Requisitos operacionais para sistemas de tempo-real. Arquitetura de software de sistemas de tempo-real. Métodos de desenvolvimento de software de temporeal. Técnicas de modelagem e especificação de sistemas de tempo. Teoria de escalonamento de software de tempo-real: escalonamento de tarefas periódicas: taxa monotônica, prazo monotônico, prazo mais cedo primeiro, inversão de prioridade, protocolo de prioridade teto. Escalonamento de tarefas aperiódicas. ",,Este conteúdo será definido pelo professor de acordo com o PPP e detalhado  no primeiro dia de aula,Este conteúdo será definido pelo professor de acordo com o PPP e detalhado  no primeiro dia de aula,Este conteúdo será definido pelo professor de acordo com o PPP e detalhado  no primeiro dia de aula,,2014.0,2.0,Presencial,
2054910,DISCIPLINA,DIM0506,G,PROJETO DETALHADO DE SOFTWARE,DEPARTAMENTO DE INFORMÁTICA E MATEMÁTICA APLICADA,60,0,0,60,0,0,20,False,3.0,,DIM0138 ,( IMD0040 ) OU ( DIM0116 ) ,,"Introdução ao Projeto Detalhado de Software. Princípios de Projeto de Software: herança x delegação, acopla-mento, coesão, definição de contratos/interfaces. Padrões de Projeto Orientado a Objetos. Métricas e ferramen-tas para avaliação da qualidade do projeto detalhado. Engenharia direta e reversa. Projeto de Bibliotecas e Fra-meworks OO. Introdução a técnicas de Refatoração.  ",,"	Capacitar em projeto orientado a objetos, através do aprendizado de princípios e técnicas de projeto orientado a objetos
	Capacitar quanto a aplicação de técnicas orientadas a objeto no projeto de sistemas de software
	Capacitar o aluno na avaliação de seu projeto orientado a objetos, através do uso de métricas de código

COMPETÊNCIAS E HABILIDADES
	Entender e aplicar princípios e padrões de projeto orientado a objetos
	Desenvolver frameworks orientados a objetos usando as principais técnicas de projeto orientado a objetos
	Avaliar a qualidade de projeto orientado a objetos tendo em vista princípios e métricas de orientação a objetos
","	Visão geral de projeto detalhado
	Revisão de conceitos de Orientação a Objetos (OO)
	UML - Linguagem de Modelagem Unificada
	Mapeamento de Diagramas de Classes UML para código Java
	Princípios de projeto OO
	Padrões de projeto OO
	Frameworks OO
	Refatoração de programas
	Métricas de Software
",,,2019.0,1.0,Presencial,
2054925,DISCIPLINA,DIM0522,G,LINHAS DE PRODUTO DE SOFTWARE,DEPARTAMENTO DE INFORMÁTICA E MATEMÁTICA APLICADA,60,0,0,60,0,0,20,False,3.0,,,( IMD0040 OU DIM0116 ) ,,"Introdução a Linhas de Produto de Software. Conceitos e Fundamentos na Área (Características, Pontos de Varia-ção, Variações). Modelagem e Gerência de Variabilidades. Processos de Desenvolvimento de Linhas de Produto de Software: Engenharia de Domínio e de Aplicação. Derivação Automática de Produtos de Software. Estratégias de Adoção de Linhas de Produto de Software (Extrativa, Reativa, Proativa). Técnicas para implementação de vari-ações em linhas de produto de software. ",,Os objetivos serão fornecidos pelo professor. ,Os objetivos serão fornecidos pelo professor. ,Os objetivos serão fornecidos pelo professor. ,,2016.0,2.0,Presencial,
2054927,DISCIPLINA,DIM0524,G,DESENVOLVIMENTO DE SISTEMAS PARA DISPOSITIVOS MÓVEIS,DEPARTAMENTO DE INFORMÁTICA E MATEMÁTICA APLICADA,60,0,0,60,0,0,20,False,3.0,,,IMD0040 OU DIM0111 OU DIM0116 OU ( DIM0176 E DIM0117 ) ,,"Motivação para o Desenvolvimento de Sistemas para Dispositivos Móveis (SDM). Características, Desafios e Prin-cípios para o desenvolvimento de SDMs. Arquiteturas de software para SDMs. Padrões de projeto para SDMs. Plataformas, linguagens de programação e ambientes de desenvolvimento para SDMs. ",,"	Prover capacitação para a aplicação de boas práticas em arquiteturas de sistemas móveis, através do uso de princípios, boas práticas e tecnologias voltadas para este tipo de ambiente
	Prover capacitação para o desenvolvimento de aplicações móveis usando tecnologias modernas
	Prover capacitação para fazer uso dos serviços presentes nas plataformas de dispositivos móveis
	Identificar o processo de construção e implantação de uma aplicação móvel
	Integrar de dispositivos móveis com sistemas de informação utilizando serviços Web

COMPETÊNCIAS E HABILIDADES
	Conhecer tecnologias e técnicas envolvidas no desenvolvimento aplicações para dispositivos móveis
	Projetar, implementar e implantar aplicações para dispositivos móveis fazendo uso das plataformas de dispositivos móveis
	Possuir capacidade de análise crítica de soluções para o desenvolvimento de aplicações móveis
	Possuir domínio de técnicas e tecnologias para o projeto de arquiteturas de aplicações móveis, assim como uso de boas práticas para implementação das mesmas
","	Introdução à plataforma Android e sua arquitetura
	Componentes da plataforma Android: Activities, Content Providers, Services e Broadcast Receivers
	Configuração do Android Studio
	Aplicações no Android (AndroidManifest.xml, Activities, Resources, Logging, API de compatibilidade, permissões de acesso)
	Activities e seu ciclo de vida
	Threads no Android (UI thread, Handlers e AsyncTasks)
	Introdução ao Material Design
	Interface Gráfica com Layouts, Views, Adapters, Dialogs, Actions Bar e Menus
	Interface Gráfica com Fragments
	Integrando componentes com Intents
	Broadcast Receivers e seu ciclo de vida
	Recursos do dispositivo: Notificação, Toasts e Alarms
	Services e seu ciclo de vida
	Serviços de localização
	Integração de aplicativos com o Google Maps
	Armazenamento em arquivo e banco de dados (SQLite)
	Content Providers e seu ciclo de vida
	Serviços Web e consumo de APIs
	Publicação na Google Play Store
",,,2024.0,2.0,Presencial,
2054928,DISCIPLINA,DIM0529,G,DESENVOLVIMENTO EM TIMES,DEPARTAMENTO DE INFORMÁTICA E MATEMÁTICA APLICADA,60,0,0,60,0,0,20,False,3.0,,( DIM0314 ) ,,,Proporcionar aos alunos o ferramental teórico e as experiências práticas necessárias ao Trabalho em Times. Apli-car em vários contextos os conceitos teóricos desenvolvidos,,Este conteúdo será definido pelo professor de acordo com o PPP e detalhado  no primeiro dia de aula,Este conteúdo será definido pelo professor de acordo com o PPP e detalhado  no primeiro dia de aula,,,2020.0,1.0,Presencial,
2054929,DISCIPLINA,DIM0530,G,DESENVOLVIMENTO DE JOGOS,DEPARTAMENTO DE INFORMÁTICA E MATEMÁTICA APLICADA,60,0,0,60,0,0,20,False,3.0,,,( DIM0111 ) ,,"Animação baseada em sprites. Gestão de telas 2D. Técnicas de IA em jogos. Algoritmos de navegação. Com-portamentos de navegação. Planejamento indivual de NPCs. Estratégias coletivas. Técnicas de visualização em ambientes fechados (indoor). Técnicas de visualização em ambientes abertoos (outdoor). BSPs, portais, quadtrees e BTTs. Geomipmapping.",,"Animação baseada em sprites. Gestão de telas 2D. Técnicas de IA em jogos. Algoritmos de navegação. Com-portamentos de navegação. Planejamento indivual de NPCs. Estratégias coletivas. Técnicas de visualização em ambientes fechados (indoor). Técnicas de visualização em ambientes abertoos (outdoor). BSPs, portais, quadtrees e BTTs. Geomipmapping.","Animação baseada em sprites. Gestão de telas 2D. Técnicas de IA em jogos. Algoritmos de navegação. Com-portamentos de navegação. Planejamento indivual de NPCs. Estratégias coletivas. Técnicas de visualização em ambientes fechados (indoor). Técnicas de visualização em ambientes abertoos (outdoor). BSPs, portais, quadtrees e BTTs. Geomipmapping.","Animação baseada em sprites. Gestão de telas 2D. Técnicas de IA em jogos. Algoritmos de navegação. Com-portamentos de navegação. Planejamento indivual de NPCs. Estratégias coletivas. Técnicas de visualização em ambientes fechados (indoor). Técnicas de visualização em ambientes abertoos (outdoor). BSPs, portais, quadtrees e BTTs. Geomipmapping.",,2014.0,1.0,Presencial,
2054930,DISCIPLINA,DIM0531,G,TÓPICOS ESPECIAIS EM ENGENHARIA DE SOFTWARE I,DEPARTAMENTO DE INFORMÁTICA E MATEMÁTICA APLICADA,60,0,0,60,0,0,20,True,3.0,,,,,"Este componente cobre temas de Engenharia de Software não
contemplados em outros componentes curriculares, podendo variar a cada
oferta de turma. A área de Engenharia de Software é extremamente
dinâmica e requer que, além de um conjunto fixo de componentes
obrigatórios e optativos com ementa pré-definida, se tenha a flexibilidade
de oferecer ao aluno exposição a temas inovadores e de tendências atuais
que, mais tarde, após algum amadurecimento, podem vir a ser
introduzidos como componentes optativos. Para permitir que o aluno
participe de turmas de diferentes temas, no mesmo ou em diferentes
semestres, é necessário termos um conjunto de códigos para que temas
diferentes sejam oferecidos com códigos diferentes pela coordenação do
curso de forma rotativa ao longo do tempo. Este é o primeiro componente
de 60 horas-aula desta sequência.
",,"Proporcionar aos alunos capacitação e experiência no desenvolvimento de produtos ou serviços de software, com prazos e clientes bem definidos, organizado-se em fábricas de software e definindo-se metas, plano de projeto, processos, papéis, ambientes e ferramentas a serem utilizadas.","Modelos de fábricas de software
Ambientes de desenvolvimento
Métricas e controle
Planejamento e gerência de projetos
Produtividade em desenvolvimento de software
Plataformas e tecnologias de suporte",,,2020.0,1.0,Presencial,
2054931,DISCIPLINA,DIM0532,G,TÓPICOS ESPECIAIS EM ENGENHARIA DE SOFTWARE II,DEPARTAMENTO DE INFORMÁTICA E MATEMÁTICA APLICADA,60,0,0,60,0,0,20,True,3.0,,,,,"Este componente cobre temas de Engenharia de Software não
contemplados em outros componentes curriculares, podendo variar a cada
oferta de turma. A área de Engenharia de Software é extremamente
dinâmica e requer que, além de um conjunto fixo de componentes
obrigatórios e optativos com ementa pré-definida, se tenha a flexibilidade
de oferecer ao aluno exposição a temas inovadores e de tendências atuais
que, mais tarde, após algum amadurecimento, podem vir a ser
introduzidos como componentes optativos. Para permitir que o aluno
participe de turmas de diferentes temas, no mesmo ou em diferentes
semestres, é necessário termos um conjunto de códigos para que temas
diferentes sejam oferecidos com códigos diferentes pela coordenação do
curso de forma rotativa ao longo do tempo. Este é o segundo componente
de 60 horas-aula desta sequência.",,Arquitetura de Microserviços," Tópicos Avançados em Interação Humano-Computador (Artefatos Físicos de Interação).
 Tópicos Avançados em Interação Humano-Computador (Artefatos Físicos de Interação).
 Tópicos Avançados em Interação Humano-Computador (Artefatos Físicos de Interação).
",,,2023.0,1.0,Presencial,
2054932,DISCIPLINA,DIM0533,G,TÓPICOS ESPECIAIS EM ENGENHARIA DE SOFTWARE III,DEPARTAMENTO DE INFORMÁTICA E MATEMÁTICA APLICADA,60,0,0,60,0,0,20,True,3.0,,,,,"Este componente cobre temas de Engenharia de Software não
contemplados em outros componentes curriculares, podendo variar a cada
oferta de turma. A área de Engenharia de Software é extremamente
dinâmica e requer que, além de um conjunto fixo de componentes
obrigatórios e optativos com ementa pré-definida, se tenha a flexibilidade
de oferecer ao aluno exposição a temas inovadores e de tendências atuais
que, mais tarde, após algum amadurecimento, podem vir a ser
introduzidos como componentes optativos. Para permitir que o aluno
participe de turmas de diferentes temas, no mesmo ou em diferentes
semestres, é necessário termos um conjunto de códigos para que temas
diferentes sejam oferecidos com códigos diferentes pela coordenação do
curso de forma rotativa ao longo do tempo. Este é o terceiro componente
de 60 horas-aula desta sequência.
",,"Esta disciplina aborda o fenômeno do Desenvolvimento Distribuído de Software (DDS) e ilustra os conceitos básicos da área de CSCW [1] (ou Sistemas Colaborativos) que permitem compreender aspectos como (1) comunicação, coordenação e awareness entre desenvolvedores de software distribuídos globalmente, (2) teste e integração em times distribuídos, (3) ferramentas para desenvolvimento distribuído de software e (4) gestão de projetos distribuídos e (5) mídias sociais e Engenharia de Software. A parte prática consistirá na experimentação através do uso das ferramentas atuais para suporte ao desenvolvimento distribuído de software e do desenvolvimento de uma aplicação em colaboração com os demais alunos da disciplina. Ao final do curso, o aluno será capaz de compreender conceitos chave da área de Sistemas Colaborativos e como estes conceitos se aplicam ao Desenvolvimento Distribuído de Software, bem como terá desenvolvido habilidades para conduzir, coordenar e gerir projetos desta natureza.

Bibliografia: 
[1] Resources, Co-Evolution and Artifacts: Theory in CSCW (Computer Supported Cooperative Work) by Mark S. Ackerman, Christine A. Halverson, Thomas Erickson and Wendy A. Kellogg (Dec 10, 2010)
[2] Artigos selecionados da literatura
","Esta disciplina aborda o fenômeno do Desenvolvimento Distribuído de Software (DDS) e ilustra os conceitos básicos da área de CSCW [1] (ou Sistemas Colaborativos) que permitem compreender aspectos como (1) comunicação, coordenação e awareness entre desenvolvedores de software distribuídos globalmente, (2) teste e integração em times distribuídos, (3) ferramentas para desenvolvimento distribuído de software e (4) gestão de projetos distribuídos e (5) mídias sociais e Engenharia de Software. A parte prática consistirá na experimentação através do uso das ferramentas atuais para suporte ao desenvolvimento distribuído de software e do desenvolvimento de uma aplicação em colaboração com os demais alunos da disciplina. Ao final do curso, o aluno será capaz de compreender conceitos chave da área de Sistemas Colaborativos e como estes conceitos se aplicam ao Desenvolvimento Distribuído de Software, bem como terá desenvolvido habilidades para conduzir, coordenar e gerir projetos desta natureza.

Bibliografia: 
[1] Resources, Co-Evolution and Artifacts: Theory in CSCW (Computer Supported Cooperative Work) by Mark S. Ackerman, Christine A. Halverson, Thomas Erickson and Wendy A. Kellogg (Dec 10, 2010)
[2] Artigos selecionados da literatura
",,,2019.0,2.0,Presencial,
2054950,DISCIPLINA,DIM0534,G,TÓPICOS ESPECIAIS EM ENGENHARIA DE SOFTWARE IV,DEPARTAMENTO DE INFORMÁTICA E MATEMÁTICA APLICADA,60,0,0,60,0,0,20,True,3.0,,,,,"Este componente cobre temas de Engenharia de Software não
contemplados em outros componentes curriculares, podendo variar a cada
oferta de turma. A área de Engenharia de Software é extremamente
dinâmica e requer que, além de um conjunto fixo de componentes
obrigatórios e optativos com ementa pré-definida, se tenha a flexibilidade
de oferecer ao aluno exposição a temas inovadores e de tendências atuais
que, mais tarde, após algum amadurecimento, podem vir a ser
introduzidos como componentes optativos. Para permitir que o aluno
participe de turmas de diferentes temas, no mesmo ou em diferentes
semestres, é necessário termos um conjunto de códigos para que temas
diferentes sejam oferecidos com códigos diferentes pela coordenação do
curso de forma rotativa ao longo do tempo. Este é o quarto componente
de 60 horas-aula desta sequência.
",,"Variável, de acordo com o tópico escolhido.","Variável, de acordo com o tópico escolhido.",,,2024.0,2.0,Presencial,
2054951,DISCIPLINA,DIM0535,G,TÓPICOS ESPECIAIS EM ENGENHARIA DE SOFTWARE V,DEPARTAMENTO DE INFORMÁTICA E MATEMÁTICA APLICADA,60,0,0,60,0,0,20,True,3.0,,,,,"Este componente cobre temas de Engenharia de Software não
contemplados em outros componentes curriculares, podendo variar a cada
oferta de turma. A área de Engenharia de Software é extremamente
dinâmica e requer que, além de um conjunto fixo de componentes
obrigatórios e optativos com ementa pré-definida, se tenha a flexibilidade
de oferecer ao aluno exposição a temas inovadores e de tendências atuais
que, mais tarde, após algum amadurecimento, podem vir a ser
introduzidos como componentes optativos. Para permitir que o aluno
participe de turmas de diferentes temas, no mesmo ou em diferentes
semestres, é necessário termos um conjunto de códigos para que temas
diferentes sejam oferecidos com códigos diferentes pela coordenação do
curso de forma rotativa ao longo do tempo. Este é o quinto componente
de 60 horas-aula desta sequência.
",,"Desenvolver competências nas área de Computação Ubíqua, Internet das Coisas e Computação em Nuvem.","Computação Ubíqua, Internet das Coisas e Computação em Nuvem.",,,2023.0,2.0,Presencial,
2054952,DISCIPLINA,DIM0536,G,TÓPICOS ESPECIAIS EM ENGENHARIA DE SOFTWARE VI,DEPARTAMENTO DE INFORMÁTICA E MATEMÁTICA APLICADA,60,0,0,60,0,0,20,True,3.0,,,,,"Este componente cobre temas de Engenharia de Software não
contemplados em outros componentes curriculares, podendo variar a cada
oferta de turma. A área de Engenharia de Software é extremamente
dinâmica e requer que, além de um conjunto fixo de componentes
obrigatórios e optativos com ementa pré-definida, se tenha a flexibilidade
de oferecer ao aluno exposição a temas inovadores e de tendências atuais
que, mais tarde, após algum amadurecimento, podem vir a ser
introduzidos como componentes optativos. Para permitir que o aluno
participe de turmas de diferentes temas, no mesmo ou em diferentes
semestres, é necessário termos um conjunto de códigos para que temas
diferentes sejam oferecidos com códigos diferentes pela coordenação do
curso de forma rotativa ao longo do tempo. Este é o sexto componente de
60 horas-aula desta sequência.",,Frameworks Javascript para frontend,Este conteúdo será definido pelo professor de acordo com o PPP e detalhado  no primeiro dia de aula,,,2024.0,1.0,Presencial,
2054953,DISCIPLINA,DIM0537,G,TÓPICOS ESPECIAIS EM ENGENHARIA DE SOFTWARE VII,DEPARTAMENTO DE INFORMÁTICA E MATEMÁTICA APLICADA,60,0,0,60,0,0,20,True,3.0,,,,,"Este componente cobre temas de Engenharia de Software não
contemplados em outros componentes curriculares, podendo variar a cada
oferta de turma. A área de Engenharia de Software é extremamente
dinâmica e requer que, além de um conjunto fixo de componentes
obrigatórios e optativos com ementa pré-definida, se tenha a flexibilidade
de oferecer ao aluno exposição a temas inovadores e de tendências atuais
que, mais tarde, após algum amadurecimento, podem vir a ser
introduzidos como componentes optativos. Para permitir que o aluno
participe de turmas de diferentes temas, no mesmo ou em diferentes
semestres, é necessário termos um conjunto de códigos para que temas
diferentes sejam oferecidos com códigos diferentes pela coordenação do
curso de forma rotativa ao longo do tempo. Este é o sétimo componente
de 60 horas-aula desta sequência.
",,Este programa será cadastrado em breve pela coordenação do curso,Este programa será cadastrado em breve pela coordenação do curso,,,2024.0,2.0,Presencial,
2054954,DISCIPLINA,DIM0538,G,TÓPICOS ESPECIAIS EM ENGENHARIA DE SOFTWARE VIII,DEPARTAMENTO DE INFORMÁTICA E MATEMÁTICA APLICADA,60,0,0,60,0,0,20,True,3.0,,,,,"Este componente cobre temas de Engenharia de Software não
contemplados em outros componentes curriculares, podendo variar a cada
oferta de turma. A área de Engenharia de Software é extremamente
dinâmica e requer que, além de um conjunto fixo de componentes
obrigatórios e optativos com ementa pré-definida, se tenha a flexibilidade
de oferecer ao aluno exposição a temas inovadores e de tendências atuais
que, mais tarde, após algum amadurecimento, podem vir a ser
introduzidos como componentes optativos. Para permitir que o aluno
participe de turmas de diferentes temas, no mesmo ou em diferentes
semestres, é necessário termos um conjunto de códigos para que temas
diferentes sejam oferecidos com códigos diferentes pela coordenação do
curso de forma rotativa ao longo do tempo. Este é o oitavo componente
de 60 horas-aula desta sequência.",,Implementação de Arquiteturas Reativas,Este programa será cadastrado em breve pela coordenação do curso,,,2024.0,2.0,Presencial,
2054955,DISCIPLINA,DIM0539,G,TÓPICOS ESPECIAIS EM ENGENHARIA DE SOFTWARE IX,DEPARTAMENTO DE INFORMÁTICA E MATEMÁTICA APLICADA,30,0,0,30,0,0,20,True,3.0,,,,,"Este componente cobre temas de Engenharia de Software não
contemplados em outros componentes curriculares, podendo variar a cada
oferta de turma. A área de Engenharia de Software é extremamente
dinâmica e requer que, além de um conjunto fixo de componentes
obrigatórios e optativos com ementa pré-definida, se tenha a flexibilidade
de oferecer ao aluno exposição a temas inovadores e de tendências atuais
que, mais tarde, após algum amadurecimento, podem vir a ser
introduzidos como componentes optativos. Para permitir que o aluno
participe de turmas de diferentes temas, no mesmo ou em diferentes
semestres, é necessário termos um conjunto de códigos para que temas
diferentes sejam oferecidos com códigos diferentes pela coordenação do
curso de forma rotativa ao longo do tempo. Este é o primeiro componente
de 30 horas-aula desta sequência.",,Arquitetura de Microserviços,Este conteúdo será adicionado pelo docente,,,2023.0,1.0,Presencial,
2054956,DISCIPLINA,DIM0540,G,TÓPICOS ESPECIAIS EM ENGENHARIA DE SOFTWARE X,DEPARTAMENTO DE INFORMÁTICA E MATEMÁTICA APLICADA,30,0,0,30,0,0,20,True,3.0,,,,,"Este componente cobre temas de Engenharia de Software não
contemplados em outros componentes curriculares, podendo variar a cada
oferta de turma. A área de Engenharia de Software é extremamente
dinâmica e requer que, além de um conjunto fixo de componentes
obrigatórios e optativos com ementa pré-definida, se tenha a flexibilidade
de oferecer ao aluno exposição a temas inovadores e de tendências atuais
que, mais tarde, após algum amadurecimento, podem vir a ser
introduzidos como componentes optativos. Para permitir que o aluno
participe de turmas de diferentes temas, no mesmo ou em diferentes
semestres, é necessário termos um conjunto de códigos para que temas
diferentes sejam oferecidos com códigos diferentes pela coordenação do
curso de forma rotativa ao longo do tempo. Este é o segundo componente
de 30 horas-aula desta sequência.
",,Programação em Go,A definir,,,2023.0,1.0,Presencial,
2054957,DISCIPLINA,DIM0502,G,PROGRAMAÇÃO DISTRIBUÍDA,DEPARTAMENTO DE INFORMÁTICA E MATEMÁTICA APLICADA,30,30,0,60,0,0,20,False,3.0,,( DIM0444 ) OU ( DIM0614 ) ,( IMD0042 E IMD0043 ) OU ( DIM0500 ) ,,Introdução a computação distribuída; Comunicação Inter-processos; Sockets; TCP/IP; Comunicação cliente-servidor; Sockets em Java; Prgramação de clientes e serviços; Desenvolvimento de servidor HTTP e segurança HTTP; Servidores Proxy; Acesso a banco de dados via Socket; Serialização de objetos e envio via socket; messagens com assinatura digital; RMI; CORBA. ,,"	Apresentar os conceitos básicos relacionados com programação distribuída
	Apresentar diferentes tipos de aplicações distribuídas
	presentar mecanismos usados para programação distribuída, incluindo os básicos e tradicionais, bem como mecanismos modernos e avançados
	Implementar aplicações distribuídas usando os mecanismos estudados e ambientes de programação que ofereçam tais mecanismos

COMPETÊNCIAS E HABILIDADES
	Compreender os conceitos e desafios da computação distribuída
	Conhecer diferentes classes de aplicações distribuídas, bem como seus requisitos
	Conhecer mecanismos tradicionais e mecanismos modernos para programação distribuída
	Saber comparar os diferentes mecanismos para programação distribuída, elencando vantagens e desvantagens de cada um deles
	Saber implementar programas distribuídos usando os diferentes mecanismos estudados
	Saber utilizar ambientes para programação de aplicações distribuídas
","	Conceitos básicos: histórico, terminologia
	Visão geral das abstrações para programação distribuída: bibliotecas, bibliotecas + ferramentas, middleware, linguagens de programação distribuídas
	Mecanismos para comunicação entre processos
	Serviços Web
	Middleware
	Computação em Nuvem
	Internet das Coisas
","Ao final do curso, o aluno possuirá competências e habilidades
relacionadas à análise e projeto de sistemas distribuídos; à
proposição de novos (ou alteração dos já existentes) paradigmas de
programação e serviços; a realizar implementações considerando-se os
problemas reais da sociedade; a trabalhar em equipe; e a exercer
atividades voltadas para o auto-aprendizado.",,2015.0,2.0,Presencial,
2054926,DISCIPLINA,DIM0523,G,DESENVOLVIMENTO DIRIGIDO POR MODELOS,DEPARTAMENTO DE INFORMÁTICA E MATEMÁTICA APLICADA,60,0,0,60,0,0,20,False,3.0,,,( DIM0514 ) ,,"Introdução ao Desenvolvimento Dirigido por Modelos. Conceitos e Fundamentos na Área (Modelos, Metamode-los, Transformações, Geradores). Metamodelagem. Manipulação de Modelos. Transformação de Modelos. Meto-dologias de desenvolvimento dirigido por modelos. Ferramentas e linguagens de transformação e manipulação de modelos. Geração de Código. ",,,,,,,,Presencial,
2054909,DISCIPLINA,DIM0509,G,BANCO DE DADOS,DEPARTAMENTO DE INFORMÁTICA E MATEMÁTICA APLICADA,60,30,0,90,90,0,20,False,3.0,,( DIM0434 E DIM0344 ) ,( DIM0110 E DIM0450 ) ,,X,,"Este componente curricular tem como objetivo apresentar conceitos de banco
>> de dados,
>> incluindo conceitos básicos, modelos de banco de dados, mapeamentos entre
>> modelos,
>> linguagens de consulta e aplicações, concorrência e segurança. ","Introdução, Sistemas de Gerência de BD, Modelos de Dados
>> Relacional, Modelos de Dados Entidade-Relacionamento,
>> Mapeamentos, Normalização, Álgebra Relacional, Linguagens de Consulta,
>> Integridade, Visões, Autorização de Acesso, Recuperação a Falhas,
>> Transações
>> e Controle de Concorrência, Projeto de Banco de Dados e Implementação ","Ao completar este componente, o aluno terá
>> conhecimento sobre o histórico de bancos de
>> dados, bem como será capaz de: produzir e checar diagramas de
>> especificação;
>> projetar estruturas relacionais válidas e normalizadas a partir de
>> diagramas; criar aplicações centradas em dados. ",,2010.0,2.0,Presencial,
2054908,DISCIPLINA,DIM0503,G,PROGRAMAÇÃO CONCORRENTE,DEPARTAMENTO DE INFORMÁTICA E MATEMÁTICA APLICADA,60,30,0,90,90,0,20,False,3.0,,,( DIM0108 E DIM0500 ) ,,X,,será que o controle de consistência passa esse teste.,"Nélio Cacho irá preencher este cadastro.
Acho que tenho que descrever mais.","Desenvolver algoritmos concorrentes.
Transações atômicas.
identificar race conditions.",,2011.0,2.0,Presencial,
2054906,DISCIPLINA,DIM0504,G,ANÁLISE E PROJETO ORIENTADO A OBJETOS,DEPARTAMENTO DE INFORMÁTICA E MATEMÁTICA APLICADA,60,0,0,60,0,0,20,False,3.0,,( DIM0107 ) ,,( IMD0040 OU DIM0116 ) ,"Paradigma de orientação à objetos. Conceito de classe, tipo abstrato de dados e herança. Metodologias orien-tadas a objetos para Análise e projetos. Exercícios práticos.",,"Oferecer oportunidades para exercitar as atividades de análise e projeto orientado a objetos, utilizando os modelos da UML.

COMPETÊNCIAS E HABILIDADES: 
	Estruturar o software atentando para as propriedades de coesão e acoplamento
	Analisar e especificar software usando UML
","	O processo de desenvolvimento de software
	Conceitos do paradigma de orientação a objetos
	Mecanismos gerais da UML
	Modelagem de casos de uso
	Modelagem de classes de análise e projeto
	Modelagem de interações
	Modelagem de estados
	Modelagem de atividades
	Arquitetura do sistema: Diagrama de componentes e de implantação
",,,2024.0,2.0,Presencial,
42164,DISCIPLINA,DIM0542.0,G,PROGRAMAÇÃO CONCORRENTE,DEPARTAMENTO DE INFORMÁTICA E MATEMÁTICA APLICADA,60,0,0,60,0,0,20,False,3.0,,( DIM0503 OU DIM0612 ) ,( DIM0108 E DIM0500 ) ,,"Introdução aos Sistemas Concorrente: definições, caracterização, classificação e exemplos. Programação Concorrente: efinições, primitivas básicas, problemas clássicos. Caracterização de tempo em programação; Multi-programação via Processos; Comunicação via Memória Compartilhada; Sincronização via Semáforos; Multi-programação via Threads; Comunicação via troca de Mensagens (Sockets).",,A disciplina tem como objetivo apresentar os conceitos de programação concorrente para que o aluno consiga desenvolver técnicas para a programas que rodem em mais de um processo ou thread.,"Introdução aos Sistemas Concorrente: definições, caracterização, classificação e exemplos. Programação Concorrente: efinições, primitivas básicas, problemas clássicos. Caracterização de tempo em programação; Multi-programação via Processos; Comunicação via Memória Compartilhada; Sincronização via Semáforos; Multi-programação via Threads; Comunicação via troca de Mensagens (Sockets).","Entender e racionar sobre programa que tem mais de uma linha de execução. Conhecer os problemas clássicos de concorrência e sincronismo. Conhecer as soluções que evitam deadlocks, starvation, etc.",,2012.0,1.0,Presencial,
42165,DISCIPLINA,DIM0542.1,G,PRATICA DE PROGRAMAÇÃO CONCORRENTE,DEPARTAMENTO DE INFORMÁTICA E MATEMÁTICA APLICADA,30,0,0,30,0,0,20,False,3.0,,( DIM0503 OU DIM0612 ) ,( DIM0108 E DIM0500 ) ,,"Introdução aos Sistemas Concorrente: definições, caracterização, classificação e exemplos. Programação Concorrente: efinições, primitivas básicas, problemas clássicos. Caracterização de tempo em programação; Multi-programação via Processos; Comunicação via Memória Compartilhada; Sincronização via Semáforos; Multi-programação via Threads; Comunicação via troca de Mensagens (Sockets).",,A disciplina tem como objetivo apresentar os conceitos de programação concorrente para que o aluno consiga desenvolver técnicas para a programas que rodem em mais de um processo ou thread.,"Introdução aos Sistemas Concorrente: definições, caracterização, classificação e exemplos. Programação Concorrente: efinições, primitivas básicas, problemas clássicos. Caracterização de tempo em programação; Multi-programação via Processos; Comunicação via Memória Compartilhada; Sincronização via Semáforos; Multi-programação via Threads; Comunicação via troca de Mensagens (Sockets).","Entender e racionar sobre programa que tem mais de uma linha de execução. Conhecer os problemas clássicos de concorrência e sincronismo. Conhecer as soluções que evitam deadlocks, starvation, etc.",,2012.0,1.0,Presencial,
43521,DISCIPLINA,DIM0452,G,PROJETO DE SISTEMAS DIGITAIS I,DEPARTAMENTO DE INFORMÁTICA E MATEMÁTICA APLICADA,30,30,0,60,0,0,20,False,3.0,,,( DIM0431 ) ,,Conceitos de sistemas digitais. Linguagens de descrição de hardware (HDL). Projeto e prototipação de sistemas digitais complexos. Estudo de casos.,,"Compreender e projetar sistemas digitais a partir do modelo PO/PC (parte operativa/parte de 
controle), e descrever estes sistemas na linguagem de descrição de hardware VHDL. 
","ntrodução  ao curso.  Apresentação  do  projeto  do  curso.  Introdução  às máquinas  de 
estado. 
20  Diagrama  e  tabela  de  estado.  Diagrama  de  tempo  para  as  máquinas  de  Mealy  e 
Moore. Minimização do número estados da tabela de estado. 
26  Síntese de máquinas de Mealy e Moore usando flip&#8208;flops D, JK e T. 
27  (cont.) 
02  Análise de máquinas de estado (Mealy e Moore).
03  (cont.) 
09  Abordagem one&#8208;hot e máquinas de memória finita.
10  Diagramas algoritmos de máquinas de estado  ASM (Algorithmic State Machine). 
16  Introdução  às  linguagens  de  descrição  de  hardware.  Linguagens  VHDL  e  Verilog. 
Introdução ao VHDL. 
17  Estrutura da linguagem VHDL. Descrição comportamental e estrutural. 
23  Programação em VHDL de circuitos combinatórios.
24  (cont.) 
30  Programação em VHDL de circuitos seqüenciais.
01  (cont.) 
07  1a Prova  Conteúdo até a aula 14 (máquinas de estado e VHDL). 
08  Apresentação  e  Correção  da  1a  prova.  Introdução  aos  Sistemas  em  nível  de 
transferência de registradores (RTL). 
14  Sistemas em nível de transferência de registradores (RTL). Grafos de execução. 
15  Subsistema de dados.
21  Pipeline. Pipeline aritmético.
22  Subsistema de controle. Controle microprogramado.
28  Descrição em VHDL de um sistema RTL.
29  Síntese de sistemas RTL. Análise de um sistema RTL.
","Compreender e projetar sistemas digitais a partir do modelo PO/PC (parte operativa/parte de 
controle), e descrever estes sistemas na linguagem de descrição de hardware VHDL. ",,2012.0,1.0,Presencial,
43523,DISCIPLINA,DIM0453,G,TREINAMENTO AVANCADO PARA COMPETICOES DE PROGRAMACAO,DEPARTAMENTO DE INFORMÁTICA E MATEMÁTICA APLICADA,30,30,0,60,0,0,20,False,3.0,,,( DIM0110 ) OU ( DIM0410 ) ,,Combinatória. Algoritmos em grafos. Algoritmos gulosos. Programação dinâmica. Divisão e conquista. Algoritmos geométricos.,,"O professor responsável por esta disciplina está de férias e não consegui contato com ele no momento. 
Como tenho que atender a solicitação de turma até amanhã, deixarei para cadastrar o programa da disciplina quando o professor responder meu email.
"," 1) Combinatória
 2) Algoritmos em grafos - básicos
 3) Algoritmos em grafos - avançados
 4) Algoritmos gulosos
 5) Programação dinâmica
 6) Divisão-e-conquista
 7) Algoritmos geométricos","O professor responsável por esta disciplina está de férias e não consegui contato com ele no momento. 
Como tenho que atender a solicitação de turma até amanhã, deixarei para cadastrar o programa da disciplina quando o professor responder meu email.
",,2012.0,1.0,Presencial,
2054958,DISCIPLINA,DIM0513,G,DESENVOLVIMENTO DE SISTEMAS WEB,DEPARTAMENTO DE INFORMÁTICA E MATEMÁTICA APLICADA,60,30,0,90,90,0,20,False,3.0,,,( DIM0502 ) ,,X,,"- Introduzir modelos de processo e arquiteturas de Sistemas Web
- Apresentar as tecnologias lado-cliente e lado-servidor e capacitar os aluno a desenvolver sistemas co estas tecnologias.
- Capacitar o aluno para aplicação de boas práticas em arquiteturas de aplicações web, através do uso de princípios, boas práticas e técnicas de OO, centradas sobretudo em padrões de arquitetura e de projeto.
- Capacitar o aluno para o desenvolvimento de aplicações corporativas para a web usando tecnologias modernas. ","- Introdução à design Web
- Arquitetura da Informação
- Processo de desenvolvimento Web
- Visão geral de programação para a Web
- Formulários HTML
- Definição de estilos com CSS
- Programação com Javascript e DOM
- Arquitetura em Camadas (GUI, Negócio e Dados) de Referência
- Padrões de Projeto para refinamento da Arquitetura em Camadas
- Mapeamento de Objetos para Banco de Dados Relacionais
- Tecnologias Web para Implementação das Aplicações no Servidor
- Tecnologias Web para Implementação das Aplicações no Cliente
- Refatoração de Aplicações
- Introdução a Frameworks OO de Aplicação
- Avaliação de sistemas Web - desempenho, portabilidade,
interoperabilidade, usabilidade, etc.","- Ao final da disciplina o aluno deverá estar capacitado a: (i) ter um bom conhecimento das tecnologias e técnicas envolvidas no desenvolvimento de uma aplicação corporativa para web; (ii) desenvolver aplicações para web em uma arquitetura estruturada em camadas

- As seguintes habilidades serão desenvolvidas durante o curso da disciplina: (i) capacidade de análise crítica de soluções para o desenvolvimento de aplicações web; (ii) domínio de técnicas para a construção de arquiteturas de qualidade para aplicações web, tanto do lado cliente quanto no lado servidor. ",,2012.0,1.0,Presencial,
55226,DISCIPLINA,DIM0112,G,NOÇÕES DE ALGORITMO E PROGRAMAÇÃO,DEPARTAMENTO DE INFORMÁTICA E MATEMÁTICA APLICADA,60,0,0,60,0,0,20,False,3.0,,,,,"DESCRIÇÃO DE ALGORITMO E CONSTRUÇÃO DE ALGORITMOS UTILIZANDO UMA METALINGUAGEM. ALGORITMOS FUNDAMENTAIS DE SISTEMAS COMPUTACIONAIS. ESTUDO DE RECURSOS BÁSICOS DE LINGUAGENS DE PROGRAMAÇÃO DE ALTO NÍVEL (ESTUDO DA LINGUAGEM C): VARÍAVEIS, COMANDOS, OPERADORES, ESTRUTURAS DE DADOS E DE CONTROLE, RECURSOS DE ENTRADA E SAÍDA, FUNÇÕES E SUBPROGRAMAÇÃO, GERENCIAMENTO DE MEMÓRIA E APLICAÇÕES.",,"Geral:
1. Fornecer ao aluno os conceitos básicos para introdução à programação.

Específicos:
1. Fornecer ao aluno técnicas para resolução de problemas de forma algorítmica.
2. Apresentar ao aluno as técnicas para criação de algoritmos.
3. Capacitar a aplicação dos algoritmos em uma linguagem de programação
","Noções de algoritmos, programas e linguagens de programação
Paradigmas de programação
Sistemas de tipos
Expressões e instruções
Recursividade
Modularização 
Tipos abstratos de dados.
","O aluno deverá ter capacidade para encontrar soluções computacionais para problemas diversos.
O aluno deverá utilizar técnicas bem conhecidas para elaboração dessas soluções visando um equilíbrio entre custo/desempenho.
O aluno deverá ter capacidade de aplicar suas soluções algorítmicas em linguagens de programação.
",,2014.0,1.0,Presencial,MATEMÁTICA
56874,DISCIPLINA,DIM0113,G,INTRODUÇÃO AOS MÉTODOS NUMÉRICOS,DEPARTAMENTO DE INFORMÁTICA E MATEMÁTICA APLICADA,60,0,0,60,0,0,20,False,3.0,,,,,"Representação de sistemas numéricos e erros. Aritmética em diferentes bases. Estudos dos erros. Erros absolutos e relativos. Sistemas de equações lineares, resoluções de métodos diretos e interativos. Equações algébricas e transcendentes. Interpolação. Integração numérica. Aplicações numéricas em uma linguagem de programação. ",,O programa será definido pelo professor ,O programa será definido pelo professor ,O programa será definido pelo professor ,,2014.0,2.0,Presencial,
64923,DISCIPLINA,DIM0122,G,TECNOLOGIA DA INFORMAÇÃO NA SAÚDE,DEPARTAMENTO DE INFORMÁTICA E MATEMÁTICA APLICADA,30,30,0,60,60,0,20,False,3.0,,,,,"Apresentação de problemas atuais/futuros de saúde que podem ser resolvidos com TI; Bioética; Processos, protocolos e validação dos experimentos e pesquisas na TI e na saúde; Legislação específica para pesquisa e desenvolvimento em saúde; Noções básicas de sistemas fisiológicos; Base de dados biomédicos; Ferramentas computacionais aplicadas em saúde; Acesso, privacidade e segurança de dados biomédicos; Propriedade intelectual: patentes, registros. ",,.,.,,,2019.0,2.0,Presencial,
68133,DISCIPLINA,DIM0126,G,INTELIGÊNCIA ARTIFICIAL PARA JOGOS I,DEPARTAMENTO DE INFORMÁTICA E MATEMÁTICA APLICADA,30,30,0,60,0,0,20,False,3.0,,,( IMD0033 OU EST0165 ) E ( IMD0040 OU DIM0176 ) ,,Motor de IA para jogos. Tipos de personagens. Modelos de representação do ambiente. Comportamentos de navegação individual e em grupo. Planejamento de trajetórias. Sistemas de tomada de decisão. Prática de concepção e desenvolvimento de personagens inteligentes. Prática de desenvolvimento de soluções para competições das conferências IEEE CIG e AAAI AIIDE.,,A DEFINIR,A DEFINIR,,,2024.0,2.0,Presencial,
73814,DISCIPLINA,DIM0142,G,INTRODUCÃO A BANCO DE DADOS RELACIONAIS,DEPARTAMENTO DE INFORMÁTICA E MATEMÁTICA APLICADA,0,30,0,60,0,0,20,False,3.0,,DIM0114 OU IMD0401 OU DIM0125 OU DIM0541 OU DIM0434 ,DIM0321 ,,"Modelo de dados relacional; linguagem de consulta SQL; Projeto de banco de dados; Principais aspectos para especificação e implementação de um banco de dados com seus procedimentos de atualização e consulta; Principais aspectos para especificação e implementação de um banco de dados com seus procedimentos de atualização e consulta para um determinado sistema de bancos de dados para análises estatísticas.


",,A definir.,A definir.,,,2024.0,2.0,Presencial,
2022851,DISCIPLINA,DIM0108.0,G,CONCEITOS E TÉCNICAS DE PROGRAMAÇÃO,DEPARTAMENTO DE INFORMÁTICA E MATEMÁTICA APLICADA,60,0,0,60,0,0,20,False,3.0,"Avaliação
A1  Prova (100%)
A2  Prova (100%)
A3  Trabalho prático (100%) 
A4  Prova com todo o conteúdo
",( IMD0012 OU ( ( DIM0425 OU DIM0324 OU DIM0046 OU IMD0012.0 ) E ( DIM0424 OU DIM0325 OU DIM0300 OU IMD0012.1 ) ) ) OU ( IMD0012 ) ,,,"Máquina virtual simples. Noções de algoritmos, programas e
linguagens de programação. Paradigmas de programação. Sistemas
de tipos. Expressões e instruções. Recursividade. Modularização.
Orientação a objetos. Tipos abstratos de dados.",,"Objetivos:
	Gerais - Fornecer ao aluno os conceitos básicos para introdução à programação.

	Específicos:
1.	Fornecer ao aluno técnicas para resolução de problemas de forma algorítmica. 
2. Apresentar ao aluno as técnicas para criação de algoritmos. 
3. Realizar aplicação dos algoritmos em uma linguagem de programação na disciplina DIM0424 - Prática de Conceitos e Técnicas de Programação ","Conteúdo:
Máquina virtual simples. 
Noções de algoritmos, programas e linguagens de programação. 
Paradigmas de programação. 
Sistemas de tipos. 
Expressões e instruções. 
Recursividade. 
Modularização. 
Orientação a objetos. 
Tipos abstratos de dados.","Competências e Habilidades
	O aluno deverá  ter capacidade para encontrar soluções computacionais para problemas diversos. O aluno deverá utilizar técnicas bem conhecidas para elaboração dessas soluções visando um equilíbrio entre custo/desempenho.
	O aluno deverá ter capacidade de aplicar suas soluções algorítmicas em linguagens de programação.
","Referências
André Luiz Villar Forbellone e Henrico Frederico Eberspacher. Lógica de Programação 2ª edição, 2000.
JeanPaul Tremblay. Ciência dos computadores: uma abordagem algorítmica, McGrawHill do Brasil, 1983.
José Augusto N. G. Manzano. Algoritmo: lógica para desenvolvimento de programação, Editora Érica.
",2010.0,2.0,Presencial,
2022852,DISCIPLINA,DIM0108.1,G,PRÁTICA DE CONCEITOS E TÉCNICAS DE PROGRAMAÇÃO,DEPARTAMENTO DE INFORMÁTICA E MATEMÁTICA APLICADA,30,0,0,30,0,0,20,False,3.0,"Serão realiazadas 3 avaliações.

Duas delas serão um trabalho feito durante o horario de aula e a outra será um trabalho em grupo com entrega em no maximo uma semana.",( IMD0012 OU ( ( DIM0425 OU DIM0324 OU DIM0046 OU IMD0012.0 ) E ( DIM0424 OU DIM0325 OU DIM0300 OU IMD0012.1 ) ) ) OU ( IMD0012 ) ,,,Estudo de uma linguagem de Programação. Prática em Laboratório dos tópicos abordados na disciplina Conceitos e Técnicas de Programação,,"Objetivos:
	Gerais - Fornecer ao aluno os conceitos básicos para introdução à programação.

	Específicos:
1.	Fornecer ao aluno técnicas para resolução de problemas de forma algorítmica. 
2. Apresentar ao aluno as técnicas para criação de algoritmos. 
3. Realizar aplicação dos algoritmos em uma linguagem de programação na disciplina DIM0424 - Prática de Conceitos e Técnicas de Programação.","Conteúdo:
Máquina virtual simples. 
Noções de algoritmos, programas e linguagens de programação. 
Paradigmas de programação. 
Sistemas de tipos. 
Expressões e instruções. 
Recursividade. 
Modularização. 
Orientação a objetos. 
Tipos abstratos de dados.","Competências e Habilidades
	O aluno deverá  ter capacidade para encontrar soluções computacionais para problemas diversos. O aluno deverá utilizar técnicas bem conhecidas para elaboração dessas soluções visando um equilíbrio entre custo/desempenho.
	O aluno deverá ter capacidade de aplicar suas soluções algorítmicas em linguagens de programação.","Referências
André Luiz Villar Forbellone e Henrico Frederico Eberspacher. Lógica de Programação 2ª edição, 2000.
JeanPaul Tremblay. Ciência dos computadores: uma abordagem algorítmica, McGrawHill do Brasil, 1983.
José Augusto N. G. Manzano. Algoritmo: lógica para desenvolvimento de programação, Editora Érica.
",2010.0,2.0,Presencial,
2022854,DISCIPLINA,DIM0109.0,G,CIRCUITOS LÓGICOS,DEPARTAMENTO DE INFORMÁTICA E MATEMÁTICA APLICADA,60,0,0,60,0,0,20,False,3.0,,( DIM0402 E DIM0403 ) OU ( ELE0424 ) OU ( IMD0011 ) OU ( DCA0202 ) ,,,"Introdução aos sistemas digitais eletrônicos: tecnologia MOS,
transistor MOS, lógica CMOS. Álgebra booleana e portas lógicas:
operações lógicas, circuitos digitais a partir de expressões booleanas,
teoremas. Circuitos lógicos combinacionais: forma soma de produtos,
simplificação com mapa de karnaugh, projeto de circuitos
combinacionais. Circuitos lógicos seqüenciais: Latchs, flip-flops,
relógio e temporização, contadores, registradores. Aritmética digital.
Arquitetura de operadores aritméticos, operadores seriais e paralelos.
Análise de Máquinas Seqüenciais Síncronas: modelos de Mealy e
Moore.
",,"Objetivos:

Capacitar o aluno a analisar e sintetizar circuitos lógicos combinacionais e seqüenciais, bem como descreve-los em uma linguagem de descrição de hardware.
","Conteúdo (programa): 

	Introdução aos circuitos elétricos. Conceito de circuitos digitais. Diagrama de tempo. Junção PN
	Introdução aos Sistemas Digitais. Variáveis analógicas e variáveis discretas. Conceito e exemplos de sistemas digitais. Visões do projeto e níveis de abstração 
	Álgebra Booleana e Circuitos Lógicos. Funções lógicas e portas lógicas, representações canônicas: somas de produtos e produtos de somas. Circuitos lógicos de dois níveis. Exercícios
	Propriedades e teoremas da álgebra Booleana, minimização algébrica, mapas de Karnaugh.
	Minimização com mapas de Karnaugh: funções de 3 variáveis. Cobertura para soma de produtos: circuitos e custos. Cobertura para produto de somas: circuitos e custos. Exercícios.
	Minimização com mapas de Karnaugh: funções de 4 variáveis. Cobertura para soma de produtos: circuitos e custos. Exercícios.
	Minimização com mapas de Karnaugh: funções de 4 variáveis. Cobertura para produto de somas: circuitos e custos. Exercícios. Funções Incompletamente Especificadas (exploração de dont cares)
	Circuitos (Máquinas) combinacionais. Circuitos de Interconexão: seletores (multiplexadores) e decodificadores. Exercícios.
	Circuitos aritméticos: revisão da adição binária , o meio somador (half-adder) e o somador completo (full-adder). O somador binário ripple-carry.
	Implementação de circuitos lógicos. Noções sobre a tecnologia MOS. Transistores NMOS e PMOS: funcionamento simplificado. Estrutura e funcionamento dinâmico simplificado de portas lógicas NMOS, PMOS e CMOS estáticas. Análise da evolução da tecnologia MOS: aspectos da fabricação e consumo de energia.
	Comportamento dinâmico simplificado de portas lógicas CMOS estáticas: atraso de propagação, formas de onda e diagramas de tempo.
	Mapeamento tecnológico de funções Booleanas.
	Circuitos de Interconexão: decodificadores e codificadores.
	Circuitos aritméticos: o meio somador (half-adder) e o somador completo (full-adder). O somador binário ripple-carry.
	Somador para números com sinal e overflow. O somador-subtrator (para números binários em complemento de 2).
	Arquiteturas de Somadores Rápidos.
	Multiplicação Binária e o Circuito Multiplicador Matricial. O Deslocador. Projeto de uma ULA Completa.
	Uso de ferramentas para descrição Síntese e simulação com VHDL: descrição e simulação de um operador aritmético.
	Circuitos Seqüenciais. Estrutura, funcionamento dinâmico e aplicações de latches SR, SR controlado e D. Exercícios.
	Estrutura, funcionamento dinâmico e aplicações de flip-flops D mestre-escravo, D (disparado pela borda), JK e T. Exercícios.
	Estrutura, funcionamento dinâmico e aplicações de registradores de armazenamento e registradores-deslocadores.
	Estrutura, funcionamento dinâmico e aplicações de registradores-contadores.
	Análise e projeto de máquinas de estados finitos (FSM): modelos de Mealy e Moore. Exercícios.
	Implementação de máquinas de estado com a linguagem VHDL
	PROJETO PRÁTICO
",,,2018.0,2.0,Presencial,
2022855,DISCIPLINA,DIM0109.1,G,LABORATÓRIO DE CIRCUITOS LÓGICOS,DEPARTAMENTO DE INFORMÁTICA E MATEMÁTICA APLICADA,30,0,0,30,0,0,20,False,3.0,,( DIM0402 E DIM0403 ) OU ( ELE0424 ) OU ( IMD0011 ) OU ( DCA0202 ) ,,,"Linguagem de descrição de hardware: características da linguagem, modelo de simulação, descrição comportamental e estrutural, simulação e síntese. Descrição, simulação e síntese de circuitos combinacionais. Descrição, simulação e síntese de circuitos seqüenciais.",,"Gerais  Possibilitar o exercício dos conceitos relacionados a circuitos lógicos.
Específicos:
     1.	Fornecer ao aluno um ambiente de laboratório para prática da construção de circuitos lógicos. 
     2.	Exercitar em laboratório os conceitos sobre circuitos lógicos vistos em sala de aula na disciplina DIM0109.0  Circuitos Lógicos. 
"," Linguagem de descrição de hardware: características da linguagem, modelo de simulação, descrição comportamental e estrutural, simulação e síntese. 
 Descrição, simulação e síntese de circuitos combinacionais. 
 Descrição, simulação e síntese de circuitos seqüenciais.
",,,2018.0,2.0,Presencial,
2022857,DISCIPLINA,DIM0110.0,G,ALGORITMOS E ESTRUTURAS DE DADOS I,DEPARTAMENTO DE INFORMÁTICA E MATEMÁTICA APLICADA,60,0,0,60,60,0,20,False,3.0,Provas escritas realizadas de acordo com o padrão da UFRN.,( ( IMD0029 OU IMD0022 ) E ( IMD0030 OU IMD0025 ) ) OU ( ( DIM0052 OU DIM0427 OU DIM0326 ) E ( DIM0301 OU DIM0426 OU DIM0327 ) ) ,( DIM0108 ) OU ( ( DIM0425 OU DIM0324 OU DIM0046 ) E ( DIM0424 OU DIM0325 OU DIM0300 ) ) ,,"Introdução a análise de complexidade de algoritmos: notações O, Q e W. Recorrência. Técnicas de projeto de algortimos eficientes. (Divisão e Conquista e Programação Dinâmica). Estruturas lineares: listas, pilhas, filas. Algoritmos de busca e ordenação em estruturas lineares.  Ponteiros. Alocação dinâmica de memória. Encadeamento em listas e em  tabelas. Tabelas de dispersão. Árvores. Árvores binárias de busca. Listas de prioridades.",,"Introdução à análise de complexidade de algoritmos: notações O, &#937; e &#920;. 
Técnicas de projeto de algoritmos eficientes. Estruturas lineares: listas, 
pilhas e filas. Algoritmos de busca e ordenação em estruturas lineares. 
Ponteiros. Alocação dinâmica de memória. Encadeamento em listas e em tabelas. 
Tabelas de dispersão. 
","Análise de complexidade de algoritmos 

  1. Conceitos 
  2. Notações O, &#937; e &#920; 
  3. Pior caso, melhor caso, caso médio 
  4.  Algoritmos ótimos 

# Tipos de Dados 

  1. Primitivos, Estáticos e Dinâmicos 

# Estruturas Lineares (Listas Lineares) 

  1. Definição 
  2. Pilhas, Filas e Deques 
  3. Representação física: alocação sequencial 
        1. Listas Lineares em geral 
        2. Pilha 
        3. Fila 
        4. Deque 
  4. Representação fíisica: alocação encadeada 
        1. LED: Lista de Espaço Disponível 
        2. Lista simplesmente encadeada 
              1. Lista Linear em geral 
              2. Pilha 
              3. Fila 
        3. Listas circulares simplesmente encadeadas 
        4. Listas duplamente encadeadas 
              1. Lista Linear geral 
              2. Deque 
  5. Combinação de Listas 
  6. Aplicação: ordenação topológica 

# Análise da complexidade de algoritmos em lista 

  1. Análise da complexidade da busca linear 
  2. Análise da complexidade da busca binária 
  3. Comparação entre a busca linear e a binária 

# Algoritmos de Ordenação em estruturas lineares 

  1. Ordenação por inserção 
  2. Ordenação por seleção 
  3. Ordenação por troca 
  4. Ordenação por distribuição 
  5. Quick Sort 
  6. Outros Métodos 
  7. Comparação dos métodos e análise da complexidade 

# Tabelas de Dispersão (Hashing) 

  1. Princípio de funcionamento 
  2. Funções de Dispersão 
  3. Tratamento das colisões por encadeamento 
        1. Encadeamento exterior 
        2. Encadeamento interior 
  4. Tratamento das colisões por endereçamento aberto 
        1. Tentativa linear 
        2. Tentativa quadrática 
        3. Dispersão dupla 
  5. Tabela de Dimensão Dinâmica 

# Árvores 

  1. Conceitos Básicos 
  2. Árvores Binárias 
  3. Árvores Binárias de busca 
",O aluno desta disciplina deve ter conhecimentos da formação básica em Ciência da Computação.,"* Deitel, M. D. e Deitel, P., C++: Como Programar, 3ª edição, Bookman, 
     2001. 
   * Weiss, Mark A., Data Structures and Algorithm Analysis in C++, 3rd edtion, 
     Assison Wesley-Pearson, 2006. 
   * Szwarcfiter, Jayme Luis e Markenzon, Lilian. Estruturas de Dados e Seus 
Algoritmos, Segunda Edição Revista, Rio de Janeiro, Ed. Livros Técnicos e 
Científicos, 1994. 
   * Wirth, Niklaus. Algoritmos e Estruturas de Dados, Prentice Hall. 
   * Knuth, Donald E. The Art of Computer Programming, Vol.3: Searching and 
Sorting, Segunda edição, Addison-Wesley, 1998. 
   * Sedgewick, Robert, Algorithms in C, Parts 1-4, 3rd edition, Addison Wesley, 
     2005. ",2012.0,1.0,Presencial,
2022858,DISCIPLINA,DIM0110.1,G,PRÁTICA DE ALGORITMOS E ESTRUTURAS DE DADOS I,DEPARTAMENTO DE INFORMÁTICA E MATEMÁTICA APLICADA,30,0,0,30,30,0,20,False,3.0,Provas escritas realizadas de acordo com as regras da UFRN.,( ( IMD0029 OU IMD0022 ) E ( IMD0030 OU IMD0025 ) ) OU ( ( DIM0052 OU DIM0427 OU DIM0326 ) E ( DIM0301 OU DIM0426 OU DIM0327 ) ) ,( DIM0108 ) OU ( ( DIM0425 OU DIM0324 OU DIM0046 ) E ( DIM0424 OU DIM0325 OU DIM0300 ) ) ,,Estudo de uma linguagem de Programação. Prática em Laboratório dos tópicos abordados na disciplina: Algoritmos e Estruturas de Dados I.,,"Introdução à análise de complexidade de algoritmos: notações O, &#937; e &#920;.
Técnicas de projeto de algoritmos eficientes. Estruturas lineares: listas,
pilhas e filas. Algoritmos de busca e ordenação em estruturas lineares.
Ponteiros. Alocação dinâmica de memória. Encadeamento em listas e em tabelas.
Tabelas de dispersão. ","Análise de complexidade de algoritmos

1. Conceitos
2. Notações O, &#937; e &#920;
3. Pior caso, melhor caso, caso médio
4. Algoritmos ótimos

# Tipos de Dados

1. Primitivos, Estáticos e Dinâmicos

# Estruturas Lineares (Listas Lineares)

1. Definição
2. Pilhas, Filas e Deques
3. Representação física: alocação sequencial
1. Listas Lineares em geral
2. Pilha
3. Fila
4. Deque
4. Representação fíisica: alocação encadeada
1. LED: Lista de Espaço Disponível
2. Lista simplesmente encadeada
1. Lista Linear em geral
2. Pilha
3. Fila
3. Listas circulares simplesmente encadeadas
4. Listas duplamente encadeadas
1. Lista Linear geral
2. Deque
5. Combinação de Listas
6. Aplicação: ordenação topológica

# Análise da complexidade de algoritmos em lista

1. Análise da complexidade da busca linear
2. Análise da complexidade da busca binária
3. Comparação entre a busca linear e a binária

# Algoritmos de Ordenação em estruturas lineares

1. Ordenação por inserção
2. Ordenação por seleção
3. Ordenação por troca
4. Ordenação por distribuição
5. Quick Sort
6. Outros Métodos
7. Comparação dos métodos e análise da complexidade

# Tabelas de Dispersão (Hashing)

1. Princípio de funcionamento
2. Funções de Dispersão
3. Tratamento das colisões por encadeamento
1. Encadeamento exterior
2. Encadeamento interior
4. Tratamento das colisões por endereçamento aberto
1. Tentativa linear
2. Tentativa quadrática
3. Dispersão dupla
5. Tabela de Dimensão Dinâmica

# Árvores

1. Conceitos Básicos
2. Árvores Binárias
3. Árvores Binárias de busca ","competencias e habilidades - uma das abaixo
formação básica em Ciência da Computação","* Deitel, M. D. e Deitel, P., C++: Como Programar, 3ª edição, Bookman,
2001.
* Weiss, Mark A., Data Structures and Algorithm Analysis in C++, 3rd edtion,
Assison Wesley-Pearson, 2006.
* Szwarcfiter, Jayme Luis e Markenzon, Lilian. Estruturas de Dados e Seus
Algoritmos, Segunda Edição Revista, Rio de Janeiro, Ed. Livros Técnicos e
Científicos, 1994.
* Wirth, Niklaus. Algoritmos e Estruturas de Dados, Prentice Hall.
* Knuth, Donald E. The Art of Computer Programming, Vol.3: Searching and
Sorting, Segunda edição, Addison-Wesley, 1998.
* Sedgewick, Robert, Algorithms in C, Parts 1-4, 3rd edition, Addison Wesley,
2005. ",2010.0,2.0,Presencial,
2022901,DISCIPLINA,DIM0111.0,G,ALGORITMOS E ESTRUTURAS DE DADOS II,DEPARTAMENTO DE INFORMÁTICA E MATEMÁTICA APLICADA,60,0,0,60,60,0,20,False,3.0,"Avaliação

Conforme padrão da UFRN, os alunos terão três avaliações.

Cada avaliação será composta de um trabalho. ",( ( IMD0039 OU IMD0032 ) E ( IMD0040 OU IMD0035 ) ) OU ( ( DIM0013 OU DIM0429 OU DIM0328 ) E ( DIM0303 OU DIM0428 OU DIM0329 ) ) ,( DIM0110 ) OU ( DCA0204 ) OU ( DIM0427 E DIM0426 ) ,,Árvores. Árvores binárias de busca. Árvores binárias balanceadas. Listas de prioridades.  Árvores B. Árvores digitais. Estruturas auto-ajustáveis. Noções de grafos. Busca em largura e profundidade. Árvore geradora mínima. Caminho mais curto. ,,"Objetivos
- Capacitar o aluno no desenvolvimento de algoritmos que utilizem as estruturas de dados Árvores, algoritmos de compactação de dados e algoritmos de casamento de cadeias
-Capacitar o aluno a utilizar modelos em grafos para representar problemas reais.
-Capacitar o aluno a desenvolver algoritmos que solucionem problemas modelados como problemas em grafos.","Árvore Binária de Busca
Árvores AVL
Árvores Graduadas e Rubro-Negras
Árvores B
Árvore Digital
Árvore Patrícia
Compactação de Dados e Algoritmo de Huffman
Problema do Casamento de Cadeias
Conceitos básicos em Teoria do Grafos
Representação de Grafos, Árvores, Conectividade, Planaridade
Caminhos e Ciclos, Grafos Direcionados
Algoritmos de Busca em Grafos
Componentes Fortemente Conexos
Algoritmo Guloso, Árvore Geradora Mínima
Problemas de Caminho Mais Curto
O Problema do Fluxo Máximo
Problemas de Emparelhamento.","Ao final da disciplina o aluno deverá estar capacitado a:
- desenvolver algoritmos que utilizem as estruturas de dados e técnicas apresentadas na disciplina;
- modelar problemas reais como problemas em grafos;
- desenvolver algoritmos para solucionar problemas reais modelados como problemas em grafos.

As seguintes habilidades deverão ser desenvolvidas durante o curso da disciplina:
- Abstração
- Análise, modelagem e solução de problemas. ","Bibliografia

P. O. Boaventura Neto, 2006, Grafos: Teoria, Modelos, Algoritmos - 4ª Edição, Editora Edgard Blucher.

T. H. Cormen, C. E. Leiserson, R. L. Rivest, e C. Stein, 2002, Algoritmos Teoria e Prática, Editora Campus.

B. Preiss, 2001, Estruturas de Dados e Algoritmos, Editora Campus.

J. L. Szwarcfiter, 1984, Grafos e Algoritmos Computacionais, Editora Campus.

J. L. Swarcfiter e L. Markenzon, 1994, Estruturas de Dados e Seus Algoritmos, LTC Editora.



objetivos, conteudo (programa), competencias e habilidades
 (alguem sabe
o que que e isto?),metodologia, avaliacao e bibliografia.",2010.0,2.0,Presencial,
2054905,DISCIPLINA,DIM0505,G,LÓGICA APLICADA A ENGENHARIA DE SOFTWARE,DEPARTAMENTO DE INFORMÁTICA E MATEMÁTICA APLICADA,60,0,0,60,0,0,20,False,3.0,,( DIM0430 ) ,( IMD0038 OU DIM0121 ) OU ( DCA0100 ) ,,Lógica proposicional. Lógica de predicados. Projeto por contrato. Anotações de Programas.,,"	Apresentar lógica proposicional
	Apresentar lógica de primeira ordem
	Apresentar a metodologia de desenvolvimento baseado em contratos e sua aplicação prática em uma linguagem de programação

COMPETÊNCIAS E HABILIDADES
	Entender os conceitos envolvidos na lógica proposicional e na lógica de primeira ordem
	Aplicar os conhecimentos de lógica proposicional e de lógica de primeira ordem na construção de argumentos conversacionais
	Aplicar os conhecimentos de lógica proposicional e de lógica de primeira ordem na aplicação prática do desenvolvimento baseado em contratos em uma linguagem de programação

","	Sentenças atômicas
	A lógica de sentenças atômicas
	A lógica dos conectivos booleanos
	Métodos de prova para a lógica booleana
	Provas formais e lógica booleana
	A lógica dos condicionais
	A lógica dos quantificadores
	Métodos de prova para quantificadores
	Provas formais e quantificadores
	Indução matemática
	Conceitos de modularidade
	Design by Contract
	JML
",,,2024.0,2.0,Presencial,
2054904,DISCIPLINA,DIM0501,G,BOAS PRÁTICAS DE PROGRAMAÇÃO,DEPARTAMENTO DE INFORMÁTICA E MATEMÁTICA APLICADA,0,30,0,30,0,0,20,False,3.0,,,( DIM0120 OU IMD0030 OU DIM0176 OU DCA3303 OU DCA1202 ) ,,"Organização de código em classes e pacotes. Critérios de qualidade de rotinas. Programação defensiva. Programa-ção com pseudo-código. Padrões de comentários, nomenclatura de elementos de programas e formatação de pro-gramas. Uso de tipos de dados fundamentais, ponteiros, estruturas e arranjos. Organização de estruturas de con-trole de código. Automação do processo de compilação. Automação de testes. Análise de cobertura do código. A-nálise experimental de desempenho e detecção de gargalos. Técnicas de depuração, depuração de memória.",,"	Ressaltar a importância da aplicação de boas práticas de programação, com vistas ao desenvolvimento de software de qualidade
	Apresentar e exercitar boas práticas de programação a serem adotadas no desenvolvimento de software

COMPETÊNCIAS E HABILIDADES
	Compreender a necessidade de se adotar boas práticas de programação como um dos principais aspectos para promover qualidade no desenvolvimento de software
	Conscientizar-se acerca de vícios comumente praticados no desenvolvimento de software
	Aplicar técnicas e boas práticas de programação para o projeto e desenvolvimento de software estruturado, organizado e com qualidade
","	Motivação para boas práticas em programação
	Qualidade no projeto e construção de software
	Organização de instruções em código fonte
	Nomenclatura em código fonte
	Documentação de código fonte
	Métricas de software
	Programação Defensiva
	Teste de software
	Depuração
	Desempenho e otimização de código
	Anomalias de código
	Dívida técnica
	Refatoração
",,,2024.0,2.0,Presencial,
2041250,DISCIPLINA,DIM0481,G,PROGRAMAÇÃO ORIENTADA A OBJETOS,DEPARTAMENTO DE INFORMÁTICA E MATEMÁTICA APLICADA,30,30,0,60,60,0,20,False,3.0,,( DIM0084 ) ,( DIM0110 E DIM0433 ) ,,"O paradigma de orientação a objetos aplicado ao desenvolvimento de sistemas. Conceitos e princípios de orientação a objetos: classes, objetos, herança, encapsulamento e polimorfismo. Modelagem de sistemas OO. Experiência em programação de sistemas usando uma linguagem de programação orientada a objetos.

",,,,,,,,Presencial,
2040951,DISCIPLINA,DIM0450,G,FUNDAMENTOS MATEMÁTICOS DA COMPUTAÇÃO,DEPARTAMENTO DE INFORMÁTICA E MATEMÁTICA APLICADA,60,0,0,60,0,0,20,False,3.0,,( DIM0422 ) OU ( IMD0023 ) OU ( DCA0100 ) OU ( IMD0038 ) ,( DIM0400 ) ,,"Métodos de demonstração. Teoria dos Conjuntos, relações e funções. Relações de ordem e equivalência.  Recursão e indução matemática. Noções de estruturas algébricas. Elementos de Teoria dos Números. Contagem.",,É necessário fazer a elaboração e inclusão dos objetivos da disciplina.,É necessário fazer a elaboração e inclusão do conteúdo da disciplina.,É necessário fazer a elaboração e inclusão das competências e habilidades da disciplina.,,2010.0,2.0,Presencial,
2040950,DISCIPLINA,DIM0451,G,COMPUTAÇÃO GRÁFICA I,DEPARTAMENTO DE INFORMÁTICA E MATEMÁTICA APLICADA,60,0,0,60,0,0,20,False,3.0,,( DIM0435 ) OU ( DIM0102 ) OU ( DCA0114 ) ,DIM0404 OU ( ( MAT0345 OU IMD0024 ) E ( IMD0039 OU DIM0117 ) E ( MAT0309 OU MAT0319 OU MAT0421 ) E ( IMD0040 OU DIM0116 OU DIM0176 ) E ( MAT1503 OU IMD0034 ) ) ,,Introdução. Rasterização. Representação e armazenamento de imagens. Sistemas de representação de cores. Transformações geométricas. Projeções. Representação de curvas e superfícies. Visibilidade. Iluminação e sombreamento. Animação.,,É necessário fazer a elaboração e inclusão do conteúdo da disciplina.,É necessário fazer a elaboração e inclusão do conteúdo da disciplina.,,,2024.0,1.0,Presencial,
2040707,DISCIPLINA,DIM0448,G,QUALIDADE DE SOFTWARE,DEPARTAMENTO DE INFORMÁTICA E MATEMÁTICA APLICADA,60,0,0,60,0,0,20,False,3.0,"A disciplina comportará três avaliações e uma quarta prova para os que não alcançarem a média necessária a aprovação na primeira etapa. A primeira avaliação será escrita e abordando os fundamentos teóricos da matéria. A segunda avaliação será também escrita e abordará os modelos de processo de software. A terceira avaliação será constituída de um seminário sobre um modelo da escolha do aluno abordando a gestão do processo de software.  A avaliação final será escrita versando sobre toda a matéria do curso.
",( DIM0519 ) ,,,"Históricos dos modelos de Qualidade. O conceito de Qualidade em Software. Qualidade de Produto de software. Modelos de Normalização. Modelos de Qualidade de Produto de Software: métricas. Modelos de métrica de processo. Modelos de Qualidade de Produto de Software. Qualidade de Processo de Software.
",,"ü Proporcionar aos alunos um contato estruturado com o estado da arte na área dos modelos da Qualidade Total, de modo a que seus fundamentos possam ser compreendidos.

ü Debater a aplicação dos conceitos desses modelos ao contexto de serviços e, principalmente, ao projeto de sistemas e desenvolvimento de software, despertando a competência para analisar e selecionar um modelo de qualidade de software.

ü Criar embasamento teórico para suportar o projeto de processos eficientes de software, em conformidade com a capacidade e características organizacionais, bem como pela demanda do cliente.

ü Criar incentivos à motivação dos alunos no sentido da pesquisa de temas em qualidade de software utilizando os recursos da internet com a descoberta de modelos não explicitamente abordados em sala como os modelos da família RUP, Extreme Programming (XP), SCRUM, DSDM, EVO, PMBOK, SWBOK, etc. Ou ainda para desenvolver laços de associação a grupos voluntários como o SPIN, para a qualidade de software.
","[WINDOWS-1252?]Aula 01  Históricos dos modelos de Qualidade [WINDOWS-1252?] Primeira Onda..

[WINDOWS-1252?]Aula 02  Históricos dos modelos de Qualidade [WINDOWS-1252?] Segunda Onda.

Aula [WINDOWS-1252?]03  Históricos dos modelos de Qualidade [WINDOWS-1252?] Terceira Onda..

Aula 04 [WINDOWS-1252?] As aplicações do modelo 4Q para a promoção da qualidade. O conceito de Qualidade em Software.  

Aula 05 [WINDOWS-1252?] Dificuldades de aplicação prática do conceito de Qualidade de Software.

Aula 06 [WINDOWS-1252?] Qualidade de Produto de software [WINDOWS-1252?] conceito e enquadramento dentro do modelo geral da qualidade total.

Aula 07 [WINDOWS-1252?] Exemplos das características necessárias para os Modelos de Produto de Software.

Aula 08 [WINDOWS-1252?] O modelo de Normalização ISO 9000.

Aula 09 [WINDOWS-1252?] Aplicação das ISO 9000 ao desenvolvimento de Software

Aula 10 [WINDOWS-1252?] Primeiro Exame

Aula 11 [WINDOWS-1252?] Estudos dos modelos de Qualidade de Produto de Software: Conceito de mensuração de requisitos [WINDOWS-1252?] métrica. Modelos de métrica de processo: Modelo de Rayleigh, COCOMO, SOFTCOST

Aula 12 [WINDOWS-1252?] Modelos de métrica de processo: SPQR, COPMO, ESTIMACS, Confiabilidade.

Aula 13 [WINDOWS-1252?] Estudos dos modelos de Qualidade de Produto de Software: Modelo de MacCall.

Aula 14 [WINDOWS-1252?] Modelo de Boehm, Modelo de McConnel, Modelo de Gibb.

Aula 15 [WINDOWS-1252?] Modelo de Dromey

Aula 16 [WINDOWS-1252?] Qualidade de Processo de Software: Meta modelo de Wung. Introdução ao CMM.

Aula 17: Modelo SW-CMM

Aula 18: Modelo CMMI

Aula 19: Modelo TSP e PSP

Aula 20: Segundo exame

Aula 21: Quality Improvement Paradigm (QIP)

Aula 22: Modelo SPICE  - ISO/IEC 15504

Aula 23: Modelo SPICE

Aula 24: Modelos de Gestão de Software: Conceitos básicos. Introdução ao Modelo Trillium.

Aula 25: Modelo Trillium

Aula 26: Modelos de Gestão [WINDOWS-1252?] PNQ e IDEAL. Abordagem GOAL/Question/Metric (GQM)

Aula 27: Outros Modelos de Prêmios / Malcon Bridge. Correlação com a ISO 9000.

Aula 28: Modelo EFQM-SPICE.  

Aula 29: Seminário dos alunos

Aula 30: Seminário dos alunos

Aula 31: Recuperação

Aula 32: Recuperação

Aula 33: Quarta prova
","ü Desenvolver competências para analisar e selecionar um modelo de qualidade de software.

ü Desenvolver competência para assimilar novos modelos de qualidade, bem como eventuais reformulações que ocorram nos modelos clássicos.

ü Desenvolver competências para orientar eventuais iniciativas organizacionais para a implementação de modelos de qualidade da família ISO, CMMI ou SPICE.

ü Desenvolver habilidades para atuar como um agente motivador e apoiador de iniciativas voltadas à promoção da qualidade de software no contexto organizacional.

  ","[01] Weinberg, G. M. [WINDOWS-1252?]Software com Qualidade: Pensando e idealizando [WINDOWS-1252?]sistemas, 1994, Makron Books

[02] Weinberg, G. M. [WINDOWS-1252?]Software com Qualidade: Medidas de primeira [WINDOWS-1252?]ordem, Makron Books

[03] Dromey, R. G. (1994), A Model for Software Product Quality, Griffith University, Austrália

[04] Dromey, R. G. (1998), Software Product Quality: Theory, Models and Pratice, Griffith University, Austrália

[05] NBR ISO/IEC 9126

[06] Garvin, D. A., (1988), Gerenciando a Qualidade, Qualitymark Editora, Rio de Janeiro.

[07] Goldbarg, M. C. (2000), Qualidade Substantiva, BookMark editora, São Paulo. 

[08] Goldbarg, M. C. (1997), Qualidade em Sistemas, EINE&#39;97, 73-100.

[09] Goldbarg, M. C. (2002), Qualidade em Software, Notas de Aula. 

[10] Gillies, A. C., (1992), Software Quality: Theory and Management, Chapman & Hall.

[11] TRILLIUN MODEL - Versão atualizada.

[12] SPICE MODEL - Versão atualizada.

[13] PNQ - Critérios de 2007.

 

 

Tópicos disponíveis para leitura de apoio:

 

Kautz, K.  & Ramzan, F. (2001). Software Quality Management andSoftware Process Improvement in DenmarkProceedings of the 34th Hawaii International Conference on System Sciences.

Shaw, R. A., & and Green_eld, P. (1997). Experience with a Software Quality Process, Astronomical Data Analysis Software and Systems VI ASP Conference Series, Vol. 125.Gareth Hunt and H. E. Payne, e

Kan, S. H., Basili, V. R., & Shapiro, L. N. (1994). Quality Software: An Overview.

Arygris, C. e D. Schon., (1978). ""Organizational Learning: A Theory of Action Perspective"", Addison-Wesley.

Balley, M., Bragar, G., Cormaci, a., Murray C. anda C. Paranteau, (1993), [WINDOWS-1252?]Recipes for [WINDOWS-1252?]Disaster, Quality Progress, January, 55-58

Bion, W, R., (1959), [WINDOWS-1252?]Experiences in [WINDOWS-1252?]Groups, Basic Books: New York

Bonilla, J. A., (1995), [WINDOWS-1252?]Resposta à Crise: Qualidade Total e Autênctica em Bens e [WINDOWS-1252?]Serviços, Makron Books, São Paulo

Bond, T. H. e R. V. Sweeney., (1993). ""That&#39;s a Fine Strategy - Now Go Implement"", ASQC Quality Congress Transaction - Boston, 244-252

BS7850, ""Total Quality Management. Part 1: Guide to Management Principles"".

Charness, M. P., (1992), ""Transition to Total Quality - A Case Study"", ASQC Quality Congress Transaction - Nashville, 258-264.

Davis, T. R. V., (1992), [WINDOWS-1252?]Balbridge winners link quality, strategy, and financial [WINDOWS-1252?]managemets, Planning Review, Oxford, V 20, n 6, 36-40.

De Souza, S. P. N., (1997), [WINDOWS-1252?]Os Programas da Qualidade e as Mudanças na Vida do [WINDOWS-1252?]Trabalhador, Tese de Doutorado, Universidade de São Paulo, São Paulo, SP.

Deming, W.E., (1990). ""Qualidade: A Revolução da Administração"", Editora Marques-Saraiva.

Deming, W. E., (1986), ""Out of the crisis"", Cambridge, Mass: Mit.

Drucker, P. F, (1993), [WINDOWS-1252?]Sociedade [WINDOWS-1252?]Pós-Capitalista, Editora Pioneira, São Paulo

Ishikawa, K., (1985), [WINDOWS-1252?]What is total quality control ? The Japanese [WINDOWS-1252?]way, Englewood Cliffs, Prentice Hall.

Fellers, K. G., (1995), [WINDOWS-1252?]Integrated QA Systems: Marrying Core QA Systems and TQM [WINDOWS-1252?]Philosophies, ASQC 49th Annual Quality Congress Proceedings, 597-600.

Freedman, D, H, (1992), [WINDOWS-1252?]Is Management Still a Science [WINDOWS-1252?]?, Harvard Busines Review, November-December, 26-38

Gill, J. e S. Whittle, (1993), [WINDOWS-1252?]Management by panacea: accounting for [WINDOWS-1252?]transience, Journal of Management Studies, Oxford, Vol 30, No 2, 281-295.

Hammer, M. e J. Champy., (1993), [WINDOWS-1252?]Reengenharia: revolucionando a empresa em função dos clientes, da concorrência e das grandes mudanças da [WINDOWS-1252?]gerência, Editora Campus: Rio de janeiro

Harari, O., (1993), [WINDOWS-1252?]Ten reasons why TQM [WINDOWS-1252?]doesnt [WINDOWS-1252?]work, Management Review, Vol 82, n 1, 33-38.

Hart, C e C, Bogan, (1994), [WINDOWS-1252?]Balbridge: o que é o prêmio Balbridge e o que representa para as [WINDOWS-1252?]empresas, Makron Books, São Paulo.

Hillman, G. P., (1994), [WINDOWS-1252?]Partnering in [WINDOWS-1252?]Practice, ASQC 48th Annual Quality Congress Proceedings, 471-478

Kast F. E. e J. E. Rosenzweig, (1973), [WINDOWS-1252?]Contingency views of organizations and [WINDOWS-1252?]management, Science Research Associates, Chicago.

Katz, D e R. L. Kahn, (1966), [WINDOWS-1252?]The social psychology of [WINDOWS-1252?]organizations, John Wiley & Sons, Inc.

Kern, J. P., (1993), [WINDOWS-1252?]Toward Total Quality [WINDOWS-1252?]Marketing, Quality Progress, Janeiro, 39-42.

Johnson, R. S., (1993). ""TQM: Leadership for the Quality Transformation, Part 1"", Quality Progress, (Janeiro), 73 - 75.

Judd D. K., (1995), [WINDOWS-1252?]The Psychology of [WINDOWS-1252?]Quality, ASQC 48th Annual Quality Congress Proceedings, 134-139

Juran, J. M., [WINDOWS-1252?]Planning for Quality, Juran Institute Inc, Wilton, CT, USA.

La Metttrie, J. O., (1960), [WINDOWS-1252?] [WINDOWS-1252?]Lhomme [WINDOWS-1252?]machine , Princepton University Press

Lam, K. D., Watson, F. D, e S. R. Schmidt, (1991), ""Total Quality"", Air Academy Press, Colorado Springs, Co.

Leighton, R., (1993). ""Restructuring for Quality Management"", ASQC Quality Congress Transaction - Boston, 64-70.

Nieisel P., (1992). ""Is Management Still a Science ?"", Harvard Business Review, (Nov-Dec), 26-38.

Parson, T., (1951), [WINDOWS-1252?]The Social [WINDOWS-1252?]System, Glencoe, Free Press.

Porter, M. (1990), [WINDOWS-1252?]The Competitive Advantage of [WINDOWS-1252?]Nations, New York: Free, 885.

Sharman, G., (1992), [WINDOWS-1252?]When Quality Control Gets in the Way of  [WINDOWS-1252?]Quality, Wall Street Journal, 24 de fevereiro.

Shumacher, E. F., (1977), [WINDOWS-1252?]O Negócio é ser [WINDOWS-1252?]Pequeno, Zahar, Rio de Janeiro.

Stocker, G. D., (1993), [WINDOWS-1252?]How to Turn Concepts Into [WINDOWS-1252?]Action, Quality Progress, January, 45-48.

Suntherland, J. W., (1975), [WINDOWS-1252?]Systems Analisys, Administration and [WINDOWS-1252?]Architecture, Van Nostrand Reinhold Company, New York, EUA.

Quick, T. L., (1988), ""Power, Influence, and Your Effectiveness in Human Resources"", Addison-Wesley

Tichy,  N.,  (1982), ""Strategic Change Management"", Wiley, New York.

Weber, M., (1982), [WINDOWS-1252?]Ensaios de [WINDOWS-1252?]Sociologia, Rio de janeiro, ed Guanabara.

Winder, R. E., (1994), [WINDOWS-1252?]Fulfilling [WINDOWS-1252?]Qualitys Five [WINDOWS-1252?]Dimensions, 47th Annual Quality Congress Transactions, 24-26.

Simon, H. A., (1962), [WINDOWS-1252?]The Architecture of [WINDOWS-1252?]Complexity, Proceedings of the American Philosophical Society, 106: 467-482.
",2010.0,2.0,Presencial,
42161,DISCIPLINA,DIM0543.0,G,DESENVOLVIMENTO DE SISTEMAS WEB,DEPARTAMENTO DE INFORMÁTICA E MATEMÁTICA APLICADA,60,0,0,60,0,0,20,False,3.0,,,( DIM0502 OU DIM0444 OU ( DIM0432 E DIM0111 ) ) ,,"Visão Geral de Programação para Web. Arquitetura Cliente-Servidor. Formulários HTML. Programação no lado cliente e no lado servidor. Arquitetura em Camadas (GUI, Negócio, Dados) de Referência. Padrões de Projeto para refinamento de arquitetura em camadas. Tecnologias Java para programação no servidor (Servlets, JSP/JSF, EJB). Serviços Web. ",,"- Introduzir modelos de processo e arquiteturas de Sistemas Web
- Apresentar as tecnologias lado-cliente e lado-servidor e capacitar os aluno a desenvolver sistemas co estas tecnologias.
   - Capacitar o aluno para aplicação de boas práticas em arquiteturas de aplicações web, através do uso de princípios, boas práticas e técnicas de OO, centradas sobretudo em padrões de arquitetura e de projeto.
   - Capacitar o aluno para o desenvolvimento de aplicações corporativas para a web usando tecnologias modernas. 
","   - Introdução à design Web
   - Arquitetura da Informação
   - Processo de desenvolvimento Web
   - Visão geral de programação para a Web
   - Formulários HTML 
   - Definição de estilos com CSS
   - Programação com Javascript e DOM
   - Arquitetura em Camadas (GUI, Negócio e Dados) de Referência
   - Padrões de Projeto para refinamento da Arquitetura em Camadas
   - Mapeamento de Objetos para Banco de Dados Relacionais
   - Tecnologias Web para Implementação das Aplicações no Servidor
   - Tecnologias Web para Implementação das Aplicações no Cliente
   - Refatoração de Aplicações
   - Introdução a Frameworks OO de Aplicação
   - Avaliação de sistemas Web - desempenho, portabilidade,
interoperabilidade, usabilidade, etc.
","   - Ao final da disciplina o aluno deverá estar capacitado a: (i) ter um bom conhecimento das tecnologias e técnicas envolvidas no desenvolvimento de uma aplicação corporativa para web; (ii) desenvolver aplicações para web em uma arquitetura estruturada em camadas

   - As seguintes habilidades serão desenvolvidas durante o curso da disciplina: (i) capacidade de análise crítica de soluções para o desenvolvimento de aplicações web; (ii) domínio de técnicas para a construção de arquiteturas de qualidade para aplicações web, tanto do lado cliente quanto no lado servidor. 
",,2012.0,1.0,Presencial,
2040705,DISCIPLINA,DIM0495,G,TÓPICOS ESPECIAIS EM COMPUTAÇÃO XIV,DEPARTAMENTO DE INFORMÁTICA E MATEMÁTICA APLICADA,60,0,0,60,0,0,20,True,3.0,,,,,"Este componente cobre temas de Computação não contemplados em
outros componentes curriculares, podendo variar a cada oferta de turma.
A área de Computação é extremamente dinâmica e requer que, além de
um conjunto fixo de componentes obrigatórios e optativos com ementa
pré-definida, se tenha a flexibilidade de oferecer ao aluno exposição a
temas inovadores e de tendências atuais que, mais tarde, após algum
amadurecimento, podem vir a ser introduzidos como componentes
optativos. Para permitir que o aluno participe de turmas de diferentes
temas, no mesmo ou em diferentes semestres, é necessário termos um
conjunto de códigos para que temas diferentes sejam oferecidos com
códigos diferentes pela coordenação do curso de forma rotativa ao longo
do tempo. Este é o nono componente de 60 horas-aula desta sequência.",,"Esta disciplina tem por objetivo introduzir a área de Realidade Virtual, 
que pode ser considerada como uma interface de alto nível que 
possibilita o usuário interagir como mudos sintéticos através de 
múltiplos canais sensoriais, como visão, tato, audição, etc. 

Nesta disciplina serão abordados os elementos básicos e motivadores da 
área RV, enfatizando-se os dispositivos especiais de entrada e saída, 
arquiteturas usuais de sistemas de RV, plataformas de implementações, 
fatores humanos relacionados, aplicações tradicionais e inovadoras. 
","1. Introdução (Definições, origem, histórico, equipamentos) 

2. Dispositivos de Entrada 

3. Dispositivos de Saída 

4. Arquiteturas Computacionais para RV 

5. Modelagem para RV 

6. Plataformas de Programação para RV 

7. Fatores Humanos Relacionados com RV 

8. Aplicações Tradicionais em RV 

9. Novas Aplicações de Tecnologia de RV 
",,,2022.0,2.0,Presencial,
2040703,DISCIPLINA,DIM0493,G,TÓPICOS ESPECIAIS EM COMPUTAÇÃO XVI,DEPARTAMENTO DE INFORMÁTICA E MATEMÁTICA APLICADA,60,0,0,60,0,0,20,True,3.0,,,,,"Este componente cobre temas de Computação não contemplados em
outros componentes curriculares, podendo variar a cada oferta de turma.
A área de Computação é extremamente dinâmica e requer que, além de
um conjunto fixo de componentes obrigatórios e optativos com ementa
pré-definida, se tenha a flexibilidade de oferecer ao aluno exposição a
temas inovadores e de tendências atuais que, mais tarde, após algum
amadurecimento, podem vir a ser introduzidos como componentes
optativos. Para permitir que o aluno participe de turmas de diferentes
temas, no mesmo ou em diferentes semestres, é necessário termos um
conjunto de códigos para que temas diferentes sejam oferecidos com
códigos diferentes pela coordenação do curso de forma rotativa ao longo
do tempo. Este é o décimo primeiro componente de 60 horas-aula desta
sequência.
",,"This course will offer a contemporary introduction to the Foundations
of Mathematics. Rather than a history-based approach with emphasis on
the traditional philosophical schools (Platonism, Intuitionism,
Formal­ism), the approach pursued here will be practice-based and
computationally-informed, with a structuralist twist.
","
Among others, questions that will be of interest to us here include
the following:
- What are and what could be numbers (and other mathematical objects)?
- What are the role and the import of rigor in Mathematics?
- What actually lies beyond the finite?
- What lessons may be learned from contemporary approaches to
geometric reasoning?
- What are the varieties of mathematical proof?
- What lies between the effective and the feasible computations, and
what theoretical and practical limits does Computability Theory sets
on proof and on (the definability of) truth?
- How could a foundation for Mathematics look like?
The primary goal is to provide a minimal theoretical basis for a
mathematically relevant philoso­phical discussion of the foundations
and of the practice of Mathematics.
",,,2022.0,2.0,Presencial,
2040702,DISCIPLINA,DIM0492,G,TÓPICOS ESPECIAIS EM COMPUTAÇÃO XIII,DEPARTAMENTO DE INFORMÁTICA E MATEMÁTICA APLICADA,60,0,0,60,0,0,20,True,3.0,,,,,"Este componente cobre temas de Computação não contemplados em
outros componentes curriculares, podendo variar a cada oferta de turma.
A área de Computação é extremamente dinâmica e requer que, além de
um conjunto fixo de componentes obrigatórios e optativos com ementa
pré-definida, se tenha a flexibilidade de oferecer ao aluno exposição a
temas inovadores e de tendências atuais que, mais tarde, após algum
amadurecimento, podem vir a ser introduzidos como componentes
optativos. Para permitir que o aluno participe de turmas de diferentes
temas, no mesmo ou em diferentes semestres, é necessário termos um
conjunto de códigos para que temas diferentes sejam oferecidos com
códigos diferentes pela coordenação do curso de forma rotativa ao longo
do tempo. Este é o oitavo componente de 60 horas-aula desta sequência.",,"Apresentar os conceitos básicos, definições e ferramentas para realidade virtual e multimídia, dando um enfoque operacional. Mais especificamente:

Desenvolver a capacidade de propor, criar e avaliar mundos virtuais. 

Desenvolver a capacidade de especificar, construir e avaliar componentes multimídia específicos para esses mundos virtuais. ","Introdução
Dispositivos de entrada: rastreadores, navegação e interface gestual.
Dispositivos de saída: display gráficos, som 3D e dispositivos hápticos.
Arquiteturas computacionais para RV e RA
Modelagem: geométrica, física, cinemática,
Programação para RV
Fatores humanos em RV
Aplicações de RV",,,2021.0,1.0,Presencial,
2040701,DISCIPLINA,DIM0491,G,TÓPICOS ESPECIAIS EM COMPUTAÇÃO XII,DEPARTAMENTO DE INFORMÁTICA E MATEMÁTICA APLICADA,60,0,0,60,0,0,20,True,3.0,,,,,"Este componente cobre temas de Computação não contemplados em
outros componentes curriculares, podendo variar a cada oferta de turma.
A área de Computação é extremamente dinâmica e requer que, além de
um conjunto fixo de componentes obrigatórios e optativos com ementa
pré-definida, se tenha a flexibilidade de oferecer ao aluno exposição a
temas inovadores e de tendências atuais que, mais tarde, após algum
amadurecimento, podem vir a ser introduzidos como componentes
optativos. Para permitir que o aluno participe de turmas de diferentes
temas, no mesmo ou em diferentes semestres, é necessário termos um
conjunto de códigos para que temas diferentes sejam oferecidos com
códigos diferentes pela coordenação do curso de forma rotativa ao longo
do tempo. Este é o sétimo componente de 60 horas-aula desta sequência.",,"- Capacitar o aluno para aplicação de boas práticas em arquiteturas de aplicações web,

através do uso de princípios, boas práticas e técnicas de OO, centradas sobretudo em

padrões de arquitetura e de projeto.

  - Capacitar o aluno para o desenvolvimento de aplicações corporativas para a web

usando tecnologias modernas.


","- Revisão de Conceitos de Orientação a Objetos

  - UML - Linguagem de Modelagem Unificada

        - Diagrama de Classes e Sequência

  - Mapeamento de Diagramas de Classes UML para código-fonte

  - Visão geral de programação para a Web

  - Formulários HTML

  - Arquitetura em Camadas (GUI, Negócio e Dados) de Referência

  - Padrões de Projeto para refinamento da Arquitetura em Camadas

  - Mapeamento de Objetos para Banco de Dados Relacionais

  - Tecnologias Web para Implementação das Aplicações no Servidor

  - Tecnologias Web para Implementação das Aplicações no Cliente

  - Refatoração de Aplicações

  - Introdução a Frameworks OO de Aplicação

  - Introdução a Programação Orientada a Aspectos

",,,2020.0,2.0,Presencial,
2040700,DISCIPLINA,DIM0490,G,TÓPICOS ESPECIAIS EM COMPUTAÇÃO XI,DEPARTAMENTO DE INFORMÁTICA E MATEMÁTICA APLICADA,60,0,0,60,0,0,20,True,3.0,,,,,"Este componente cobre temas de Computação não contemplados em
outros componentes curriculares, podendo variar a cada oferta de turma.
A área de Computação é extremamente dinâmica e requer que, além de
um conjunto fixo de componentes obrigatórios e optativos com ementa
pré-definida, se tenha a flexibilidade de oferecer ao aluno exposição a
temas inovadores e de tendências atuais que, mais tarde, após algum
amadurecimento, podem vir a ser introduzidos como componentes
optativos. Para permitir que o aluno participe de turmas de diferentes
temas, no mesmo ou em diferentes semestres, é necessário termos um
conjunto de códigos para que temas diferentes sejam oferecidos com
códigos diferentes pela coordenação do curso de forma rotativa ao longo
do tempo. Este é o sexto componente de 60 horas-aula desta sequência.
de ementa variável, cobrindo tópicos atuais da Ciência da Computação.",,Capacitar o aluno no desenvolvimento de algoritmos metaheurísticos para lidar com problemas combinatórios NP-difíceis.,"Introdução à Análise Experimental de Algoritmos
Algoritmos Gulosos  Heurísticas Míopes  Algoritmos Aproximativos
Busca Local e Complexidade da Busca Local
Busca Local Iterativa
Multi-start, GRASP, Path-relinking
Busca em Vizinhança Variável
Simulated Annealing
Busca Tabu e Busca Tabu Reativa
Algoritmos Evolucionários: Algoritmos Genéticos, Algoritmos Meméticos, Algoritmos Culturais, Algoritmos Simbióticos, Algoritmos de Sistemas Imunológicos, Algoritmos Transgenéticos.
Scatter Search
Colônia de Formigas
Nuvens de Partículas
Aplicação das metaheurísticas a problemas combinatórios NP-difíceis.
",,,2020.0,2.0,Presencial,
2040665,DISCIPLINA,DIM0400,G,ELEMENTOS DE MATEMÁTICA PARA COMPUTAÇÃO,DEPARTAMENTO DE INFORMÁTICA E MATEMÁTICA APLICADA,60,0,0,60,0,0,20,False,1.0,O sistema de avaliação segue o padrão da UFRN.,( IMD0013 ) OU ( IMD0028 ) ,,,"Coleções, relações e funções. Sistemas de numeração. Sequências, progressões aritméticas e progressões geométricas. Regras simples de contagem: arranjo, permutação e combinação, simples e com repatição. Triângulo de Pascal e Binômio de Newton.",,A disciplina tem a formação básica em Ciência da Computação. ,"Parte 1

- Avaliação e motivação dos estudantes
- Introdução da matemática como ferramenta para o curso de CC

Parte 2

Sistemas de numeração

- números em diferentes bases
- números binários negativos (representação em computadores)
- operações em diferentes bases
- aplicações na Ciência da Computação

Parte 3

Coleções, relações e funções

- noção de tipos
- operações sobre conjuntos
- funções parciais, totais, injetivas, sobrejetivas e bijetivas
- operações sobre relações e funções
- aplicações na Ciência da Computação

Parte 4
Sequencias, progressoes geometricas e progressoes aritmeticas.

- definicoes
- resolucao de problemas
- aplicações na Ciência da Computação

Parte 5
Regras simples de contagem: arranjo, permutacao e combinacao simples e com
repeticao.

- definicoes
- resolucao de problemas envolvendo as regras de contagem
- aplicações na Ciência da Computação

Parte 6:
Triangulo de Pascal e Binomio de Newton

- definicoes
- propriedades
- aplicações na Ciência da Computação ","Desenvolvimento de raciocínio lógico, sedimentação de conceitos de matemática básica (ensino médio). ","1. ALENCAR F. E., Teoria Elementar do Conjuntos, Livraria Nobel, São Paulo, 1976.
2. CASTRUCCI, B., Introdução à Lógica Matemática, Livraria Nobel, São Paulo, Brasil, 1979.
3. DOMINGUES, H., H. E IEZZI, G., Álgebra Moderna, Editora Atual, Brasil, 1982.
4. IEZZI, G. E MURAKAMI, C., Fundamentos de Matemática Elementar, Volume 1, Editora Atual, Brasil. 1977.
5. DEVLIN, K., Sets, Functions and Logic: An Introduction to Abstract Mathematics, 2a ed., Chapman & Hall
Mathematics, 2004.
6. HEFEZ, A., Elementos de Aritmética, Coleção Textos Universitários, SBM, Rio de Janeiro, 2005.
7. MONTEIRO, L.H.J., Elementos de Álgebra, Livros Técnicos e Científicos, Brasil, 1974.
8. MORGADO, A.C. de O., CARVALHO, J.B.P. CARVALHO, P.C.P. e FERNANDES P. - Análise Combinatória e Probabilidade. Coleção do Professor de Matemática - SBM. ",2010.0,2.0,Presencial,
2022902,DISCIPLINA,DIM0111.1,G,PRÁTICA DE ALGORITMOS E ESTRUTURAS DE DADOS II,DEPARTAMENTO DE INFORMÁTICA E MATEMÁTICA APLICADA,30,0,0,30,30,0,20,False,3.0,"Avaliação

Conforme padrão da UFRN, os alunos terão três avaliações.

Cada avaliação será composta de um trabalho. ",( ( IMD0039 OU IMD0032 ) E ( IMD0040 OU IMD0035 ) ) OU ( ( DIM0013 OU DIM0429 OU DIM0328 ) E ( DIM0303 OU DIM0428 OU DIM0329 ) ) ,( DIM0110 ) OU ( DCA0204 ) OU ( DIM0427 E DIM0426 ) ,,Prática em Laboratório dos tópicos abordados na disciplina: Algoritmos e Estruturas de Dados II.,,"Objetivos
- Capacitar o aluno no desenvolvimento de algoritmos que utilizem as estruturas de dados Árvores, algoritmos de compactação de dados e algoritmos de casamento de cadeias
-Capacitar o aluno a utilizar modelos em grafos para representar problemas reais.
-Capacitar o aluno a desenvolver algoritmos que solucionem problemas modelados como problemas em grafos.","Árvore Binária de Busca
Árvores AVL
Árvores Graduadas e Rubro-Negras
Árvores B
Árvore Digital
Árvore Patrícia
Compactação de Dados e Algoritmo de Huffman
Problema do Casamento de Cadeias
Conceitos básicos em Teoria do Grafos
Representação de Grafos, Árvores, Conectividade, Planaridade
Caminhos e Ciclos, Grafos Direcionados
Algoritmos de Busca em Grafos
Componentes Fortemente Conexos
Algoritmo Guloso, Árvore Geradora Mínima
Problemas de Caminho Mais Curto
O Problema do Fluxo Máximo
Problemas de Emparelhamento.","Ao final da disciplina o aluno deverá estar capacitado a:
- desenvolver algoritmos que utilizem as estruturas de dados e técnicas apresentadas na disciplina;
- modelar problemas reais como problemas em grafos;
- desenvolver algoritmos para solucionar problemas reais modelados como problemas em grafos.

As seguintes habilidades deverão ser desenvolvidas durante o curso da disciplina:
- Abstração
- Análise, modelagem e solução de problemas. ","Bibliografia

P. O. Boaventura Neto, 2006, Grafos: Teoria, Modelos, Algoritmos - 4ª Edição, Editora Edgard Blucher.

T. H. Cormen, C. E. Leiserson, R. L. Rivest, e C. Stein, 2002, Algoritmos Teoria e Prática, Editora Campus.

B. Preiss, 2001, Estruturas de Dados e Algoritmos, Editora Campus.

J. L. Szwarcfiter, 1984, Grafos e Algoritmos Computacionais, Editora Campus.

J. L. Swarcfiter e L. Markenzon, 1994, Estruturas de Dados e Seus Algoritmos, LTC Editora.



objetivos, conteudo (programa), competencias e habilidades
 (alguem sabe
o que que e isto?),metodologia, avaliacao e bibliografia.",2010.0,2.0,Presencial,
2040704,DISCIPLINA,DIM0494,G,TÓPICOS ESPECIAIS EM COMPUTAÇÃO XV,DEPARTAMENTO DE INFORMÁTICA E MATEMÁTICA APLICADA,60,0,0,60,0,0,20,True,3.0,,,,,"Este componente cobre temas de Computação não contemplados em
outros componentes curriculares, podendo variar a cada oferta de turma.
A área de Computação é extremamente dinâmica e requer que, além de
um conjunto fixo de componentes obrigatórios e optativos com ementa
pré-definida, se tenha a flexibilidade de oferecer ao aluno exposição a
temas inovadores e de tendências atuais que, mais tarde, após algum
amadurecimento, podem vir a ser introduzidos como componentes
optativos. Para permitir que o aluno participe de turmas de diferentes
temas, no mesmo ou em diferentes semestres, é necessário termos um
conjunto de códigos para que temas diferentes sejam oferecidos com
códigos diferentes pela coordenação do curso de forma rotativa ao longo
do tempo. Este é o décimo componente de 60 horas-aula desta sequência.",,"Esta disciplina tem por objetivo introduzir a área de Aprendizado Profundo (Deep Learning), que corresponde uma sub-área de Aprendizado de Máquina. Modelos baseados em aprendizado profundo (AP) tornaram-se o estado-da-arte para muitas aplicações que envolvem o uso da Inteligência Artificial recentemente.

Nesta disciplina, após uma rápida revisão de tópicos básicos necessários ao estudo de AP, serão vistos conceitos de aprendizado de máquina. No corpo principal do curso serão abordados os seguintes tópicos: redes neurais; estruturas recorrentes, convolucionais e redes residuais; treinamento, otimização e regularização de modelos de AP. Por fim serão tratadas algumas técnicas avançadas: autogeradores, redes geradoras adversárias, modelos de atenção e transformadores.
","1. Introdução: definições e histórico.
2. Revisão de conceitos básicos (probabilidade, álgebra linear e otimização).
3. Aprendizado de máquina.
4. Redes neurais.
5. Redes recorrentes.
6. Redes convolucionais e residuais.
7. Otimização, treinamento e regularização de modelos de AP.
8. Autogeradores variacionais (variational autoencoders, VAE) e redes geradoras adversárias (generative adversarial networks, GAN).
9. Modelos de atenção.
10.Transformadores.",,,2023.0,1.0,Presencial,
23535,DISCIPLINA,DIM0049,G,TEORIA DA COMPUTACAO,DEPARTAMENTO DE INFORMÁTICA E MATEMÁTICA APLICADA,60,0,0,60,0,0,20,False,3.0,,( DIM0330 ) E ( DIM0337 ) OU ( DIM0439 ) ,( ( MAT0227 OU MAT0009 OU DIM0323 ) ) ,,"Objetivos. Histórico. Computabilidade. Tese de Church. Hierarquia de
Chomsky. Linguagem. Gramáticas. Autômatos. Máquina de Turing.
Decibilidade.",,,,,,,,Presencial,
2054977,DISCIPLINA,DIM0500,G,SISTEMAS DE COMPUTAÇÃO,DEPARTAMENTO DE INFORMÁTICA E MATEMÁTICA APLICADA,90,0,0,90,0,0,20,False,3.0,Provas escritas realizadas de acordo com o padrão da UFRN.,( DIM0431 ) E ( DIM0438 ) E ( DIM0432 ) ,,,"Organização básica de computadores: unidade central de processamento, memória, dispositivos de E/S. Arquitetu-ra de microprocessadores: unidade operacional e de controle. Hierarquia de memória: princípios de hierarquia, caches, memória principal, alocação, substituição, paginação, memória virtual. Introdução de programação de computadores: conjuntos de instruções, modos de endereçamento, interrupções.  Gerência de processos, memó-ria, e dispositivos. Sistema de arquivos. Topologia de redes.",,"Compreender como é estruturado o hardware de um computador e qual a funcionalidade e comportamento de cada componente. Entender a necessidade de um sistema operacional para gerenciar o hardware e os programas, e quais as tarefas que são realizadas por ele. Compreender a arquitetura e os protocolos utilizados para permitir que diversos computadores sejam interligados de modo a formar uma rede de computadores.","Unidade I  Organização e Arquitetura de Computadores 

Organização básica de computadores: Unidade central de processamento, Memória e 
Dispositivos de E/S. 
Arquitetura de microprocessadores. 
Pipelining. 
Hierarquias de memória. 
Barramento. 
Programação de computadores. 
Relação com o sistema operacional. 
Multiprocessadores e multicomputadores.

Unidade II  Sistemas Operacionais
Definição e diversidade de sistemas operacionais
Processo e Threads
Deadlocks
Gerenciamento de Memória
Entrada e Saída
Sistemas de Arquivos
Sistemas com múltiplos processadores
Segurança

Unidade III  Redes de Computadores
Conceitos básicos sobre comunicação de dados
Os componentes de uma rede: Equipamentos, Meios de transmissão, Topologia  e Protocolos.
Transmissão de informações
Padrões de LAN e WAN
Modelos OSI e TCP/IP
Protocolos ARP, IP, ICMP, TCP e UDP.
Protocolos de Aplicação","Não são exigidos conhecimentos prévios para cursar esta disciplina, mas é interessante que o aluno já tenha tido contato com computadores como usuário.","A, Tanembaum. Organização Estruturada de Computadores. 5a Edição. Prentice-Hall. Ano 2006.

A, Tanembaum. Sistemas Operacionais Modernos. 2a Edição. Prentice-Hall. Ano 2009.

Kurose, F., Ross, W. Redes de Computadores e a Internet. 3a Edição. Addison Wesley. Ano: 2006.

Soares, L., Filho, G., Colcher, S. Redes De Computadores: Das Lans, Mans E Wans As Redes Atm. Editora Campus. Ano 2005.
",2010.0,1.0,Presencial,
23512,DISCIPLINA,DIM0102,G,COMPUTACAO GRAFICA I,DEPARTAMENTO DE INFORMÁTICA E MATEMÁTICA APLICADA,60,0,0,60,0,0,20,False,3.0,,( DIM0035 ) OU ( DCA0435 ) OU ( DIM0435 ) OU ( DCA0114 ) OU ( DIM0451 ) ,( ( MAT0065 OU MAT0313 OU MAT0231 ) E ( MAT0059 OU MAT0312 OU MAT0229 ) E ( DIM0052 ) E ( DIM0301 OU DIM0053 ) OU ( MAT0230 E DCA0451 ) ) ,,"Entrada gráfica, armazenamento e comunicações. Dispositivos de
visualização. Conversão por varrimento. Transformações gráficas
bidimensionais e tridimensionais. Preenchimento de regiões. Recortes
e visualizações . Projeções. Modelos geométricos. Superfícies ocultas.
Arquivos gráficos bmp e pcx. Processamento de imagem. Técnicas de
animação. Recursos de Multimídia.
",,,,,,,,Presencial,
21690,DISCIPLINA,DIM0084,G,PROGRAMACAO ORIENTADA PARA OBJETOS,DEPARTAMENTO DE INFORMÁTICA E MATEMÁTICA APLICADA,60,0,0,60,60,0,20,False,3.0,3 avaliações,,( ( DIM0013 E DIM0052 ) OU ( DIM0013 E ( DIM0303 OU DIM0048 ) E DIM0304 ) OU ( DIM0326 ) ) ,,[C@db861f,,"Habilitar o aluno a construir aplicações de média complexidade, baseadas nos princípios de orientação a objetos, e utilizando uma ferramenta de desenvolvimento que contemple os recursos requeridos por este paradigma de programação.","	O Paradigma de Orientação a Objetos aplicado ao Desenvolvimento de Sistemas
	Conceitos e Princípios de Orientação a Objetos
o	Classes e Objetos
o	Herança
o	Encapsulamento e Polimorfismo
	Introdução a Modelagem de Sistemas OO
	Introdução a UML
o	Notação UML
o	Modelagem de Classes em UML
o	Estudo de Caso
	Introdução a Linguagem Java
o	Características e Breve histórico da linguagem
o	A Plataforma Java
o	Aspectos Importantes da Linguagem
&#61607;	JIT, Hotspot
&#61607;	Coleta de Lixo
	Fundamentos da Linguagem Java
o	Tipos Primitivos de Dados
o	Declaração de variáveis, atribuições e inicializações
o	Operadores 
o	Estrutura de um programa
o	Tipos de programas Java
o	Estruturas de Controle
o	Strings e Arrays
o	Métodos
	POO em Java
o	Classes em Java
o	Construtores 
o	Herança e Polimorfismo
o	Classes e Métodos Abstratos
o	Classes Finais
o	Interfaces 
o	Classes Aninhadas
	Java avançado
o	JDBC
o	Redes
o	Multithreadings 
Competencias e habilidades: O aluno deverá ter capacidade para propor soluções e desenvolvê-las utilizando os princípios e uma ferramenta de programação, que envolvam o paradigma de Orientação a Objetos 

",aulas teóricas e práticas (exercícios e estudos de caso),"1.	Java How to Program (6th Edition) - Harvey M. Deitel & Paul J. Deitel; EDITORA Prentice Hall
2.	Java In A Nutshell, 5th Edition - David Flanagan; EDITORA O'Reilly Media, 2005
3.	Core Java 2, Volume I--Fundamentals (7th Edition) - Cay Horstmann, Gary Cornell; EDITORA Prentice Hall PTR
4.	Modelagem e Projetos Baseados em Objetos com UML - Segunda Edição  Ed. Campus - James Rumbaugh . Michael Braha  2006
5.	UML - Guia do Usuário - Segunda Edição - James Rumbaugh . Grady Booch . Ivar Jacobson -Lançado em 23/01/2006, Ed. Campus ",2008.0,2.0,Presencial,
21689,DISCIPLINA,DIM0064,G,REDES LOCAIS,DEPARTAMENTO DE INFORMÁTICA E MATEMÁTICA APLICADA,60,0,0,60,60,0,20,False,3.0,,,( ( DIM0013 E ( DIM0303 OU DIM0048 ) E DIM0304 ) OU ( DIM0058 E DIM0061 ) ) ,,,,,,,,,,Presencial,
21688,DISCIPLINA,DIM0011,G,ARMAZENAMENTO E RECUPERACAO DE INFORMACOES,DEPARTAMENTO DE INFORMÁTICA E MATEMÁTICA APLICADA,30,30,0,60,0,0,20,False,3.0,,,( ( DIM0013 ) E ( DIM0303 OU DIM0048 ) ) ,,"Tipos de Consultas. Modo de Recuperação e Atualização.
Organização de Arquivo Seqüencial, Randômica, ligada ou invertida.
Técnicas de Indexação. Técnicas de Hashing e Arvore Balanciada.
Matrizes Esparsas e Planilhas. Código de Barra. Compressão e
Criptografia. Classificação de Grandes Arquivos em Discos. Estado da
Arte. 
",,,,,,,,Presencial,
21687,DISCIPLINA,DIM0055,G,TEORIA DE LINGUAGEM DE PROGRAMACAO,DEPARTAMENTO DE INFORMÁTICA E MATEMÁTICA APLICADA,60,0,0,60,60,0,20,False,3.0,,,( ( DIM0013 ) E ( DIM0051 ) ) ,,,,,,,,,,Presencial,
21686,DISCIPLINA,DIM0017,G,LINGUAGEM COMERCIAL II,DEPARTAMENTO DE INFORMÁTICA E MATEMÁTICA APLICADA,15,45,0,60,60,0,20,False,3.0,,,( ( DIM0012 ) ) ,,,,,,,,,,Presencial,
21685,DISCIPLINA,DIM0012,G,LINGUAGEM COMERCIAL I,DEPARTAMENTO DE INFORMÁTICA E MATEMÁTICA APLICADA,30,30,0,60,60,0,20,False,3.0,,,( ( DIM0008 ) ) ,,,,,,,,,,Presencial,
21684,DISCIPLINA,DIM0077,G,LINGUAGEM DE PROGRAMACAO CONCORRENTE,DEPARTAMENTO DE INFORMÁTICA E MATEMÁTICA APLICADA,60,0,0,60,0,0,20,False,3.0,,,( ( DIM0432 OU DIM0007 OU DIM0338 ) E ( DIM0438 OU DIM0061 OU DIM0064 OU DCA0450 ) ) ,,"Estudo de linguagens voltadas para processos concorrentes.
Aplicações práticas.",,,,,,,,Presencial,
21683,DISCIPLINA,DIM0332,G,DESENVOLV.DE SOFTWARE DE CONTROLE EM TEMPO-REAL,DEPARTAMENTO DE INFORMÁTICA E MATEMÁTICA APLICADA,60,0,0,60,0,0,20,False,3.0,03 AVALIAÇÕES,,( ( DIM0433 OU DIM0322 OU DIM0060 ) E ( DIM0432 OU DIM0338 OU DIM0007 OU DCA0108 ) E ( DIM0429 OU DIM0328 OU DIM0013 ) ) OU ( DIM0423 ) ,,"Engenharia de sistemas computacionais. Modelos de sistemas computacionais de controle em tempo-real. Engenharia de software. Modelos e técnicas de especificação de software. Diagramas de estados. Diagrama de fluxo de controle. Redes de Petri. Especificações formais. Projeto da arquitetura e software. Arquiteturas, padrões de frameworks para sistemas de tempo-real. Construção de programas baseados em eventos de tempo-real. Técnicas de interação software-harware. Sistemas de controle de fluxo em planta. Sistemas de controle para robôs.",,"Objetivos
Desenvolver um software de tempo-real é um desafio que envolve não apenas a produção de um software que atenda aos requisitos funcionais, mas que atenda estes requisitos obedecendo a restrições de tempo. Este curso complementa a formação de um engenheiro de software através do estudo dos conceitos e características específicas de software de controle de tempo real e das ferramentas necessárias para desenvolve-los. O curso cobre os conceitos e técnicas fundamentais para avaliação da previsibilidade e escalonabilidade de sistemas de tempo-real (STR) ; a modelagem de STR utilizando a UML; a aplicação de padrões de projeto para STR; e a utilização de recursos computacionais para o desenvolvimento de STR.
","Programa 
1. Introdução 
	Conceitos e Aplicações de Sistemas de Tempo Real
	Requisitos Operacionais 
2. Conceitos básicos
	Comunicação e Concorrência 
	Eventos, Tarefas, Prazos e Temporização. 
3. Modelagem de STR com UML 
	Recursos da UML
	Modelagem de SCTR com o COMET 
	Padrões de projeto para STR
4.  Recursos computacionais para desenvolvimento de STR
	SOTR - Sistemas operacionais de tempo real 
	Linguagens de programação para STR
	Java para Tempo Real 
5. Escalonamento de SCTR  Parte I: conceitos e técnicas fundamentais
	Escalonamento - Conceitos 
	Escalonamento de tarefas periódicas - Executivo Cíclico, Taxa Monotônica, Prazo mais cedo primeiro e Prazo Monotônico 
6. Escalonamento de SCTR  Parte II: técnicas para tarefas dependentes e aperiodicas
	Escalonamento de tarefas concorrentes - PHP e PPT 
	Cálculo do tempo máximo de resposta 
	Escalonamento de tarefas dependentes com precedência 
	Escalonamento de tarefas aperiódicas 
","Desenvolver um software de tempo-real é um desafio que envolve não apenas a produção de um software que atenda aos requisitos funcionais, mas que atenda estes requisitos obedecendo a restrições de tempo","Bibliografia
	Jean-Marie Farines e outros. Sistemas de Tempo Real, Escola de computação 2000. 
	Alan Shaw - Sistemas e Software de Tempo Real - Ed. Bookman, 2003. 
	Bruce P. Douglass - Real-Time UML: Developing Efficient Objects for Embedded Systems - Addison-Wesley, 1999. 
	Bruce P. Douglass - Doing Hard Time: developing real-time system with UML, Objects, Frameworks and Patterns. Addison-Wesley, 1999.
	Hassan Gomaa  Designing Concurrent, Distributed and real-time applications with UML
",2010.0,1.0,Presencial,
21682,DISCIPLINA,DIM0065,G,SISTEMAS DE PROCESSAMENTO PARALELO,DEPARTAMENTO DE INFORMÁTICA E MATEMÁTICA APLICADA,60,0,0,60,0,0,20,False,3.0,,,( ( DIM0007 OU DIM0338 ) ) ,,"Conceitos básicos de processamento paralelo. Arquiteturas de processamento
paralelo. Estudo e análise de algoritmos para processamento paralelo.
Conceito de comunicação, sincronização e controle de processos paralelos.
Ambientes de processamento paralelo.
",,,,,,,,Presencial,
21681,DISCIPLINA,DIM0070,G,SISTEMAS DISTRIBUIDOS,DEPARTAMENTO DE INFORMÁTICA E MATEMÁTICA APLICADA,60,0,0,60,0,0,20,False,3.0,,( DIM0441 ) ,( ( DIM0007 E DIM0061 ) OU ( DIM0064 ) OU ( DIM0338 ) ) ,,"Conceitos básicos de sistemas distribuídos; arquitetura de sistemas
distribuídos; paradigmas de linguagens de programação distribuída; técnicas
de descrição de sistemas distribuídos; ambientes de suporte ao
desenvolvimento de sistemas distribuídos.
",,,,,,,,Presencial,
21680,DISCIPLINA,DIM0020,G,CONSTRUCAO DE COMPILADORES,DEPARTAMENTO DE INFORMÁTICA E MATEMÁTICA APLICADA,30,30,0,60,60,0,20,False,3.0,,,( ( DIM0007 ) E ( DIM0005 ) ) ,,,,,,,,,,Presencial,
21679,DISCIPLINA,DIM0063,G,PROJETO DE SISTEMAS OPERACIONAIS,DEPARTAMENTO DE INFORMÁTICA E MATEMÁTICA APLICADA,60,0,0,60,60,0,20,False,3.0,,,( ( DIM0007 ) ) ,,,,,,,,,,Presencial,
21678,DISCIPLINA,DIM0032,G,SIMULACAO DIGITAL,DEPARTAMENTO DE INFORMÁTICA E MATEMÁTICA APLICADA,30,30,0,60,0,0,20,False,3.0,,,( ( DIM0004 OU DIM0040 ) E ( DIM0046 ) E ( DIM0300 OU DIM0047 ) E ( EST0202 ) ) ,,"Teoria das filas. Construção de modelos de simulação. Técnica de
programação em simulação discreta. Linguagem de simulação. Aplicações.",,,,,,,,Presencial,
21677,DISCIPLINA,DIM0007,G,SISTEMAS OPERACIONAIS,DEPARTAMENTO DE INFORMÁTICA E MATEMÁTICA APLICADA,45,15,0,60,0,0,20,False,3.0,,( DIM0338 ) OU ( DIM0432 ) ,( ( DIM0003 OU DIM0058 OU DCA0404 ) ) ,( ( DIM0056 ) ) ,"Funções de um sistema operacional. Evolução. Processamento de lotes.
Avaliação de desempenhos. Interrupção. Projeto de memória.
Multiprogramação. Estados de programa. Prioridades. Projeto de programas.
Linguagem de controle. Multiprocessamento. Exemplos de sistemas
operacionais. Processos concorrentes.
",,,,,,,,Presencial,
21691,DISCIPLINA,DIM0089,G,BANCO DE DADOS,DEPARTAMENTO DE INFORMÁTICA E MATEMÁTICA APLICADA,60,0,0,60,0,0,20,False,3.0,,( DIM0014 ) OU ( DIM0357 ) OU ( DIM0434 ) ,( ( DIM0013 E DIM0303 ) OU ( DIM0328 E DIM0329 ) OU ( DIM0011 ) ) ,,"Conceitos Básicos. Modelos Conceituais. Modelos Operacionais.
Modelo Relacional. Outros Modelos. Implementação de um Pequeno
Banco de Dados.
",,,,,,,,Presencial,
21676,DISCIPLINA,DIM0009,G,APLICATIVOS EM MICROCOMPUTADORES,DEPARTAMENTO DE INFORMÁTICA E MATEMÁTICA APLICADA,15,45,0,60,0,0,20,False,3.0,,( CEA0085 OU DIM0104 ) OU ( CON0263 ) ,( ( DIM0002 ) OU ( DIM0039 ) ) ,,"Áreas principais de aplicações. Software integrados. Planilhas
eletrônicas: definição, filosofia de trabalho, requisitos, operação
(comandos e funções). Estudo de casos. Processadores de textos:
definição, filosofia de trabalho, requisitos. Estudo de casos.
Gerenciador de banco de dados: definição, filosofia de trabalho,
requisitos, operação (comandos e funções). Estudo de casos.
",,,,,,,,Presencial,
21674,DISCIPLINA,DIM0061,G,REDE DE COMPUTADORES I,DEPARTAMENTO DE INFORMÁTICA E MATEMÁTICA APLICADA,60,0,0,60,0,0,20,False,3.0,,( DIM0015 ) OU ( DCA0450 ) OU ( DIM0438 ) OU ( DCA0113 ) ,( ( DIM0001 OU DCA0403 ) ) ,,"Noções básicas de redes de computadores. Tipos de enlace, códigos, modos
de transmissão, controle de erros, ligações ponto a ponto e multiponto.
Topologia. Protocolos. Arquiteturas de redes abertas e proprietárias.
",,,,,,,,Presencial,
21673,DISCIPLINA,DIM0015,G,INTRODUCAO AO TELEPROCESSAMENTO,DEPARTAMENTO DE INFORMÁTICA E MATEMÁTICA APLICADA,30,30,0,60,60,0,20,False,3.0,,,( ( DIM0001 ) ) ,,,,,,,,,,Presencial,
21672,DISCIPLINA,DIM0014,G,INTRODUCAO A BANCO DE DADOS,DEPARTAMENTO DE INFORMÁTICA E MATEMÁTICA APLICADA,15,45,0,60,0,0,20,False,3.0,,,( ( DIM0001 ) ) ,,Conceitos básicos. Estruturas de armazenamento. Pesquisa de dados. Classificação de dados.,,,,,,,,Presencial,
21671,DISCIPLINA,DIM0010,G,LINGUAGEM PASCAL,DEPARTAMENTO DE INFORMÁTICA E MATEMÁTICA APLICADA,30,30,0,60,60,0,20,False,3.0,,,( ( DIM0001 ) ) ,,,,,,,,,,Presencial,
21670,DISCIPLINA,DIM0008,G,PROGRAMACAO ESTRUTURADA,DEPARTAMENTO DE INFORMÁTICA E MATEMÁTICA APLICADA,45,15,0,60,0,0,20,False,3.0,,,( ( DIM0001 ) ) ,,"Objetivos da técnica de programação estruturada. Estruturas de controle.
Composição de programas. Desenvolvimento Top. D. Testes de programas.
Qualidades Externas de Programas. Programação Estruturada em uma
Linguagem qualquer.",,,,,,,,Presencial,
21669,DISCIPLINA,DIM0005,G,LINGUAGEM DE PROGRAMACAO CIENTIFICA,DEPARTAMENTO DE INFORMÁTICA E MATEMÁTICA APLICADA,30,30,0,60,0,0,20,False,3.0,,,( ( DIM0001 ) ) ,,Conceitos básicos e aplicações de uma linguagem científica.,,,,,,,,Presencial,
21668,DISCIPLINA,DIM0003,G,ORGANIZACAO DE COMPUTADORES,DEPARTAMENTO DE INFORMÁTICA E MATEMÁTICA APLICADA,45,15,0,60,0,0,20,False,3.0,,,( ( DIM0001 ) ) ,,"Revisão suscinta de sistemas numéricos e álgebras de Boole.
Circuitos lógicos. Memórias. Registradores. Contadores e somadores.
Unidades aritméticas de controle de memória e de entrada/saída.
Controle de paridade. Interrupção. Canais: dedicado, multiplicador,
flutuante. Dispositivos de comunicações. Estudo comparativo da
organização de computadores: computadores satélites, com estrutura
de pilhas, multiporocessadores. Memória associativa e virtual.",,,,,,,,Presencial,
21667,DISCIPLINA,DIM0046,G,ALGORITMOS E TECNICAS DE PROGRAMACAO,DEPARTAMENTO DE INFORMÁTICA E MATEMÁTICA APLICADA,60,0,0,60,0,0,20,False,3.0,,( DIM0008 ) OU ( DIM0324 ) ,( ( DIM0001 ) ) ,,"Tópicos avançados em grafos. Coloração. Circuitos hamiltonianos e
eulerianos. Emparelhamento. Fluxos em redes. Classes de problemas
e teoria da NP-completude. Backtraking. Programação Dinâmica.
Técnicas Gulosas. Branch-and-Bound. Algoritmos probabilísticos e
Aproximativos",,,,,,,,Presencial,
21083,DISCIPLINA,DIM0346,G,GERENCIAMENTO E SEGURANCA EM REDES DE COMPUTADORES,DEPARTAMENTO DE INFORMÁTICA E MATEMÁTICA APLICADA,45,15,0,60,0,0,20,False,3.0,,,( ( DCA0450 ) OU ( DIM0061 ) OU ( DIM0438 ) OU ( DCA0113 ) OU ( DIM0500 ) OU ( IMD0043 ) ) ,,"INTRODUÇÃO, CONCEITUAÇÃO E CONTEXTUALIZAÇÃO DO GERENCIAMENTO DE REDES; GERENCIAMENTO OSI X TCP/IP; O PROTOCOLO SNMP E SUAS VERSÕES (SNMP1, SNMP2, SNMP3); MIBS SNMP; RMON (REMOTE MONITORING); FERRAMENTAS DE GERENCIAMENTO. 
INTRODUÇÃO A SEGURANÇA DE REDES; CRIPTOGRAFIA; FUNÇÕES DE HASH; ASSINATURA DIGITAL; CERTIFICADOS DIGITAIS; SEGURANÇA EM REDES TCP/IP: VULNERABILIDADES, ATAQUES, MECANISMOS E FERRAMENTAS DE DEFESA (FIREWALLS, IDSS, SNIFFERS, SCANNERS, ETC).",,É necessário fazer a elaboração e inclusão dos objetivos da disciplina.,É necessário fazer a elaboração e inclusão do conteúdo da disciplina.,,,2024.0,2.0,Presencial,
21073,DISCIPLINA,DIM0056,G,SOFTWARE BASICO,DEPARTAMENTO DE INFORMÁTICA E MATEMÁTICA APLICADA,60,0,0,60,60,0,20,False,3.0,,,( ( DCA0404 OU DCA0104 ) OU ( DIM0046 E ( DIM0047 OU DIM0300 ) E DIM0058 ) ) ,,"Linguagem de máquina e linguagem de montagem. Montadores, carregadores e ligadores. Tratamento de interrupção. Programação em linguagem de montagem. Programação de entrada e saída.
",,,,,,,,Presencial,
21729,DISCIPLINA,DIM0059,G,ORGANIZACAO E ARQUITETURA DE COMPUTADORES II,DEPARTAMENTO DE INFORMÁTICA E MATEMÁTICA APLICADA,60,0,0,60,0,0,20,False,3.0,,,( ( DIM0058 OU DCA0404 ) ) ,,"Revisão de máquina de Von Neumann e organização básica de
computadores, arquiteturas CISC e RISC. arquitetura avançadas;
arquitetura paralelas e massivamento paralelas, prosperadores
pipeline, processadores oriais, processadores arry e processadores
associativos. Arquiteturas não convencionais e de avaliaão especifica.
produção a supercomputadores. 
",,,,,,,,Presencial,
21730,DISCIPLINA,DIM0106,G,ANALISE E PROJETOS ESTRUTURADOS,DEPARTAMENTO DE INFORMÁTICA E MATEMÁTICA APLICADA,30,30,0,60,0,0,20,False,3.0,,( DIM0016 ) ,( DIM0433 OU DIM0322 OU DIM0060 ) ,,"Análise de dados, metodologia estruturada de análise, projeto de
sistemas, metodologia estruturada de projeto, exercícios práticos.",,,,,,,,Presencial,
21732,DISCIPLINA,DIM0107,G,ANALISE E PROJETOS ORIENTADOS A OBJETOS,DEPARTAMENTO DE INFORMÁTICA E MATEMÁTICA APLICADA,30,30,0,60,60,0,20,False,3.0,"Avaliação: 3 provas escritas e um projeto (prático) 

",( DIM0018 ) ,( DIM0433 OU DIM0322 OU DIM0060 ) ,,"Paradigma de orientação à objetos. Conceito de classe, tipo abstrato de dados e herança. Metodologias orientadas a objetos para Análise e projetos. Exercícios práticos.",,"Objetivos: Oferecer ao aluno a oportunidade de participar de todas as etapas 
do desenvolvimento de um ou mais sistemas, utilizando o paradigma de 
Orientação a Objetos, a linguagem de modelagem unificada (UML) e uma ou mais 
metodologias de desenvolvimento, de modo a integrar os conhecimentos 
adquiridos nas disciplinas técnicas relacionadas","Conteúdo: 

1.     Projetos de Tecnologia de Informação 
1.1.     Projetos e tipos de projetos 
1.2.     Gerência de projetos 
1.3.     Dificuldades dos projetos de TI 
1.4.     Sucessos e falhas em projetos 
2.     Desenvolvimento de Software  A Fase de Projeto 
2.1.     Objetivos da fase de projeto 
2.2.     O processo do projeto 
2.3.     Atividades da fase de projeto 
3.     Projeto Orientado a Objetos 
3.1.     Características da OO 
3.2.     Metodologia de Projeto OO 
3.3.     Módulos de Software 
4.     O MODELO DE REQUISITOS 
4.1.     Introduçao 
4.2.     Modelo de Casos de Uso 
4.2.1.     Uso e extensão das relaçoes entre Casos de Uso 
4.2.2.     Identificando Casos de Uso 
4.2.3.     Roteiro para a Construçao de Casos de Uso 
4.3.     Modelo da Interface Homem-Máquina: Maquete do Sistema 
4.4.     Glossário do Sistema (Dicionário de Dados do Domínio) 
4.5.     Verificando e Empacotando o Modelo de Requisitos 

5.     O MODELO DE ANÁLISE E PROJETO 
5.1.     Introduçao 
5.2.     Categorias de Objetos 
5.3.     Arquitetura padrão da metodologia rápida 
5.4.     Objetos do Domínio 
5.5.     Objetos de Interface 
5.6.     Objetos de Controle 
5.7.     Roteiro para a Construçao do modelo de análise e projeto 
5.8.     Modelo Estático (Diagrama de Classes) 
5.8.1.     Introduçao 
5.8.2.     Roteiro para a Construçao do Diagrama de Classes 
5.9.     Modelo Dinâmico 
5.9.1.     Diagrama de Sequência 
5.9.1.1.     Diagramas de Sequência Padrões 
5.9.1.2.     Definindo os Serviços Padrões 
5.9.1.3.     Roteiro para Construçao de Diagramas de Sequencia 
5.9.2.     Ciclo de Vida dos Objetos (DTE) 
5.9.2.1.     DTE de Objetos de Controle 
5.10.     Projeto Arquitetural 
5.10.1.     Padrões de Projeto 
5.10.2.     Desenvolvimento baseado em Componentes 
5.10.3.     Diagrama de Componentes 
5.10.4.     Diagrama de Implantação 
6.     ESTUDO DE CASO 

","Competências e habilidades: formação profissional em Ciência da Computação. 

","Bibliografia: 

PRINCIPIOS DE ANALISE E PROJETO DE SISTEMAS COM UML - EDUARDO BEZERRA. Editora 
ELSEVIER LTDA, ISBN: 8535216960, 2º Edição, 2006. 

MODELAGEM E PROJETOS BASEADOS EM OBJETOS COM UML - James Rumbaugh e Michael Braha 
   Editora ELSEVIER LTDA, 2º Edição, 2006. 

UML - Guia do Usuário - Grady Booch, Ivar Jacobson e James Rumbaugh 
   Editora ELSEVIER LTDA, ISBN: 978-85-352-1784-1, 2º Edição, 2006.      
     
DESIGN PATTERNS: ELEMENTS OF REUSABLE OBJECT-ORIENTED SOFTWARE - ERICH GAMMA, 
RICHARD HELM, RALPH JOHNSON, JOHN M. VLISSIDES 
   Editora Addison-Wesley Professional Computing Series, 1994 ",2009.0,1.0,Presencial,
21733,DISCIPLINA,DIM0309,G,REDES DE ALTA VELOCIDADE,DEPARTAMENTO DE INFORMÁTICA E MATEMÁTICA APLICADA,60,30,0,90,0,0,20,False,3.0,,( DIM0064 ) ,( DIM0438 OU DIM0061 OU DCA0113 OU DCA0450 ) ,,"Aplicações de redes de alta velocidade. Redes locais de alta velocidade. Redes
metropolitanas. RDSI-FE e RDSI-FL: Padronização e modelo de referência.
Redes virtuais e interconexão de LANs e MANs.
",,,,,,,,Presencial,
21675,DISCIPLINA,DIM0060,G,ENGENHARIA DE SOFTWARE,DEPARTAMENTO DE INFORMÁTICA E MATEMÁTICA APLICADA,60,0,0,60,60,0,20,False,3.0,,( DIM0322 ) E ( DIM0341 ) OU ( DIM0433 ) ,( ( DIM0001 OU DIM0016 OU DCA0400 ) ) ,,[C@9dab03,,,,,,,,Presencial,
21734,DISCIPLINA,DIM0421,G,REDES SEM FIO,DEPARTAMENTO DE INFORMÁTICA E MATEMÁTICA APLICADA,60,0,0,60,60,0,20,False,3.0,,,( DIM0438 OU DIM0061 OU DCA0113 OU DCA0450 OU IMD0043 ) ,,"INTRODUÇÃO A TECNOLOGIA SEM FIO- BREVE HISTÓRICO. MOTIVAÇÕES, FUNDAMENTOS E PROBLEMAS, CENÁRIOS DE APLICAÇÕES. PADRÕES PARA REDES SEM FIO. REDES DE SENSORES SEM FIO - VISÃO GERAL, ARQUITETURA, APLICAÇÕES E PROTOCOLOS. QUALIDADE DE SERVIÇO EM REDES SEM FIO. SEGURANÇA EM REDES SEM FIO.REDES MÓVEIS AD-HOC(MANETS)  ",,"Apresentar conceitos básicos de comunicação sem fio, bem como os padrões e as tecnologias atuais de redes sem fio.","	Introdução a Tecnologias Sem Fio  breve histórico, motivações, fundamentos e problemas, cenários de aplicações 
	Introdução aos Padrões IEEE  802.11, 802.15, 802.16 
	Padrão 802.11 (WIFI): LANs Sem Fio  visão geral, Arquitetura, condições de utilização, nível físico (infravermelho, FHSS e DSSS), arquitetura do padrão, redes Ad hoc (componentes e utilização), redes infraestruturadas (componentes e utilização), serviços, mecanismos de acesso ao meio (DFWMAC, métodos de acesso, prioridade de acesso, CSMA/CA, DCF, PCF, fragmentação, formato do quadro, coexistência DCF e PCF)
	Padrão 802.15: Bluetooth - descrição, histórico, motivação, requisitos e aplicabilidade, especificação (núcleo e perfis), piconets e scatternets, pilha de protocolos (chip bluetooth, camada rádio, camada de banda base, LMP, L2CAP, HCI, SDP, RFCOMM) 
	Redes de Sensores sem Fio  visão geral, arquitetura, aplicações e protocolos 
	Padrão 802.16: Broadband Wireless Access (WIMAX) motivação, visão geral, cenários de uso, introdução a camada física
",,,2024.0,2.0,Presencial,
21692,DISCIPLINA,DIM0021,G,SISTEMAS DE INFORMACOES,DEPARTAMENTO DE INFORMÁTICA E MATEMÁTICA APLICADA,60,0,0,60,60,0,20,False,3.0,"A1  Prova 
A2  Prova 
A3 - Prova (
A4 - Prova com todo o conteúdo
",,( ( DIM0014 E DIM0015 ) OU ( DIM0089 ) OU ( DIM0434 ) ) ,,Modelo de um sistema de informação. A solução isolada e a global. Dados de entada e informações de saída. Fase de sub-sistemas. Métodos para escolha de organização de arquivos e tabelas. O controle dos dados. Segurança e privacidade. Documentação. Padrões de programação. Controle de consulta e atualização. Estudo de casos.,,"Dar uma visão integrada dos conhecimentos de informática, em benefício da organização, planejamento e administração das informações, visando sua utilização e qualidade para auxílio as diversas áreas do conhecimento humano e/ou suas atividades. Vários conceitos são abordados, tais como: Organização, planejamento, custo de desempenho das organizações, engenharia da informação, downsizing e upsizing, automação industrial e o CIM.","1 - Sistemas de Informações (SI)
1.1. Conceitos, utilidades, classificação
1.2. Organização e planejamento
1.3. Fatores de custo e desempenho nas organizações para implantação, alteração e substituição de um SI.
2 - Engenharia de Informação (EI)
2.1. Conceitos e relação com o processamento de dados
2.2. A necessidade de ferramentas poderosas - CASE e I-CASE
2.3. O papel do modelo de dados
2.4. Coordenação da análise e do projeto
2.5. Produtividade e Evolução
2.6. Gastos e a corporação do futuro
3 - Downsizing, Upsizing ou Rightsizing?
3.1. Importância do Downsizing
3.2. Origens do Downsizing
3.3. Estágio atual e as oportunidades para o amanhã
3.4. Planejamento e reengenharia
3.5. Projeto de aplicação conjunta (JAD)
3.6. A arquitetura e a plataforma de rede
3.7. Ambiente no desenvolvimento do Downsizing
3.8. Aspectos de implementação, manutenção e auditoria
4 - Automação Industrial
4.1. Introdução
4.2. Componentes da automação e CIM
4.3. Modelos de representação de CIM
4.4. Os caminhos para a integração
4.5. Necessiddes de qualificação na era da integração
5 - Síntese e Conclusões
5.1. Áreas de pesquisas e desenvolvimento
5.2. Os sistemas de informação do futuro
5.3. Estado da arte no Brasil
",O aluno deverá ter capacidade para entender e utilizar as facilidades desses sistemas. ,"01. Martin, James. Engenharia de Informações. Ed. Campus, 1991.
02. Guengerich, Steven. Downsizing em Sistemas de Informações. Markon Books do Brasil, Ed. Ltda., 1993.
03. Notas sobre Automação Industrial - USP
",2009.0,1.0,Presencial,
21695,DISCIPLINA,DIM0022,G,PRATICA DE LINGUAGEM COMERCIAL,DEPARTAMENTO DE INFORMÁTICA E MATEMÁTICA APLICADA,0,0,90,90,0,0,20,False,3.0,,,( ( DIM0017 ) ) ,,Prática de elaboração de programas administrativos.,,,,,,,,Presencial,
21726,DISCIPLINA,DIM0339,G,COMPILADORES,DEPARTAMENTO DE INFORMÁTICA E MATEMÁTICA APLICADA,90,0,0,90,0,0,20,False,3.0,"A avaliação do aluno será em função das notas (de 0,0 a 10,0) obtidas 
> nos seguintes exercícios: 
> · Dois testes de avaliação (individuais, escritos, valendo 
> para a primeira e segunda notas do semestre). 
> · Um trabalho prático de implementação (em grupos de no 
máximo 
> duas pessoas, valendo para a terceira nota do semestre): 
> o Implementação de um analisador léxico. 
> o Implementação de um analisador sintático e 
> verificador de tipos e/ou gerador de código (dependendo da linguagem) 
> 
> A linguagem de programação a ser implementada nos trabalhos práticos 
> será definida, junto a cada equipe no decorrer do curso",( DIM0306 ) OU ( DIM0442 ) ,( ( DIM0056 ) E ( DIM0328 OU DIM0013 ) E ( DIM0329 OU DIM0303 ) ) ,,"Introdução à compilação. Fases da compilação. Gramáticas,
linguagens e autômatos. Linguagens regulares e livres de contexto.
Ambigüidade. Relações sobre gramáticas. Análise sintática
ascendente e descendente. Análise léxica. Lex e Yacc. Tabelas de
símbolos. Análise semântica e geração de código para uma máquina
virtual. Introdução à otimização de código.",," Propiciar o entendimento dos fundamentos de linguagens de 
> programação e dos conceitos que orientam o seu projeto. 
> - Estudar métodos e ferramentas para a implementação de processadores 
> de linguagens de programação. 
"," Apresentação. 
> · Conceitos básicos ao projeto de linguagens de programação. 
> · Linguagens e Tradutores; Compiladores e Interpretadores; 
> · A Estrutura de um Compilador; 
> · Análise Léxica; 
> · Análise Sintática; 
> · Representação Intermediária; 
> · Análise Semântica; 
> · Geração e Otimização de Código; 
> · Ferramentas de Auxílio à Construção de Compiladores"," No final do curso, o aluno deverá ter tido uma promeira experiencia no 
> projeto e desenvolvimento de linguagens de programacao e compiladores","· Aho,A.V. & Sethi,R. & Ullman,J.D. - Compiladores. 
> Princípios, Técnicas e Ferramentas - Guanabara - Koogan, 1995. 
> · Notas sobre construção de compiladores de Universidade de 
> Manitoba (disponíveis em http://www.cs.umanitoba.ca/~pgraham/429.html). 
",2008.0,2.0,Presencial,
21728,DISCIPLINA,DIM0078,G,PERIFERICOS E INTERFACES,DEPARTAMENTO DE INFORMÁTICA E MATEMÁTICA APLICADA,60,0,0,60,0,0,20,False,3.0,,,( ( DIM0058 ) E ( ELE0424 OU DIM0101 ) E ( DIM0007 ) ) ,,"Conceitos de multiprogramação, comunicação e sincronização de
processos paralelos. Noções de programação em tempo real.
Conceitos de interfaceamento de periféricos. Estudo de interfaces
paralelas. Estudo de interfaces seriais. Controle de erro. Dispositivos
de armazenamento. Dispositivos de E/S. Outros periféricos não
convencionais.
",,,,,,,,Presencial,
23534,DISCIPLINA,DIM0050,G,LOGICA APLICADA A COMPUTACAO,DEPARTAMENTO DE INFORMÁTICA E MATEMÁTICA APLICADA,60,0,0,60,60,0,20,False,3.0,,( DIM0430 ) ,( ( MAT0227 OU MAT0009 ) OU ( DIM0323 ) ) ,,"HISTÓRICO EVOLUTIVO. FUNDAMENTOS DE LÓGICA. LÓGICA SENTENCIAL. LÓGICA DE PREDICADOS DE PRIMEIRA ORDEM. NOTAÇÃO CLAUSAL E O TEOREMA DE HERBRAND. PROVA AUTOMÁTICA DE TEOREMAS: RESOLUÇÃO, REFUTAÇÃO POR RESOLUÇÃO. ELIMINAÇÃO DE MODELOS. NEGAÇÃO POR FALHA FINITA.",,,,,,,,Presencial,
21723,DISCIPLINA,DIM0013,G,ESTRUTURA DE DADOS,DEPARTAMENTO DE INFORMÁTICA E MATEMÁTICA APLICADA,45,15,0,60,0,0,20,False,3.0,,( DIM0326 E DIM0327 E DIM0328 E DIM0329 E DIM0342 ) OU ( DIM0429 ) ,( ( DIM0052 ) E ( DIM0301 OU DIM0053 ) ) ,,"Introdução. Tipos de Dados. Matrizes. Cadeia de Caracteres. Listas
Lineares. Pilhas, Filas e Recursividade. Árvores e Grafos.
",,,,,,,,Presencial,
21724,DISCIPLINA,DIM0314,G,TRABALHO EM TIMES,DEPARTAMENTO DE INFORMÁTICA E MATEMÁTICA APLICADA,60,0,0,60,0,0,20,False,3.0,,,( ( DIM0052 OU DIM0001 ) ) ,,"Conceitos fundamentais. Os princípios do trabalho em Times. Motivação e
liderança. Técnicas de reuniões. O processo de negociação. Obtenção de
consenso.",,,,,,,,Presencial,
21725,DISCIPLINA,DIM0338,G,SISTEMAS OPERACIONAIS,DEPARTAMENTO DE INFORMÁTICA E MATEMÁTICA APLICADA,90,0,0,90,0,0,20,False,3.0,,( DIM0007 ) OU ( DCA0108 ) ,( ( DIM0056 ) E ( DIM0328 OU DIM0013 ) E ( DIM0329 OU DIM0303 ) ) ,,"Conceitos Básicos. Evolução dos Sistemas Operacionais. Estrutura e Funções
dos Sistemas Operacionais. Gerenciamento de processos. Gerência de
Memória. Gerência de Dispositivos. Sistemas de Arquivos. Sistema
Operacional Distribuído.",,,,,,,,Presencial,
21722,DISCIPLINA,DIM0315,G,TEORIA DOS GRAFOS,DEPARTAMENTO DE INFORMÁTICA E MATEMÁTICA APLICADA,30,30,0,60,0,0,20,False,3.0,,( DIM0326 E DIM0327 E DIM0328 E DIM0329 E DIM0342 ) ,( ( DIM0052 ) E ( DIM0301 OU DIM0053 ) ) ,,"Conceitos básicos. Aplicações do modelo. Representação dos grafos: matricial
e listas encadeadas. Algoritmo para conexidade. Caminhos: algorítmos para
caminhos mais curtos, caminhos eulerianos e hamiltonianos. Algorítmos para
árvore geradora mínima. O problema de circulação. Fluxo máximo em redes.
Fluxos de custos mínimos.",,Este programa será cadastrado pela secretaria do curso em breve,Este programa será cadastrado pela secretaria do curso em breve,Este programa será cadastrado pela secretaria do curso em breve,,2013.0,2.0,Presencial,
21721,DISCIPLINA,DIM0304,G,LINGUAGEM DE PROGRAMACAO: CONCEITOS E PARADIGMAS,DEPARTAMENTO DE INFORMÁTICA E MATEMÁTICA APLICADA,45,15,0,60,60,0,20,False,3.0,,( DIM0055 ) OU ( DIM0437 ) ,( ( DIM0052 ) E ( DIM0301 OU DIM0053 ) ) ,,[C@74f449,,,,,,,,Presencial,
21720,DISCIPLINA,DIM0057,G,COMPILADORES,DEPARTAMENTO DE INFORMÁTICA E MATEMÁTICA APLICADA,60,0,0,60,0,0,20,False,3.0,,,( ( DIM0051 ) E ( DIM0055 ) ) ,,"Introdução à compilação. Fases da compilação. Gramáticas,
linguagens e autômatos. Linguagens regulares e livres de contexto.
Ambigüidade. Relações sobre gramáticas. Análise sintática
ascendente e descendente. Análise léxica. Lex e Yacc. Tabelas de
símbolos. Análise semântica e geração de código para uma máquina
virtual. Introdução à otimização de código.
",,,,,,,,Presencial,
21717,DISCIPLINA,DIM0415,G,LOGICAS NAO-CLASSICAS,DEPARTAMENTO DE INFORMÁTICA E MATEMÁTICA APLICADA,60,0,0,60,0,0,20,False,3.0,,,( FIL0103 OU DIM0505 OU DIM0601 ) ,,"Lógicas Difusas: t-normas, sistemas de Morgan, formas normais, teorias formais de algumas lógicas difusas, aplicações das lógicas difusas. Lógica linear: sintaxe, semânticas (espaços coerentes, semântica de fases, redes de prova), aplicações da lógica linear. Lógicas modais: operadores modais, sistemas modais (K, T, S4, S5, etc.), Semântica de mundos possíveis, sistemas tableaux, aplicações. Noções de outras lógicas (Lógicas paraconsistentes, Lógicas temporais, lógicas monotônicas, lógica in-tuicionista, lógicas dinâmicas)",,"É possível desviar-se das diretrizes da lógica clássica de diversas maneiras: pelas exigências de construtividade, pelo aumento ou restrição da capacidade expressiva,  pela extensão das noções de composicionalidade e de vero-funcionalidade, pela admissão de situações de indeterminação, vagueza ou inconsistência, pelo controle das relações de relevância entre premissas e conclusões, e pelo controle dos recursos empregados numa dedução.
Nesta disciplina serão abordados aspectos sintáticos, semânticos, algébricos, computacionais e filosóficos de sistemas de lógica não clássicos propostos com base nestes desvios.  Os principais sistemas não-clássicos que serão abordados neste semestre incluem lógicas paraconsistentes, intuicionistas, lineares, polivalentes, modais e difusas.
","1.	Teoria básica das relações de consequência.
2.	Princípios lógicos clássicos, e lógicas desviantes.
3.	Lógicas paraconsistentes.
4.	Lógicas construtivas e lineares.
5.	Lógicas modais
6.	Lógicas polivalentes.
7.	Lógicas difusas.
",,,2020.0,2.0,Presencial,
21716,DISCIPLINA,DIM0082,G,PROGRAMACAO EM LOGICA,DEPARTAMENTO DE INFORMÁTICA E MATEMÁTICA APLICADA,60,0,0,60,0,0,20,False,3.0,,,( ( DIM0050 ) E ( DIM0052 ) E ( DIM0301 OU DIM0053 ) ) ,,"Principios básicos, programa em lógica. programação em cláusulas
genéricas.Programação em cláusulas defenidas. A linguagem PROLOG. A
programação em lógica aplicada; em banco de dados, modelagem de
algoritmos inteligência artificial. aplicações de PROLOG. ",,,,,,,,Presencial,
21715,DISCIPLINA,DIM0034,G,INTELIGENCIA ARTIFICIAL,DEPARTAMENTO DE INFORMÁTICA E MATEMÁTICA APLICADA,30,30,0,60,0,0,20,False,3.0,,( DIM0356 ) OU ( DCA0432 ) OU ( DIM0440 ) ,( ( DIM0050 ) ) ,,"Histórico. Estado atual da arte. Conceitos fundamentais. Áreas de
aplicação. Principais linhas de trabalho. Linguagens e ambientes de
desenvolvimento. Aplicações com ênfase na interrelação com outras
áreas de conhecimento.",,,,,,,,Presencial,
21714,DISCIPLINA,DIM0336,G,ESPECIFICACAO E VERIFICACAO DE PROGRAMAS,DEPARTAMENTO DE INFORMÁTICA E MATEMÁTICA APLICADA,60,0,0,60,60,0,20,False,3.0,,( DIM0072 ) OU ( DIM0436 ) ,( ( DIM0050 ) ) ,,[C@d8c333,,,,,,,,Presencial,
21713,DISCIPLINA,DIM0356,G,INTELIGENCIA ARTIFICIAL,DEPARTAMENTO DE INFORMÁTICA E MATEMÁTICA APLICADA,90,0,0,90,0,0,20,False,3.0,,( DIM0034 ) OU ( DCA0432 ) ,( ( DIM0050 ) ) ,,"Objetivos e histórico evolutivo da área de Inteligência Artificial;
Fundamentação; Paradigmas (Fundamantação, Tecnologias, métodos
e técnicas; aplicabilidade) da Inteligência Artificial Clássica:
Simbolismo; Conexionismo; Evolucionismo; da Inteligência Artificial
Distribuída: Social: agentes; Inteligência Computacional:
desenvolvimento de Sistemas Inteligentes: Ciclo de vida; arquiteturas;
ferramentas de modelagem e implementacionais; Aquisição
Automática de Conhecimento; Aprendizado; Controle Inteligente; Vida
Artificial; Aplicações em outras áreas do conhecimento.
",,,,,,,,Presencial,
21694,DISCIPLINA,DIM0018,G,ANALISE DE SISTEMA II,DEPARTAMENTO DE INFORMÁTICA E MATEMÁTICA APLICADA,30,30,0,60,0,0,20,False,3.0,,,( ( DIM0016 ) ) ,,"Projeto de documentos de entrada. Projetos de documentos de saída.
Projeto de arquivos. Conferência e consistência dos dados de entrada.
Atualização de arquivos. Controle dos sistemas de processamento.
Filosofia da integração de sistemas. Padronização de documentação",,,,,,,,Presencial,
21712,DISCIPLINA,DIM0054,G,COMPLEXIDADE DE ALGORITMOS,DEPARTAMENTO DE INFORMÁTICA E MATEMÁTICA APLICADA,60,0,0,60,0,0,20,False,3.0,"Avaliação:

Englobando as seguintes dimensões:
1.	A dos conceitos adquiridos
2.	A da capacidade de aplicação dos conceitos adquiridos
3.	A da capacidade de generalização dos conceitos adquiridos
4.	A da capacidade de elaborar novo conhecimento a partir dos conceitos adquiridos
5.	A da capacidade de avaliar seu próprio desempenho nas tarefas anteriores, produzindo mudanças de estratégias para a solução de problemas de aplicação. 

Será realizada através de dois instrumentos:

1.	Uma prova escrita
2.	Um Trabalho prático de aplicação direta de conceitos adquiridos
3.	Um Trabalho prático de elaboração sobre conceitos adquiridos e geração de novos tipos de conhecimento com base experimental

Bibliografia:
",( DIM0342 ) OU ( DIM0406 ) ,( ( DIM0049 E DIM0052 E ( DIM0053 OU DIM0301 ) ) OU ( DIM0046 E DIM0049 ) ) ,,"Análise de Algorítmos Sequênciais. Teoria da Complexidade
Computacional de Problemas. Heurísticas e Performance.
",,"Objetivo:
Desenvolver habilidades para analisar a complexidade de algoritmos determinísticos sequencias.
Desenvolver habilidades para analisar a complexidade de algoritmos determinísticos recursivos.
Desenvolver habilidades para modelar e desenvolver algoritmos para problemas do tipo MinMax. 
Adquirir competência para selecionar uma abordagem metaheurística de solução.  
Adquirir competência para projetar e programar um algoritmo metaheurístico selecionado e aplicá-lo na solução de um problema real.
","Programa:
Aula 01 - Introdução ao estudo de complexidade de algoritmos, indicação bibliográfica. Conceito de algoritmo. Algoritmos exatos e algoritmos aproximativos. Debate sobre a  utilização do termo ""heurístico"" . O Problema da Performance: A qualidade da solução obtida pelos algoritmos. O tempo de processamento. Um exemplo clássico: As Torres de Hanoi. A complexidade computacional. 
Aula 02  Início da revisão de Algoritmo em Grafos: Conceito de Grafo. Caminhos e Ciclos, Árvores, Conjuntos de Cobertura, Conjuntos de Emparelhamento, O problema de Coloração. Algoritmos de caminho mais curto e árvore geradora mínima. Modelagem de problemas via grafos: exemplos de aplicação na ciência da computação: Insanidade instantânea e o passeio do cavalo. 
Aula 03 - Introdução a teoria da NP-Completude: Problemas tratáveis. Problemas de decisão, localização e otimização. Modelo abstrato para computação de dados - modelo RAM. Instruções e Tempo de Execução. Funções Assintóticas. Complexidade local. Complexidade aproximada por função Assintótica. Notação O. Notações &#61527; e &#61521;. Ordem exata.

Aula 04 - Funções Assintóticas. Complexidade local. Complexidade aproximada por função                Assintótica. Notação O. Notações &#61527; e &#61521;. Ordem exata. 
Aula 05 - Exercícios de determinação da complexidade assintótica de algoritmos sequenciais.
Aula 06 - Exercícios de determinação da complexidade assintótica de algoritmos sequenciais. Caso                 Médio. 
Aula 07 - Complexidade de algoritmos recursivos. Função recorrente. Exercícios.
Aula 08 - Equações de recorrência homogênea. Equações de recorrência não homogênea.
Aula 09 - Equações de recorrência não homogênea. Exercícios de cálculo de complexidade com o 
                 uso das equações de recorrência
Aula 10 - Primeiro Exame.
Aula 11: Backtracking e Branch and Bound: Fundamentos e Exemplos. Aplicação ao problema de 
                designação, problema da mochila e caminho mais curto
Aula 12:  Problemas do tipo MinMax. Alfa Beta Pruning. Técnicas de quantificação dos limites Alfa e 
               Beta. Projeto de algoritmos para jogos MInMax. Exercícios
Aula 13: Dificuldade no desenho de algoritmos eficientes para a solução dos Problemas de                Programação Linear. Noções de projeto de algoritmos probabilísticos. Exemplos de 
               algoritmos probabilísticos eficientes. O problema das Agulhas de Buffon.
Aula 14: Algoritmos de Las Vegas, Monte Carlo e Sherwood. Algoritmos aproximativos: conceitos de 
               vizinhança. busca local. Fatores de eficiência para algoritmos aproximativos. Vizinhança 
               exata. Otimimalidade local x otimalidade global.
Aula 15: Complexidade de algoritmos de busca local - Polinomial-time local search - classe PLS. 
               Busca em profundidade, (Depth-First Search), busca em largura (Breadth-First Search).
Aula 16: Conceito de Metaheurística. Exemplos de algoritmos aproximativos modernos: Algoritmos 
                Evolucionários. Algoritmos Genéticos e Meméticos
Aula 17: Algoritmos Culturais, Imunológicos e Simbióticos 
Aula 18: Algoritmos Transgenéticos
Alua 19 - Segundo exame / Apresentação de trabalho
Aula 20: Simulated Annealing. Análise de complexidade. 
Aula 21: Algoritmo de Busca Tabu. Análise de complexidade.
Aula 22: Técnicas Multistart e GRASP. Análise de complexidade.
Aula 23: Vizinhança Variável, Path Relinking e Scatter Search
Aula 24: Colônia de Formigas
Aula 25: Nuvem de Partículas 
Aula 26: Técnicas de experimentação computacional e análise de parâmetros
Aula 27: Laboratório de implementação Computacional
Aula 28: Laboratório de implementação Computacional
Aula 29: Apresentação de Trabalho
Aula 30: Recuperação 
Aula 31: Recuperação 
Aula 32: Exame final
","Habilidades e Competências
Habilidades para analise e  modelagem de algoritmos
Competência para o projeto e programação  de algoritmos experimentais do tipo metaheurísticos
Competência para a aplicação de algoritmos experimentais do tipo metaheurísticos na solução de problemas reais
","Bibliografia:

Básica 
[01] Brassard, G., e P. Bratley, (1988), Algorithmics: Theory & Pratice, Prentice-Hall, Inc,        Englewood Cliffs.
[02] Coermen, T. H., Leiserson, C. C., e R. L. Rivert, (1991), Introduction to Algorithms, McGraw-        Hill Books  Company, New York.
[03] Goldbarg, M. C. e H. L. L. Pacca, (2000), Otimização Combinatória e Programação Linear:         Modelos e Algoritmos, Campus edt. 
[04] Goldbarg, M. C. (2007), Tópicos em Algoritmos Avançados. Notas de aula.
[05] Preiss, B., (2000), Data Structures and Algorithms with Object-Oriented Design Patterns in         Java, John Willey & Sons, Inc  Tradução da Professora Elizabeth.
[06] Rayward-Smith, V. J., Osman, I. H., Reeves, C. R.,  e G. D. Smith, (1996), Modern Heuristic        Search Methods, UNICON, John Wiley and Sons, Chichester.

Recomendada:
[01] Aarts, E., e J. K. Lenstra, (1997), Local Search in Combinatorial Optimization, John Wiley &       Sons, Chichester.
[02] Campello, R. E., e N. Maculan, (1994), Algoritmos e Heurísticas: Desenvolvimento e Avaliação        de Performance. Editora da Universidade Federal Fluminense, Niterói, RJ.
[03] Hochbaum, D. S. (1997), Approximation Algoritms for NP-Hard Problems, PWS Publishing        Company

Apoio eventual:
[01] Szwarcfiter, J. L. (1983), Grafos e Algoritmos Computacionais, Editora Campus.
[02] Terada R. (1982), Desenvolvimento de Algoritmos e Complexidade de Computação, Terceira         Escola de Computação, Rio de Janeiro, 1982.
",2008.0,1.0,Presencial,
21710,DISCIPLINA,DIM0306,G,COMPILADORES I,DEPARTAMENTO DE INFORMÁTICA E MATEMÁTICA APLICADA,45,15,0,60,0,0,20,False,3.0,,( DIM0057 E DIM0051 ) OU ( DIM0339 ) OU ( DIM0442 ) ,( ( DIM0049 ) E ( DIM0056 ) E ( DIM0304 ) ) ,,"Introdução à compilação. Fases da compilação. Gramáticas,
linguagens e autômatos. Linguagens regulares e livres de contexto.
Ambigüidade. Relações sobre gramáticas. Análise sintática
ascendente e descendente. Análise léxica. Lex e Yacc. Tabelas de
símbolos. Análise semântica e geração de código para uma máquina
virtual. Introdução à otimização de código.",,,,,,,,Presencial,
21709,DISCIPLINA,DIM0051,G,LINGUAGENS FORMAIS E AUTOMATOS,DEPARTAMENTO DE INFORMÁTICA E MATEMÁTICA APLICADA,60,0,0,60,60,0,20,False,3.0,,,( ( DIM0049 ) ) ,,,,,,,,,,Presencial,
21708,DISCIPLINA,DIM0326,G,ALGORITMOS E ESTRUTURAS DE DADOS I,DEPARTAMENTO DE INFORMÁTICA E MATEMÁTICA APLICADA,60,0,0,60,0,0,20,False,3.0,,( DIM0052 E DIM0013 E DIM0315 E DIM0301 E DIM0303 ) OU ( DIM0427 ) ,( ( DIM0046 E DIM0300 ) OU ( ( DIM0324 OU DIM0064 ) E ( DIM0325 OU DIM0300 ) ) ) ,,"Introdução à análise de complexidade de algoritmos: notações O, &#920; e
&#937;. Técnicas de projeto de Algoritmos eficientes. Estruturas lineares:
listas, pilhas e filas. Algoritmos de busca e ordenação em estruturas
lineares. Ponteiros. Alocação dinâmica de memória. Encadeamento
em listas e em tabelas. Tabelas de dispersão",,,,,,,,Presencial,
21707,DISCIPLINA,DIM0052,G,LINGUAGEM DE PROGRAMACAO,DEPARTAMENTO DE INFORMÁTICA E MATEMÁTICA APLICADA,60,0,0,60,0,0,20,False,3.0,,( DIM0005 ) OU ( DIM0326 ) OU ( DIM0326 E DIM0327 E DIM0328 E DIM0329 E DIM0342 ) OU ( DIM0427 ) ,( ( DIM0046 ) E ( DIM0300 OU DIM0047 ) ) ,,"Estudo de uma linguagem de alto nível. Tipos de dados. Estrutura da
linguagem. Comandos e declarações. Aplicações.",,,,,,,,Presencial,
21705,DISCIPLINA,DIM0411,G,PROCESSAMENTO DE IMAGENS,DEPARTAMENTO DE INFORMÁTICA E MATEMÁTICA APLICADA,60,0,0,60,60,0,20,False,3.0,,,( MAT0345 OU IMD0024 ) E ( IMD0039 OU DIM0117 ) E ( IMD0040 OU DIM0116 OU DIM0176 ) ,,Imagens digitais. Operações em imagens no domínio espacial. Operações em imagens no domínio da frequência. Restauração de imagens. Processamento de imagens coloridas. Compressão de imagens. Segmentação de imagens. Representação de ima-gens. Reconhecimento de padrões visuais.,,"Com o recente surgimento das redes neurais do tipo convolucionais, que ampliaram de forma muito forte e consistente as fronteiras da visão computacional, o papel dos conceitos e das técnicas que são estuda-das em uma disciplina de processamento de imagens digitais torna-se ainda mais relevante não só para um melhor entendimento das diferentes arquiteturas hoje usadas nas redes convolucionais, mas tam-bém, como forma alternativa para aumentar o desempenho e mesmo o reduzir custo computacional des-tes modelos que são altamente complexos.
O foco da disciplina será colocado no entendimento das diferentes formas de representação da imagem e do espaço de cores, das suas propriedades e das principais técnicas para tratamento e filtragem no domí-nio do espaço e da frequência. Ao final será feito uma conexão entre as técnicas aprendidas de filtragem e a forma como elas estão sendo incorporadas e modeladas nas redes convolucionais.
A disciplina será de cunho teórico-prático, onde o aluno terá a oportunidade de implementar e visualizar, na prática, a aplicação de diferentes conceitos e modelos teóricos.

","1.	Introdução
2.	Fundamentos
3.	Técnicas de Tratamento da Imagem
4.	Segmentação - Conceitos e Fundamentos
5.	Visão Computacional  Introdução",,,2022.0,2.0,Presencial,
21704,DISCIPLINA,DIM0042,G,INTRODUCAO A PROGRAMACAO LINEAR,DEPARTAMENTO DE INFORMÁTICA E MATEMÁTICA APLICADA,60,30,0,90,0,0,20,False,3.0,Avaliação conforme normas da ufrn tres avaliações entre Provas e Trabalhos.,( CEA0092 ) ,( MAT0007 OU MAT0056 OU MAT0064 OU MAT0319 OU MAT0369 OU MAT0364 OU MAT0343 OU DIM0040 OU DIM0404 ) ,,"Modelos de Programação Linear. Método Simplex. Método das Duas
Fases. Método Simplex Lexicográficos. Dualidade. Problemas do
Transporte. Designação. Simplex Revisado. Análise de PósOtimização.    ",,"Visa familiarizar aluno para construção e resolução dos modelos de Programação Linear em que se referem à distribuição eficiente de recursos limitados entre atividades competitivas, com a finalidade de atender a um determinado objetivo."," Unidade I
		O que é programação linear.
		Modelos de programação linear (PPL).
		Solução gráfica de um PPL.

	Unidade II
		Fundamentação Teórica do simplex.
		Caracterização do conjunto de soluções viáveis.
		Caracterização de vértice.
		Existência de vértice ótimo.

	Unidade III
		Algoritmo Simplex.
		Redução de PPL á forma canônica.
		Determinação de uma solução básica viável.
		Interpretação geométrica do simplex.
		Método das duas fases.
		Método M- Grande.





	Unidade IV
		Degeneração.
		Introdução.
		Interpretação geométrica.
		Método Simplex Lexicográfico.

	Unidade V
		Dualidade.
		Introdução.
		Formulação do Dual.
		Teoremas básicos.
		Determinação da solução do Dual pelo quadro simplex.
		Algoritmo Dual  Simplex.
		Algoritmo Prima-Dual.
		Interpretação econômica do dual.

	Unidade VI
		Aplicações.
		Exemplos de aplicações envolvendo modelagem:
		 planejamento da produção, 
		controle de estoque, 
		problemas de transporte,
		 problema de mistura e etc. 
		Na resolução destes problemas, usando o software aplicativo.

	Unidade VII
		Noções de Pós-otimização.
		Introdução.
		Mudanças simples dos coeficientes cj .
		Mudanças simples nas constantes bi .
","Competências e Habilidades:
	Formação básica para os alunos  Estatística e Matemática.
","01  Introdução à Programação Linear
		Paulo F. Bregalda,
		Antônio A . F. De Oliveira,
		Cláudio T. Bornstein.

		02  Programação Linear, Vol. I
		Manuel Ramalhete,
		Jorge Guerreiro,
		Alípio Magalhães.

		03- Introdução à Pesquisa Operacional
		Frederick S. Hillier,
		Gerald J. Lieberman.

		04- Otimização Combinatória e Programação Linear
		Marco Cesar Goldbarg,
		Henrique Pacca L. Luna.
",2010.0,2.0,Presencial,
21703,DISCIPLINA,DIM0417,G,SISTEMAS MULTI - AGENTES,DEPARTAMENTO DE INFORMÁTICA E MATEMÁTICA APLICADA,60,0,0,60,60,0,20,False,3.0,avaliação: padrão da UFRN ,,( DIM0034 OU DIM0440 OU DIM0356 OU DCA0432 OU DCA0900 OU DCA0121 ) ,,"AGENTES INTELIGENTES. TIPOS E ORGANIZAÇÃO DE AGENTES.ACLS, MÉTODOS DE NEGOCIAÇÃO. MÉTODOS DE COORDENAÇÃO E COORDENAÇÃO DE TAREFAS. METODOLOGIAS DE DESENVOLVIMENTO. SIMULAÇÃO MULTI-AGENTE. ",,"objetivos: Esta disciplina dá um visão geral e aplicada da tecnologia de Agentes Inteligentes, incluindo Conceitos básicos, atributos e propriedades de agentes inteligentes. Modelos de agentes. Atores em sistemas multiagentes. Algumas aplicações atuais. Modelo de viabilidade comercial. Estudo de caso. Trabalho final.","conteúdo:
1.	Introdução
2.	Agentes inteligentes
a.	Arquiteturas de agentes
b.	Agentes deliberativos, reativos e híbridos
3.	Sistemas Multi-Agentes
a.	Estrutura (formas de organização)
b.	Comunicação (ACL)
c.	Negociação
d.	Cooperação e coordenação de tarefas
4.	Metodologias de desenvolvimento
a.	Desenvolvimento de sistemas baseados em agentes
",competencias e habilidades: formação profissional em Ciência da Computação ,"bibliografia: 
5.	An Introduction to Multi-Agent Systems. Michael Wooldridge, John Wiley & Sons Ed., 2002.
6.	Multi-Agent Systems: a modern approach to Distributed Artificial Intelligence. Gerhard Weiss (Ed.), The MIT Press, 2000.
7.	Multi-Agent Systems: an introduction to Distributed Artificial Intelligence. Jacques Ferber, Adison-Wesley Ed., 1999.

",2009.0,1.0,Presencial,
21702,DISCIPLINA,DIM0418,G,INTRODUCAO AO DESENVOLVIMENTO DE JOGOS,DEPARTAMENTO DE INFORMÁTICA E MATEMÁTICA APLICADA,60,0,0,60,0,0,20,False,3.0,"A avaliação será realizada através de uma prova teórica e um trabalho prático, que será avaliado em três fases (elaboração do projeto de jogo, protótipo de viabilidade e jogo final).",,( DIM0111 ) ,( DIM0451 ) OU ( DCA0114 ) ,"Animação baseada em sprites. Gestão de telas 2D. Técnicas de IA em jogos. Algoritmos de navegação. Comportamentos de navegação. Planejamento indivual de NPCs. Estratégias coletivas. Técnicas de visualização em ambientes fechados (indoor). Técnicas de visualização em ambientes abertoos (outdoor). BSPs, portais, quadtrees e BTTs. Geomipmapping.",,"O objetivo da disciplina é dar uma visão geral na área de desenvolvimento de jogos, abordando principalmente técnicas e algoritmos de visualização (2D e 3D) e de inteligência artificial utilizados em jogos. ","Elaboração de projetos de jogo (game design), animação baseada em sprites, gerenciamento de telas, visualização 3D de ambientes fechados, visualização 3D de ambientes abertos (terrenos), definição de NPCs, navegação de NPCs, planejamento de ações, estratégias de grupo.
","Ao final da disciplina, o aluno será apto a desenvolver jogos simples e identificar as principais técnicas relacionadas a jogos.",Série dos livros Game Programming Gems e AI Game Programming Wisdom.,2014.0,1.0,Presencial,
21701,DISCIPLINA,DIM0420,G,BIOINFORMATICA,DEPARTAMENTO DE INFORMÁTICA E MATEMÁTICA APLICADA,60,0,0,60,60,0,20,False,3.0,avaliacao - padrão da UFRN ,,( DIM0034 OU DIM0440 OU DIM0356 OU DCA0432 OU DCA0900 OU DCA0121 ) ,,"Noções Básicas de Biologia Molecular: Célula, DNA, RNA e Proteínas. Sequenciamento. Algoritmos de Alinhamento. Banco de Dados Biológicos/Busca em Banco de Dados de Seqüências. Predição/Reconhecimento de Genes/Promotores. Predição de Estruturas de Proteínas. Análise de Dados de Expressão Gênica: Algoritmos de Aprendizado de Máquina Supervisionado e Não-Supervisionado. Árvores Filogenéticas",,"objetivos - Noções Básicas de Biologia Molecular: Célula, DNA, RNA e 
Proteínas. Sequenciamento. Algoritmos de Alinhamento. Banco de Dados 
Biológicos/Busca em Banco de Dados de Seqüências. Predição/Reconhecimento de 
Genes/Promotores. Predição de Estruturas de Proteínas. Análise de Dados de 
Expressão Gênica: Algoritmos de Aprendizado de Máquina Supervisionado e 
Não-Supervisionado. Árvores Filogenéticas. 
","conteudo (programa) - 
Introdução a Bioinformática 
Noções Básicas de Biologia Molecular: Célula, DNA e RNA 
Sequenciamento 
Banco de Dados Biológicos/Busca em Banco de Dados de Seqüências 
Introdução ao Aprendizado de Máquina (AM) 
Redes Neurais Artificiais 
Árvores de Decisão 
AM e Reconhecimento de Genes 
Análise de Dados de Expressão Gênica 
Métodos de Clustering: Hierarquico, k-médias e Self-Organizing Maps (SOMs) 
AM e Análise de Dados de Expressão Gênica 
AM e Predição de Estrutura Secundária de Proteínas 
Text Mining 
","competencias e habilidades - formação profissional em Ciência da Computação 

"," bibliografia - 

B. Alberts et al. Biologia Molecular da Célula. Artmed. 2004. 

C. Setúbal e J. Meidanis. Introduction to Computational Molecular Biology. PWS 
Publishing. 1997. 

P. Baldi e S. Brunak. Bioinformatics: The Machine Learning Approach, Second 
Edition (Adaptive Computation and Machine Learning). The MIT Press. 2001. 

M. S. Waterman. Introduction to Computational Biology: Maps, Sequences and 
Genomes. Chapman & Hall. 1995. 

C. Gibas e P. Jambeck. Desenvolvendo Bioinformática. Editora Campus.  2001. 

P. Baldi, G. W. Hatfield e W. G. Hatfield. DNA Microarrays and Gene Expression 
: From Experiments to Data Analysis and Modeling. Cambridge University Press. 
2002. 

R. O. Duda, P. E. Hart, D. G. Stork. Pattern Classification. 
Wiley-Interscience. 2000. 

Artigos científicos com tópicos atuais da área. 

-- 
Open WebMail Project (http://openwebmail.org) 
Debian Project (http://www.debian.org) 
",2009.0,1.0,Presencial,
21700,DISCIPLINA,DIM0416,G,APRENDIZADO DE MAQUINA,DEPARTAMENTO DE INFORMÁTICA E MATEMÁTICA APLICADA,60,0,0,60,60,0,20,False,3.0,As avaliações estão em conformidade com o padrão estabelecido pela UFRN.,IMD1101 ,DIM0440 OU DCA0432 OU DCA0900 OU DCA0121 OU DIM0613 OU ( EST0166 E DIM0117 E DIM0176 ) ,,"INTRODUÇÃO; APRENDIZADO DE MÁQUINA: CONCEITOS, INSTÂNCIAS E ATRIBUTOS; PTÉ-PROCESSAMENTO; TÉCNICAS DE AM SUPERVISIONADAS E NÃO SUPERVISIONADAS; MULTI-CLASSIFICADORES (ENSEMBLES): BOOSTING, BAGGING, STACKING, OUTROS; TESTES DE HIPÓTESE. ",,"Este curso tem como objetivo introduzir o tópico de Aprendizado de Máquina (AM) a alunos do curso de graduação em computação (ciência e engenharia). Mais especificamente, o foco será em técnicas de aprendizado de máquina aplicadas no contexto de mineração de dados. Após completar o curso o aluno deverá ser capaz de: entender, identificar e avaliar técnicas de AM; e identificar e aplicar métodos de AM a problemas do mundo real.




","Aprendizado de Máquina e Mineração de Dados
Indução, Aprendizado de Máquina: Conceitos, Instâncias, e Atributos
Técnicas de AM Supervisionadas: k-NN, Naive, e Árvores de Decisão
Pré-processamento
Seleção de Atributos
PCA
Análise de Agrupamento: k-means e Hierárquico
Distribuição de Probabilidade
Expectation-Maximization
Análise de Agrupamento: Agrupamentos baseados em Particionamento de Grafos
Análise de Agrupamento: Cluster Ensembles
Validação de Agrupamentos
Regras de Associação
Support Vector Machines
Variações do Gradiente Descendente (Backpropagation)
ART e ARTMAP
Multi-Classificadores (Ensembles): Bagging, Boosting, Stacking, outros
Validacao de Métodos de AM Supervisionado
Teste de Hipótese",Esta disciplina pretende desenvolver competência e habilidades no uso de técnicas avançadas da área de Inteligência Artificial e assim contribuam na  formação profissional em computação.,"* Hair-Jr., J. F. et al. (2005). Análise Multivariada de Dados. Bookman.
* Kuncheva, L. (2004). Combining Pattern Classifiers : Methods and Algorithms. Wiley-Interscience.
* Mitchell, T. (1997). Machine Learning. McGraw Hill, New York
* Rezende, S. O. (organizadora), (2003). Sistemas Inteligentes: Fundamentos e Aplicações. Editora Manole Ltda.
* Witten, I. H. and Frank, E. (2005). Data Mining: Practical Machine Learning Tools and Techniques with Java Implementations. Morgan Kaufmann. ",2010.0,2.0,Presencial,
21699,DISCIPLINA,DIM0075,G,SISTEMAS ESPECIALISTAS,DEPARTAMENTO DE INFORMÁTICA E MATEMÁTICA APLICADA,60,0,0,60,0,0,20,False,3.0,,,( ( DIM0034 ) E ( DIM0052 ) E ( DIM0301 OU DIM0053 ) ) ,,"Conceitos básicos de Sistemas Especialistas. Sistemas Especialistas como área
de pesquisa de Inteligência Artificial. Sistemas Especialistas como tecnologia
de solução de problemas no mercado. Estudo do ciclo de vida de
desenvolvimento com detalhamento e ensaio prático de cada fase. Sistemas
híbridos.
",,,,,,,,Presencial,
21698,DISCIPLINA,DIM0033,G,PLANEJAMENTO E CONTROLE DA PRODUCAO,DEPARTAMENTO DE INFORMÁTICA E MATEMÁTICA APLICADA,30,30,0,60,60,0,20,False,3.0,,,( ( DIM0019 OU ADM0012 ) ) ,,,,,,,,,,Presencial,
21697,DISCIPLINA,DIM0023,G,PRATICA DE LINGUAGEM COMERCIAL,DEPARTAMENTO DE INFORMÁTICA E MATEMÁTICA APLICADA,0,0,90,90,0,0,20,False,3.0,,,( ( DIM0018 OU DIM0106 OU DIM0107 ) ) ,,"Prática de elaboração de projetos de sistemas de processamento de
dados, aplicando as técnicas e metodologias existentes no mercado.
",,,,,,,,Presencial,
21696,DISCIPLINA,DIM0029,G,ANALISE ESTRUTURAL DE SISTEMAS,DEPARTAMENTO DE INFORMÁTICA E MATEMÁTICA APLICADA,30,30,0,60,60,0,20,False,3.0,,,( ( DIM0018 ) ) ,,,,,,,,,,Presencial,
21711,DISCIPLINA,DIM0076,G,AQUISICAO E REPRESENTACAO DO CONHECIMENTO,DEPARTAMENTO DE INFORMÁTICA E MATEMÁTICA APLICADA,60,0,0,60,60,0,20,False,3.0,,,( ( DIM0049 ) E ( DIM0082 ) ) ,,,,,,,,,,Presencial,
21736,DISCIPLINA,DIM0025,G,RELATORIO DE GRADUACAO,DEPARTAMENTO DE INFORMÁTICA E MATEMÁTICA APLICADA,30,0,270,300,300,0,20,False,3.0,"Apresentação oral e escrita, a ser avaliada por uma banca de pelo menos 3 professores. ",( DIM0409 ) ,( ( DIM0066 ) OU ( DIM0001 E LET0001 E LET0029 E MAT0057 E MAT0064 E DIM0002 E DIM0003 E LET0002 E LET0030 E MAT0058 E ADM0001 E DIM0004 E DIM0005 E DIM0006 E DIM0007 E EST0202 E ADM0012 E CON0127 E DIM0008 E DIM0009 E DIM0010 E DIM0013 E DIM0011 E DIM0012 E DIM0014 E DIM0015 E DIM0016 E DIM0017 E DIM0018 E DIM0019 E DIM0020 E DIM0021 E DIM0022 E DIM0023 E DIM0024 E DIM0033 ) ) ,,[C@578ff,,Acompanhar o andamento dos trabalhos de conclusão de curso desenvolvido pelos alunos junto a seus orientadores.,"Trabalho individual de final de curso em ciencia da computação, com tema definido conforme o interesse e habilidades do orientador. ",O aluno terá formação básica em Ciência da Computação. ,A ser definida - Cada trabalho terá as suas fontes bibliográficas. ,2009.0,1.0,Presencial,
21693,DISCIPLINA,DIM0026,G,REDES DE COMPUTADORES,DEPARTAMENTO DE INFORMÁTICA E MATEMÁTICA APLICADA,30,30,0,60,0,0,20,False,3.0,,,( ( DIM0015 ) ) ,,"Noções básicas de redes de computadores. Tipos de enlace, códigos, modos
de transmissão, controle de erros, ligações ponto a ponto e multiponto.
Topologia. Protocolos. Arquiteturas de redes abertas e proprietárias.",,,,,,,,Presencial,
21738,DISCIPLINA,DIM0087,G,PROGRAMACAO NAO LINEAR II,DEPARTAMENTO DE INFORMÁTICA E MATEMÁTICA APLICADA,60,0,0,60,0,0,20,False,3.0,,,( ( DIM0086 ) ) ,,"Paradigma de objetos e mensagens. Classes e instâncias. Encapsulamento de
estrutura e comportamento. Hierarquia de classes e herança de propriedades.
Extensibilidade e polimorfismo.
",,,,,,,,Presencial,
21780,DISCIPLINA,DIM0428,G,PRATICA DE ALGORITMOS E ESTRUTURAS DE DADOS II,DEPARTAMENTO DE INFORMÁTICA E MATEMÁTICA APLICADA,0,30,0,30,30,0,20,False,3.0,"Avaliação
A1  Trabalhos práticos no laboratório (100%)
A2  Trabalhos práticos no laboratório (100%)
A3  Trabalho prático envolvendo os assuntos abordados (100%) 
A4  Trabalho prático envolvendo todo o conteúdo",( DIM0303 ) OU ( DIM0329 ) OU ( DIM0111 ) ,( ( DIM0427 OU DIM0326 ) E ( DIM0426 OU DIM0327 ) ) ,( ( DIM0429 ) OU ( DIM0013 ) OU ( DIM0328 ) ) ,Prática em Laboratório dos tópicos abordados na disciplina: Algoritmos e Estruturas de Dados II.,,"Objetivos:
	Gerais  Possibilitar o exercício dos conceitos avançados sobre as estruturas de dados em laboratório.

	Específicos:
1.	Fornecer ao aluno um ambiente de laboratório para prática de técnicas de programação. 
2.	Exercitar as técnicas de programação vistas nas aulas teóricas da disciplina DIM0429- Algoritmos e Estruturas de Dados II. 
","Conteúdo:
Árvores. Árvores binárias de busca. Árvores binárias balanceadas. Listas de prioridades. Árvores B. Árvores digitais. Estruturas auto-ajustáveis. Noções de grafos. Busca em largura e profundidade. Árvore geradora mínima. Caminho mais curto.","Competências e Habilidades
	O aluno deverá ter capacidade de desenvolver programas na linguagem de programação abordada na disciplina.
	O aluno deverá aplicar na linguagem de programação as técnicas abordadas na disciplina DIM0429- Algoritmos e Estruturas de Dados II.
","Referências
1. Jayme Luis Szwarcfiter, Lilian Markenzon. Estruturas de Dados e Seus Algoritmos, Segunda Edição Revista, EditoraLTC, 1994.
2. Niklaus Wirth. Algoritmos e Estruturas de Dados, Prentice Hall.
3. P. Veloso, C. Santos, O, Azeredo, A. Furtado. Estruturas de Dados, Editora Campus, 1983.
4. Donald E. Knuth. The Art of Computer Programming, Vol.1: Fundamental Algorithm, Segunda edição. Editora AddisonWesley,1973.
5. Thomas H. Cormen, Charles E. Leiserson, Ronald L. Rivest. Introduction to Algorithms, Editora McGrawHill,1990.
6. U. Manber. Introduction to Algorithms: A Creative Approach, Editora AddisonWesley.1989.
7. Mark A. Weiss. Algorithms, Data Structures, and Problem Solving with C++, Editora AddisonWesley,1996.",2008.0,2.0,Presencial,
21781,DISCIPLINA,DIM0440,G,INTELIGENCIA ARTIFICIAL,DEPARTAMENTO DE INFORMÁTICA E MATEMÁTICA APLICADA,60,0,0,60,0,0,20,False,3.0,"avaliacao - padrão da UFRN 
",( DIM0034 ) OU ( DIM0356 ) OU ( DCA0121 ) ,( ( DIM0427 E DIM0426 ) OU ( DIM0110 ) ) E ( DIM0430 ) E ( EST0322 ) ,,"Introdução e histórico da inteligência artificial. Sistemas inteligentes: arquitetura, representação do conhecimento, inferência e ciclo de vida de desenvolvimento. Resolução de problemas por meio de busca: estratégias de busca sem informação e heurísti-ca. Sistemas Baseados em Conhecimento: sistemas especialistas e sistemas fuzzy. Aprendizado de Máquina: paradigma, sim-bólico, conexionista e evolucionista. Suporte a implementação; integração de paradigmas; estudo de casos.",,"objetivos - este curso tem como objetivo introduzir o tópico de 
Inteligência 
Artificial (IA) a alunos do curso de ciência da computação. Mais 
especificamente, o foco será sobre as técnicas de aprendizado máquina. Após 
completar o curso o aluno deverá ser capaz de: entender, identificar e 
avaliar 
técnicas da IA; conhecer as vantagens e desvantagens de diferentes sistemas 
de 
IA; identificar e aplicar métodos de IA a problemas do mundo real. 
","conteudo (programa) - 

Introdução à Inteligência Artificial (IA) 
Introdução à IA: Paradigmas 
Agentes 
Resolução de Problemas 
Busca Cega e Heurística 
Sistemas Baseados em Conhecimento 
Sistemas Fuzzy 
Introdução ao Aprendizado de Máquina (AM) 
k-NN 
Árvores de Decisão 
Introdução ao pacote de aprendizado de máquina WEKA 
Introdução às Redes Neurais Artificiais (RNAs) 
Perceptrons/Adalines 
Multi-Layer Perceptrons (MLP) e o Backpropagation 
Projeto de Experimentos em Inteligência Artificial 
Naive Bayesian Learning 
Aprendizado Não-Supervisionado: Análise de Agrupamento 
Método Hirárquico e k-means 
Algoritmos Genéticos 
Simulated Annealing and Tabu Search 
Redes Neurais Não-Supervisionadas 
",competencias e habilidades - formação profissional em Ciência da Computação ," bibliografia - 

# Mitchell, T. (1997). Machine Learning. McGraw Hill, New York 
# Negnevitsky, M. (2004). Artificial Intelligence: a guide to intelligent 
systems. Addison Wesley 
# Rezende, S. O. (organizadora), (2003). Sistemas Inteligentes: Fundamentos e 
Aplicações. Editora Manole Ltda. 
# Russel, S. e Norvig, P. (2004). Inteligência Artificial. 2a. Edição. 
Editora 
Campos. 
# Witten, I. H. and Frank, E. (2005). Data Mining: Practical Machine Learning 
Tools and Techniques with Java Implementations. 2nd Edition. Morgan Kaufmann",2010.0,2.0,Presencial,
21782,DISCIPLINA,DIM0434,G,BANCO DE DADOS,DEPARTAMENTO DE INFORMÁTICA E MATEMÁTICA APLICADA,60,0,0,60,0,0,20,False,3.0,"2 Exercícios Escolares
1 Projeto",( DIM0089 ) OU ( DIM0357 ) OU ( DIM0509 ) OU ( DIM0541 ) ,( DIM0111 ) OU ( ( DIM0428 OU DIM0329 ) E ( DIM0429 OU DIM0328 ) ) ,,"MODELO DE DADOS: REDE, HIERÁRQUICO E RELACIONAL. ÁLGEBRA RELACIONAL. LINGUAGENS DE CONSULTA. OTIMIZAÇÃO DE LINGUAGENS. PROJETO DE BANCO DE DADOS. CONSIDERAÇÕES DE IMPLEMENTAÇÃO.  ",,"Este componente curricular tem como objetivo apresentar conceitos de banco de dados,
incluindo conceitos básicos, modelos de banco de dados, mapeamentos entre modelos,
linguagens de consulta e aplicações, concorrência e segurança.","Introdução
 Sistemas de Gerência de BD
 Modelos de Dados: Rede, Hierárquico, Relacional, E-R, Orientado a Objetos
 Mapeamentos
 Normalização
 Álgebra Relacional
 Linguagens de Consulta
 Integridade, Visões, Autorização de Acesso, Recuperação a Falhas
 Transações e Controle de Concorrência
 Projeto de Banco de Dados e Implementação","Ao completar este componente, o aluno terá conhecimento sobre o histórico de bancos de
dados, bem como será capaz de: produzir e checar diagramas de especificação; projetar
estruturas relacionais válidas e normalizadas a partir de diagramas; criar aplicações
centradas em dados.","SISTEMAS DE BANCO DE DADOS (em Portugues) (2005)
NAVATHE, SHAMKANT B / ELMASRI, RAMEZ E. - ADDISON WESLEY BRA
SISTEMA DE BANCO DE DADOS (em Portugues) (2006)
KORTH, HENRY F. / SILBERSCHATZ, ABRAHAM / SUDARSHAN, S.
CAMPUS
PROJETO DE BANCO DE DADOS (em Portugues) (2004)
HEUSER, CARLOS ALBERTO - SAGRA-LUZZATTO
DATABASES, TYPES AND THE RELATIONAL MODEL (em Ingles) (2006)
DARWEN, HUGH / DATE, C. J. - ADDISON WESLEY",2010.0,2.0,Presencial,
21783,DISCIPLINA,DIM0437,G,LINGUAGENS DE PROGRAMACAO: CONCEITOS E PARADIGMAS,DEPARTAMENTO DE INFORMÁTICA E MATEMÁTICA APLICADA,60,0,0,60,0,0,20,False,3.0,,( DIM0304 ) ,( DIM0601 E ( IMD0040 OU DIM0116 ) ) OU ( DIM0606 E DIM0176 ) ,,"Sintaxe e semântica. Tipos e valores. Variáveis e amarração (binding). Sub-rotinas e Co-rotinas. Passagem de Parâmetros. Recursividade, paralelismo, sincronização. Paradigmas de programação: imperativo, funcional, lógico, orientado a objetos. Estudo comparativo de linguagens.",,"Objetivos 

A disciplina visa discutir os aspectos gerais relacionados ao projeto e 
implementação das diversas 
linguagens de programação. Aborda os vários domínios de programação, 
diferentes paradigmas 
de programação e as vantagens e desvantagens das soluções propostas por 
linguagens significativas 
de cada um desses paradigmas, com ênfase no paradigma Imperativo","Conteúdo 

Aspectos Preliminares: conceitos básicos, domínios e paradigmas de 
programação, tradutores de linguagens. 
História das Linguagens de Programação. 
Descrição Sintática e Semântica. 
Análise Léxica e Sintática. 
Nomes, Vinculações, Ver. Tipos e Escopo. 
Tipos de Dados. 
Expressões e Instruções de Atribuição. 
Subprogramas. 
Fundamentos de Programação Funcional. 
Introdução à Linguagem Funcional Haskell. 
Haskell: Tipos Básicos e Programas Simples. 
Haskell: Padrões, Guardas, Operadores. 
Haskell: Tuplas e Listas. 
Fundamentos de Programação Lógica. 
Introdução à Linguagem Lógica Prolog. 
Prolog: Tipos Básicos e Programas Simples 
Prolog: Padrões, Recursividade e Backtracking. 

OBSERVACAO: Esta disciplina poderá ser ministrada no sistema de Aprendizado Orientado aa Resolucao de Problemas. Até 20% da carga horaria da disciplina poderá ser feita de forma nao presencial, correspondendo esta carga horaria aa resolucao dos problemas propostos para cada equipe.
",,,2024.0,2.0,Presencial,
21784,DISCIPLINA,DIM0414,G,SEMANTICA DE LINGUAGENS DE PROGRAMACAO,DEPARTAMENTO DE INFORMÁTICA E MATEMÁTICA APLICADA,60,0,0,60,0,0,20,False,3.0,,,( ( DIM0428 ) E ( DIM0429 ) E ( DIM0430 ) E ( DIM0439 ) ) OU ( DIM0111 ) ,,"Sintaxe abstrata e concreta. Gramática de atributos. Sistema de tipos. Semântica denotacional. Semântica axiomática. Triplas de Hoare. Pré-condição, pós-condição, invariantes. Cálculo de pré-condição mais fraca. Semântica operacional estruturada. Semântica de ações. Sistemas de desenvolvimento de linguagens.",,Estes dados serão cadastrados posteriormente pelo professor do curso.,Estes dados serão cadastrados posteriormente pelo professor do curso.,,,2023.0,2.0,Presencial,
21785,DISCIPLINA,DIM0406,G,ALGORITMOS AVANÇADOS,DEPARTAMENTO DE INFORMÁTICA E MATEMÁTICA APLICADA,60,0,0,60,0,0,20,False,3.0,"Englobando as seguintes dimensões:
1.	A dos conceitos adquiridos
2.	A da capacidade de aplicação dos conceitos adquiridos
3.	A da capacidade de generalização dos conceitos adquiridos
4.	A da capacidade de elaborar novo conhecimento a partir dos conceitos adquiridos
5.	A da capacidade de avaliar seu próprio desempenho nas tarefas anteriores, produzindo mudanças de estratégias para a solução de problemas de aplicação. 

Será realizada através de dois instrumentos:

1.	Uma prova escrita
2.	Um Trabalho prático de aplicação direta de conceitos adquiridos
3.	Um Trabalho prático de elaboração sobre conceitos adquiridos e geração de novos tipos de conhecimento com base experimental
",( DIM0054 ) OU ( DIM0605 ) ,( DIM0428 E DIM0429 ) OU ( DIM0111 ) ,,Classes de problemas e teoria da NP-completude. Problemas NP-completos em grafos. Backtracking. Branch-and-bound. Al-goritmos para problemas min-max. Algoritmos probabilísticos. Algoritmos aproximativos. Introdução a metaheurísticas.,,"&#61607; Desenvolver habilidades para analisar a complexidade de algoritmos determinísticos sequencias.
&#61607; Desenvolver habilidades para analisar a complexidade de algoritmos determinísticos recursivos.
&#61607; Desenvolver habilidades para modelar e desenvolver algoritmos para problemas do tipo MinMax. 
&#61607; Adquirir competência para selecionar uma abordagem metaheurística de solução.  
&#61607; Adquirir competência para projetar e programar um algoritmo metaheurístico selecionado e aplicá-lo na solução de um problema real.
","Aula 01 - Introdução ao estudo de complexidade de algoritmos, indicação bibliográfica. Conceito de algoritmo. Algoritmos exatos e algoritmos aproximativos. Debate sobre a  utilização do termo ""heurístico"" . O Problema da Performance: A qualidade da solução obtida pelos algoritmos. O tempo de processamento. Um exemplo clássico: As Torres de Hanoi. A complexidade computacional. 
Aula 02  Início da revisão de Algoritmo em Grafos: Conceito de Grafo. Caminhos e Ciclos, Árvores, Conjuntos de Cobertura, Conjuntos de Emparelhamento, O problema de Coloração. Algoritmos de caminho mais curto e árvore geradora mínima. Modelagem de problemas via grafos: exemplos de aplicação na ciência da computação: Insanidade instantânea e o passeio do cavalo. 
Aula 03 - Introdução a teoria da NP-Completude: Problemas tratáveis. Problemas de decisão, localização e otimização. Modelo abstrato para computação de dados - modelo RAM. Instruções e Tempo de Execução. Funções Assintóticas. Complexidade local. Complexidade aproximada por função Assintótica. Notação O. Notações &#61527; e &#61521;. Ordem exata.

Aula 04 - Funções Assintóticas. Complexidade local. Complexidade aproximada por função Assintótica. Notação O. Notações &#61527; e &#61521;. Ordem exata. 
Aula 05 - Exercícios de determinação da complexidade assintótica de algoritmos sequenciais.
Aula 06 - Exercícios de determinação da complexidade assintótica de algoritmos sequenciais. Caso Médio. 
Aula 07 - Complexidade de algoritmos recursivos. Função recorrente. Exercícios.
Aula 08 - Equações de recorrência homogênea. Equações de recorrência não homogênea.
Aula 09 - Equações de recorrência não homogênea. Exercícios de cálculo de complexidade com o uso das equações de recorrência
Aula 10 - Primeiro Exame.
Aula 11: Backtracking e Branch and Bound: Fundamentos e Exemplos. Aplicação ao problema de designação, problema da mochila e caminho mais curto
Aula 12:  Problemas do tipo MinMax. Alfa Beta Pruning. Técnicas de quantificação dos limites Alfa e Beta. Projeto de algoritmos para jogos MInMax. Exercícios
Aula 13: Dificuldade no desenho de algoritmos eficientes para a solução dos Problemas de Programação Linear. Noções de projeto de algoritmos probabilísticos. Exemplos de algoritmos probabilísticos eficientes. O problema das Agulhas de Buffon.
Aula 14: Algoritmos de Las Vegas, Monte Carlo e Sherwood. Algoritmos aproximativos: conceitos de vizinhança. busca local. Fatores de eficiência para algoritmos aproximativos. Vizinhança exata. Otimimalidade local x otimalidade global.
Aula 15: Complexidade de algoritmos de busca local - Polinomial-time local search - classe PLS. Busca em profundidade, (Depth-First Search), busca em largura (Breadth-First Search).
Aula 16: Conceito de Metaheurística. Exemplos de algoritmos aproximativos modernos: Algoritmos Evolucionários. Algoritmos Genéticos e Meméticos
Aula 17: Algoritmos Culturais, Imunológicos e Simbióticos 
Aula 18: Algoritmos Transgenéticos
Alua 19 - Segundo exame / Apresentação de trabalho
Aula 20: Simulated Annealing. Análise de complexidade. 
Aula 21: Algoritmo de Busca Tabu. Análise de complexidade.
Aula 22: Técnicas Multistart e GRASP. Análise de complexidade.
Aula 23: Vizinhança Variável, Path Relinking e Scatter Search
Aula 24: Colônia de Formigas
Aula 25: Nuvem de Partículas 
Aula 26: Técnicas de experimentação computacional e análise de parâmetros
Aula 27: Laboratório de implementação Computacional
Aula 28: Laboratório de implementação Computacional
Aula 29: Apresentação de Trabalho
Aula 30: Recuperação 
Aula 31: Recuperação 
Aula 32: Exame final
","Habilidades para analise e  modelagem de algoritmos
&#61607; Competência para o projeto e programação  de algoritmos experimentais do tipo metaheurísticos
&#61607; Competência para a aplicação de algoritmos experimentais do tipo metaheurísticos na solução de problemas reais
","Básica 
[01] Brassard, G., e P. Bratley, (1988), Algorithmics: Theory & Pratice, Prentice-Hall, Inc,        Englewood Cliffs.
[02] Coermen, T. H., Leiserson, C. C., e R. L. Rivert, (1991), Introduction to Algorithms, McGraw-        Hill Books  Company, New York.
[03] Goldbarg, M. C. e H. L. L. Pacca, (2000), Otimização Combinatória e Programação Linear:         Modelos e Algoritmos, Campus edt. 
[04] Goldbarg, M. C. (2007), Tópicos em Algoritmos Avançados. Notas de aula.
[05] Preiss, B., (2000), Data Structures and Algorithms with Object-Oriented Design Patterns in         Java, John Willey & Sons, Inc  Tradução da Professora Elizabeth.
[06] Rayward-Smith, V. J., Osman, I. H., Reeves, C. R.,  e G. D. Smith, (1996), Modern Heuristic        Search Methods, UNICON, John Wiley and Sons, Chichester.

Recomendada:
[01] Aarts, E., e J. K. Lenstra, (1997), Local Search in Combinatorial Optimization, John Wiley &       Sons, Chichester.
[02] Campello, R. E., e N. Maculan, (1994), Algoritmos e Heurísticas: Desenvolvimento e Avaliação        de Performance. Editora da Universidade Federal Fluminense, Niterói, RJ.
[03] Hochbaum, D. S. (1997), Approximation Algoritms for NP-Hard Problems, PWS Publishing        Company

Apoio eventual:
[01] Szwarcfiter, J. L. (1983), Grafos e Algoritmos Computacionais, Editora Campus.
[02] Terada R. (1982), Desenvolvimento de Algoritmos e Complexidade de Computação, Terceira         Escola de Computação, Rio de Janeiro, 1982.



",2010.0,2.0,Presencial,
21786,DISCIPLINA,DIM0412,G,TEORIA DOS GRAFOS E ALGORITMOS,DEPARTAMENTO DE INFORMÁTICA E MATEMÁTICA APLICADA,60,0,0,60,0,0,20,False,3.0,"Conforme padrão da UFRN, os alunos terão três avaliações. Cada avaliação será composta de um trabalho e uma prova. O trabalho valerá 40% do grau e a prova 60%. Os trabalhos serão individuais, realizados em sala de aula.",,( ( DIM0429 ) E ( DIM0428 ) ) OU ( DIM0111 ) ,,"Conceitos Fundamentais em Grafos, Representação, Grafos Direcionados, Conectividade e Percursos, Planaridade, Colora-ções, Cliques, Conjuntos Independentes, Emparelhamentos, Particionamento e Recobrimento, Distâncias, Redes e Fluxos, Grafos Especiais, Grafos na Ciência da Computação",,"Capacitar o aluno a modelar problemas reais através de grafos.
- Capacitar o aluno a desenvolver algoritmos que solucionem problemas em grafos.
- Capacitar o aluno no desenvolvimento de algoritmos para problemas reais modelados como problemas em grafos.
","Apresentação dos objetivos e programa da disciplina, ligação com outras disciplinas, comentário sobre a bibliografia utilizada, metodologia de ensino, forma de avaliação etc. O histórico da Teoria dos Grafos 
Conceitos fundamentais em Grafos. Representação Matemática. Nó. Aresta. Grafo Rotulado. Grafo Ponderado. Hipergrafo. Grafo Direcionado. Multigrafo. Grafo Bipartido. Grafo Completo. Representação dos Grafos. Matriz de Adjacência. Matriz de Incidência. Listas Encadeadas. Exercícios
Grafo Regular. Grafo Planar. Subgrafo. Grafo Parcial. Vizinhanças. Fechos Transitivos. Cadeias. Caminhos Modelagem de problemas via Grafos. Exercícios.
Outros conceitos em grafos. Fecho Transitivo. Cadeia de Arestas. Caminho. Passeio. Ciclo/circuito. Corda. Cintura. Grafos Duais Operações em Grafos. União. Complementar. Soma. Diferença. Interseção Join. Contração de Vértices.
Grafos especiais, cortes em vértices e grafos separáveis, Isomorfismo em Grafos
Busca em Grafos, Busca em Largura, Busca em Profundidade,
 Conectividade e conexidade. Grafo Simplesmente Conexo. Grafo Fortemente Conexo. Corte de Arestas. Componentes Conexas. Algoritmo de Roy. O Problema do Labirinto. Algoritmo de Trémaux
 Busca em Grafos Direcionados, Fechamento Transitivo
Introdução a Teoria de dificuldade de solução de Problemas. Classes P, NP, NP-completa, NP-árdua
1º Trabalho  
1ª Avaliação 
Árvores, Árvores Geradoras, Árvores Co-geradoras, Floresta, Excentricidade de Nó, Centro de Grafo. Árvore Geradora Mínima e Máxima.
Árvore MinMax_MinSum. Árvore Geradora de Grau Restrito. Árvore Geradora com Número Máximo de Folhas. Árvore Geradora Compacta. Árvore Geradora com Diâmetro Limitado. Árvore Geradora com Taxa de Confiabilidade de Mínimo Custo. Árvore Geradora de Comunicação Ótima. Árvore de Steiner 
Cortes, Conjuntos de Corte, Grafos Eulerianos, Grafos Hamiltonianos.
Caminho mais curto em Grafos. Caminho mais curto com janela de tempo. Algoritmo de Dijkstra. 
Algoritmo de Ford-Moore-Bellman.  Algoritmo de Floyd-Warshall. Algoritmo de Goldberg-Radzik.
Problemas de Fluxo  Fluxo Máximo
Problemas de Fluxo  Fluxo Máximo - Emparelhamento
Exercícios
2º Trabalho  
2ª Avaliação 
O Problema do Circuito Hamiltoniano. Jogo de Hamilton. Heurísticas de Solução. Heurística de Bellmore e Nemhauser. Heurísticas de Inserção, Heurística de Christofides
O Problema da Cobertura de Vértices. O Problema do Node Packing. Conjunto de Cobertura de Arestas. Grafo K-Fator. Relação entre os problemas de Conjunto de Nós e Arestas. Conjunto de cortes. Matriz de Cortes
 Conjunto de vértices e Arestas. O Problema do Conjunto Independente de Vértices. Algoritmo de Demoucron e Herz.
O Problema da Coloração. Número Cromático.  Algoritmo de Zykov. Algoritmos Heurísticos
 Coloração de Arestas. Coloração completa. Número Acromático. Grafo Crítico. Número de Cobertura de Cliques. Número cromático Total.
 Exercícios
 3ª Avaliação
3º Trabalho
Período dedicado à recuperação
 4ª Avaliação
","Ao final da disciplina o aluno deverá estar capacitado a:
- modelar problemas como problemas de grafos;
- desenvolver algoritmos para problemas em grafos;
- modelar problemas reais como problemas em grafos;

As seguintes habilidades deverão ser desenvolvidas durante o curso da disciplina:
- Abstração
- Análise, modelagem e solução de problemas.
","P. O. Boaventura Neto, 2006, Grafos: Teoria, Modelos, Algoritmos - 4ª Edição, Editora Edgard Blucher.

J. L. Szwarcfiter, 1984, Grafos e Algoritmos Computacionais, Editora Campus.

M. N. S. Swamy e K. Thulasiraman, Graphs, Networks and Algorithms, John Wiley & Sons, 1981

T. H. Cormen, C. E. Leiserson, R. L. Rivest, e C. Stein, 2002, Algoritmos Teoria e Prática, Editora Campus.

",2009.0,2.0,Presencial,
21787,DISCIPLINA,DIM0436,G,ESPECIFICACAO E VERIFICACAO DE PROGRAMAS,DEPARTAMENTO DE INFORMÁTICA E MATEMÁTICA APLICADA,60,0,0,60,0,0,20,False,3.0,,( DIM0072 ) OU ( DIM0336 ) ,( DIM0430 E DIM0110 ) OU ( ( DIM0610 OU DIM0157 ) E ( IMD0039 OU DIM0117 ) ) ,,"Especificação informal, semi-formal e formal de programas. Uso da lógica como ferramenta de especificação. Verificação formal (provas). Testes sistemáticos. Teste de caixa-preta e de caixa-branca. Revisões.",,objetivos - formação básica em Ciência da Computação ,"Primeiro Módulo: 
. Introdução 
. Qualidade de especificações 
. Especificações informais 
. Especificações semi-formais 

Segundo Módulo: 

. Revisão de conceitos básicos para especificações formais - 
  lógica e teoria dos conjuntos 
. Sistemas de tipos 
. Relações e funções 
. Especificações baseadas em lógica e conjuntos 

Terceiro Módulo: 
. Introdução a Verificação e Validação 
. Verificação Formal 
. Testes 
. Testes de caixa branca 
. Testes de caixa preta 
. Revisões e Inspeções 
",,,2022.0,2.0,Presencial,
21788,DISCIPLINA,DIM0413,G,TECNICAS DE VERIFICACAO FORMAL,DEPARTAMENTO DE INFORMÁTICA E MATEMÁTICA APLICADA,60,0,0,60,0,0,20,False,3.0,,,( ( DIM0430 ) E ( DIM0429 ) E ( DIM0428 ) ) OU ( DIM0450 ) ,,"Verificação formal no projeto de sistemas hardware. Técnicas para a lógica proposicional: diagramas de decisão binária, solu-cionadores baseados no algoritmo de Davis-Putnam-Logemann-Loveland. Verificação formal no projeto de componentes de software. Técnicas para a lógica da primeira ordem: tableaux, resolução, skolemização, paramodulação. Procedimentos de decisão para teorias: fecho de congruência, método de Gauss, método de Fourier-Motzkin, teste Ômega. Combinação de pro-cedimentos de decisão: esquema de Nelson e Oppen, esquema de Shostak. Verificação de modelos para a lógica temporal. Ferramentas de verificação formal.",,,,,,,,Presencial,
21789,DISCIPLINA,DIM0432,G,SISTEMAS OPERACIONAIS,DEPARTAMENTO DE INFORMÁTICA E MATEMÁTICA APLICADA,60,0,0,60,60,0,20,False,3.0,"Avaliação
A1  Prova (80%) + Exercícios práticos( 20%)
A2  Prova (70%) + Seminário (30%)
A3 - Prova (100%) 
A4 - Prova com todo o conteúdo
",( DIM0007 ) OU ( DIM0338 ) OU ( DCA0108 ) ,( ( DIM0431 OU DIM0058 ) ) ,,Histórico e conceitos básicos. Gerência de processos e programação concorrente. Gerência de memória principal e auxiliar. Gerência de dispositivos de entrada e saída. Estudo de sistemas operacionais existentes,,"Objetivos:
	Gerais - Fornecer ao aluno os conceitos básicos usados na concepção dos Sistemas Operacionais, capacitando-os a entender e utilizar as facilidades desses sistemas, bem como projetar novas funcionalidades.

	Específicos:
1.	Fornecer ao aluno uma visão geral de um Sistema Operacional, apresentando seus componentes básicos e o relacionamento entre eles. 
2. Apresentar ao aluno as técnicas usadas na concepção e implementação de um Sistema Operacional. 
3. Realizar Estudos de Casos envolvendo os sistemas operacionais mais usados atualmente: Unix, Windows, OS/2, JavaOS. 
","Conteúdo:
Introdução -o que é um Sistema Operacional? Funções do sistema operacional. Evolução dos sistemas operacionais. Componentes de um Sistema Operacional. Conceitos Básicos - Monoprogramação, Multiprogramação, Processos, Arquivos, Chamadas de Sistema, Interrupção, Concorrência, Estruturas de Sistemas Operacionais. 
Gerência de Processos: Conceitos. Estados de Processo. Tipos de Processo. Sincronização - semáforos, monitores. Comunicação entre processos. Escalonamento. Problemas - deadlock, starvation. 
Gerência de Memória: Endereços lógicos e físicos. Alocação. Swapping. Memória Virtual. Paginação. Segmentação. 
Gerência de Dispositivos: Device drivers. Dispositivos de E/S. 
Sistemas de arquivos: Arquivos. Diretórios. Alocação de espaço. Proteção. Sistemas de Proteção Segurança X Proteção 
","Competências e Habilidades
O aluno deverá  ter capacidade para entender e utilizar as facilidades desses sistemas, bem como projetar novas funcionalidades, ou seja: 
	Compreender e aplicar os conceitos, princípios e técnicas envolvidas no contexto de sistemas operacionais.
	Identificar e utilizar os recursos do sistema de forma eficiente. 
	Capacidade de, com base nos conceitos adquiridos, iniciar, projetar, desenvolver, implementar e estender componentes de um sistema operacional.
	Capacidade para projetar e desenvolver sistemas que integram hardware e software.
	Conhecer a estrutura dos atuais sistemas operacionais
","Referências
Tanembaum A. Sistemas Operacionais Modernos. 2ª Edição Prentice Hall do Brasil 
Oliveira R S., Carissimi, A. Silva Sistemas Operacionais Editora Sagra-Luzzato, Porto Alegre, Janeiro 2001 
Silberschatz. A, Galvin P.B. Sistemas Operacionais Conceitos. Prentice Hall, 2000 
Silberschatz. A, Galvin P.B, Greg G. Sistemas Operacionais Conceitos e Aplicações. Editora Campus 2000
",2010.0,2.0,Presencial,
21790,DISCIPLINA,DIM0438,G,REDES DE COMPUTADORES,DEPARTAMENTO DE INFORMÁTICA E MATEMÁTICA APLICADA,60,0,0,60,0,0,20,False,3.0,,( DIM0061 ) OU ( IMD0043 ) ,DIM0432 OU DIM0431 OU IMD0041 OU IMD0121 OU DIM0127 ,,Topologia de redes. Transmissão de Informação. Meios físicos de transmissão. Arquitetura OSI. Arquitetura TCP/IP.,,"Objetivos 
Apresentar como funcionam as redes de computadores, englobando os 
aspectos de comunicação de dados e os protocolos TCP/IP. 

","1.Introdução a redes de comunicação e de computadores: Conceitos de redes de comunicação e de computadores; histórico de comunicação; evolução de redes.
2.Conceitos básicos de comunicação de dados: Elementos para comunicação; Topologias de redes de comunicação; conceitos básicos de multiplexação, modulação e comutação; Meios de transmissão; Sistemas multiusuário; Redes de computadores
3.Redes de Computadores: Arquitetura de redes de computadores; Entidades de padronização; Modelos de referência; Modelo OSI; modelo TCP/IP.
4.Camada de aplicação: Principais serviços e funcionalidades; WWW, HTTP, FTP, TELNET, SMTP, SNMP, SSH, etc.
5.Camada de transporte: Principais serviços e funcionalidades; protocolos TCP e UDP; Multipath TCP; Análise de desempenho da camada de transporte.
6.Camada de rede: Principais serviços e funcionalidades; Endereçamento e Roteamento; tolerância a falhas; balanceamento de carga; QoS.
7.Camada de Enlace: Principais serviços e funcionalidades; Controle de acesso ao meio; checagem de erro; transmissão de datagramas; etc.
8.Camada física: Principais serviços e funcionalidades. Padrões de redes de comunicação mais comuns; redes cabeadas e não cabeadas.
9. Tecnologias avançadas em redes de computadores e gerenciamento.",,,2024.0,2.0,Presencial,
21791,DISCIPLINA,DIM0407,G,SISTEMAS EMBUTIDOS,DEPARTAMENTO DE INFORMÁTICA E MATEMÁTICA APLICADA,60,0,0,60,0,0,20,False,3.0,"Avaliação: 

Serão realizadas três avaliações. As duas primeiras serão constituídas de uma prova teórica escrita. A terceira avaliação será constituída de um trabalho prático realizado, com peso 8 e seu relatório com peso 2.
",,( DIM0432 OU DCA0108 OU DIM0615 ) ,,"REVISÃO DE CONCEITOS DE HARDWARE: MICROPROCESSADORES, MICROCONTROLADORES. ARQUITETURAS: ASIC, ASIP, RISP, CONFIGURÁVEIS. CONCEITOS DE SISTEMAS EMBARCADOS. CONCEITOS DE SISTEMAS DE TEMPO-REAL. APLICAÇÕES DE SISTEMAS EMBARCADOS. PROJETO DE SISTEMAS EMBARCADOS. METODOLOGIAS DE: PROJETO: ESPECIFICAÇÃO, MODELAGEM, IMPLEMENTAÇÃO. RTOS: COMUNICAÇÃO INTERPROCESSOS, ESCALONAMENTO. ARQUITETURA DE SOFTWARE PARA SISTEMAS EMBARCADOS. CONCEITOS AVANÇADOS: REUSO, SOC, NOC. PROJETOS BASEADOS EM PLATAFORMAS. LINGUAGENS. FERRAMENTAS DE PROJETO. PROJETOS VISANDO BAIXO CONSUMO DE POTÊNCIA.   ",,"Objetivos:

Capacitar o aluno especificar, avaliar e implementar sistemas embutidos ou dedicados.","Conteúdo (programa): 

Revisão de hardware
Interrupções em processadores
Conceitos de RTOS
Exemplo de RTOS (ECOS, MicroC OS II)
Especificação de sistemas embutidos
Linguagem de especificação
Metodologias de projeto de sistemas embutidos
Codesign de hardware e Software.
","Competências e habilidades: 

Ao final da disciplina o aluno será capaz de compreender a relação entre software e hardware em sistemas dedicados e de propósito geral. Será capaz de avaliar requisitos de desempenho visando execução em tempo real. Conhecerá os recursos de um sistema operacional de tempo real e saberá configura pelo menos um deles. O aluno terá conhecimento sobre metodologias e técnicas de especificação, descrição, avaliação e implementação de sistemas embutidos ou embarcados.
","Referências:

Programming Embedded Systems in C and C++ - Michael Barr - O'REILLY - 1999.
",2010.0,2.0,Presencial,
21792,DISCIPLINA,DIM0423,G,ARQUITETURA DE SOFTWARE,DEPARTAMENTO DE INFORMÁTICA E MATEMÁTICA APLICADA,60,0,0,60,0,0,20,False,3.0,três avaliações escritas seguindo as regras da UFRN. Também serão considerado trabalhos de projetos de software que servirão de complementação a às avaluiações escritas.,( DIM0514 ) ,( DIM0433 OU DIM0322 OU DIM0060 ) ,,"Definições (arquitetura de software, componente, desenvolvimento baseado com Componentes). Arquitetura de software (AS): elementos básicos de AS, definição de linguagens de descrição arquitetural, padrões arquiteturais, estilos arquiteturais, visões arquiteturais. Propostas de padronização de modelagem. Propostas de padronização de documentação de arquiteturas.",,Estimular no estudante o uso de técnicas modernas de desenvolvimento de software. Para este fim serão ensinado os elementos básicos de arquitetura de software e de padrões e estilos de arquiteturas assim como serão apresentadas algumas propostas de padronização de documentação de software.,"1.	Introdução 
o	Conceitos e definições 
2.	Modelagem de Software com UML 
o	Visão geral da UML
o	Diagramas de Casos de uso 
o	Pacotes, Módulos e Sub-sistemas
o	Diagramas Implantação e Componentes
o	Diagramas de Atividades e Estados
o	Diagramas de Classes
o	Diagramas de Objetos, Seqüência e Colaboração
3.	Padrões de Projeto
o	Conceitos. Tipos e categorias de padrões. 
o	Padrões Observer, MVC, Proxy, Broker 
o	Padrões, Adapter, Facace, Factory, Builder, Command
4.	Estilos e Padrões arquiteturais 
o	Cliente-servidor
o	Camadas
o	Tubos-e-filtros
o	Blackboard
o	Broker
5.	Arquitetura de Software e Atributos de Qualidade 
o	Atributos de qualidade: modificabilidade, disponibilidade, desempenho, segurança, escalabilidade, usabilidade e outros.
o	Táticas e estratégias
o	Estilos e padrões e suas relações com atributos e táticas
6.	Visões Arquiteturais
o	As 4+1 visões de Krutchen 
o	As 4 visões da Siemens (Hofmeister e outros) 
o	As 3 visões do SEI 
7.	Modelos de design arquitetural
o	Um modelo geral para o design arquitetural 
o	Design arquitetural no RUP
o	O modelo do SEI
o	O modelo da Siemens
8.	Linguagens de Descrição Arquitetural
o	ADLs 
o	ACME 
o	UML 2.0 
9.	Abordagens para Arquiteturas de Software
o	Arquitetura Dirigida por Modelos (MDA)
o	Arquitetura Orientada a Serviços (SOA)
o	Arquitetura Orientada a Aspectos (AOSD)
o	Arquiteturas para Linhas de Produtos de Software (SPL)
10.	Tecnologias de desenvolvimento (opcional)
o	CORBA
o	Arquitetura JEE/EJB 
o	.Net
",Pretendesse que o aluno após a disciplina tenha competencia e habilidade para desenvolver software com padrões e documentações adeuqados.,"Bibliografia
	Grady Booch, James Rumbaugh e Ivar Jacobson - UML Guia do usuário - Ed. Campus ou User's Guide - Addison Wesley;
	Gamma, Helm, Johnson, Vlissides - Padrões de Projeto - Ed. Bookman
	Hofmeister, Nord e Soni, - Applied Software Architecture, Addison Wesley, 2000;
	Bass, L.; Clements, P. and Kazman, R. - Software Architecture in Practice - Second Edition, Addison-Wesley 2003. 
	Shaw, M. and Garlan, D. Software Architecture: Perspectives on an Emerging Discipline"" Prentice-Hall, 1996.
",2010.0,1.0,Presencial,
21793,DISCIPLINA,DIM0419,G,ESPECIFICACOES FORMAIS,DEPARTAMENTO DE INFORMÁTICA E MATEMÁTICA APLICADA,60,0,0,60,60,0,20,False,3.0,"Exercícios Escolares
 1 Projeto",,( ( DIM0436 ) ) ,,Especificações formais baseadas em conjuntos. Especificação de dados e operações. Refinamentos sucessivos e implementa-ção. Ferramentas para desenvolvimento de especificações formais.  Outras técnicas de especificação formal.,,"Este componente curricular tem como objetivo apresentar conceitos de especificações
formais, incluindo conceitos básicos, modelagem formal, análise, desenvolvimento
orientado a modelos e geração de código.
"," Introdução
 Revisão de lógica proposicional
 Revisão de lógica de predicados
 Revisão de cálculo relacional
 Revisão de teoria dos conjuntos, funções, seqüências
 Método B
i. Modelagem
ii. Análise estática de modelos
iii. Desenvolvimento baseado em modelos
iv. Síntese de código
v. B Orientado a eventos
vi. Suporte ferramental","Ao completar este componente, o aluno terá conhecimento teórico sobre a aplicação de
métodos formais, bem como será capaz de: especificar, analisar, e desenvolver sistemas
de maneira rigorosa seguindo o estilo de desenvolvimento orientado a modelos.","The B-method  Steve Schneider
Palgrave Macmillan, 2001
ISBN-10: 033379284X
ISBN-13: 978-0333792841
 The B-Book: Assigning Programs to Meanings  J. R. Abrial
Cambridge University Press, 2005
ISBN-10: 0521021758
ISBN-13: 978-0521021753",2010.0,1.0,Presencial,
21794,DISCIPLINA,DIM0441,G,SISTEMAS DISTRIBUIDOS,DEPARTAMENTO DE INFORMÁTICA E MATEMÁTICA APLICADA,60,0,0,60,60,0,20,False,3.0,"Avaliacao 
Prova escrita 
Trabalho prático de desenvolvimento de software distribuído 

",( DIM0070 ) ,( DIM0438 OU DCA0113 OU DIM0061 OU DCA0450 ) ,,CONCEITOS FUNDAMENTAIS DE SISTEMAS DISTRIBUÍDOS. PARADIGMAS DE SISTEMAS DISTRIBUÍDOS. SINCRONIZAÇÃO EM SISTEMAS DISTRIBUÍDOS. COMUNICAÇÃO EM SISTEMAS DISTRIBUÍDOS. PROCESSOS E PROCESSADORES EM SISTEMAS DISTRIBUÍDOS. SISTEMAS DE ARQUIVOS DISTRIBUÍDOS. ASPECTOS DE TOLERÂNCIA A FALHAS E DE TEMPO REAL. ESTUDO DE CASOS.  ,,"Objetivos 
Expicar os princípios nos quais a Internet e outros sistemas 
distribuídos são baseados, sua arquitetura, algoritmos e projeto","Conceitos Fundamentais de Sistemas Distribuídos 
Paradigmas de Sistemas Distribuídos 
Redes P2P: conceitos básicos, arquiteturas e aplicações 
Comunicação em Sistemas Distribuídos (conceitos de socket, RPC, RMI) 
Definições de Processos e threads 
Sincronização em Sistemas Distribuídos (Exclusão mútua distribuída, 
transações atômicas) 
Sistemas de Arquivos Distribuídos: AFS e NFS 
Serviços de Nomes 
Replicação 
Introdução a Grades Computacionais 
Conceitos de Middleware 
CORBA e Web Services 
","Competências 
Projeto de sistemas distribuídos 
Análise de desempenho de sistemas distribuídos 
Proposta (ou alterações) de novos protolos e serviços 

Habilidades 
Auto-aprendizado 
Trabalho em grupo 
Análise de problemas e modelagem de soluções 
Capacidade Empreendedora 

","Bibliografia 
- Coulouris, G., Dollimore, J., and Kindberg, T. Distributed Systems: 
Concepts and Design. Addison Wesley, 4 edition, 2005. 
Tanenbaum, A., and Steen, M. Distributed Systems: Principles and 
Paradigms. Prentice Hall, 2 Edition, 2006. 
- Stevens, R., Fenner, B., and Rudoff, A. Unix Networking Programming: 
The Sockets API. Addison Wesley, volume 1, 3 Edition, 2004. 
- Robbins, K., and Robbins, S. Unix Systems Programming: 
Communication, Concurrency and Threads. Prentice Hall, 2 edition, 
2003. 
",2010.0,2.0,Presencial,
21795,DISCIPLINA,DIM0442,G,COMPILADORES,DEPARTAMENTO DE INFORMÁTICA E MATEMÁTICA APLICADA,60,0,0,60,0,0,20,False,3.0,"Avaliação: 
A avaliação do aluno será em função das notas (de 0,0 a 10,0) obtidas 
nos seguintes exercícios: 
·         Dois testes de avaliação (individuais, escritos, valendo 
para a primeira e segunda notas do semestre). 
·         Um trabalho prático de implementação (em grupos de no máximo 
duas pessoas, valendo para a terceira nota do semestre): 
         o        Implementação de um analisador léxico. 
         o        Implementação de um analisador sintático e 
verificador de tipos e/ou gerador de código (dependendo da linguagem) 

A linguagem de programação a ser implementada nos trabalhos práticos 
será definida, junto a cada equipe no decorrer do curso. 
",( DIM0306 ) OU ( DIM0339 ) OU ( DIM0611 ) ,( ( DIM0439 ) E ( DIM0437 ) ) OU ( ( DIM0056 ) E ( DIM0328 OU DIM0013 ) E ( DIM0329 OU DIM0303 ) ) ,,"Introdução à compilação. Fases da compilação. Gramáticas, linguagens e autômatos. Linguagens regulares e livres de contex-to. Ambigüidade. Relações sobre gramáticas. Análise sintática ascendente e descendente. Análise léxica. Lex e Yacc. Tabelas de símbolos. Análise semântica e geração de código para uma máquinia virtual. Introdução à otimização de código.",," Propiciar o entendimento dos fundamentos de linguagens de 
programação e dos conceitos que orientam o seu projeto. 
- Estudar métodos e ferramentas para a implementação de processadores 
de linguagens de programação. 
"," Apresentação. 
·         Conceitos básicos ao projeto de linguagens de programação. 
·         Linguagens e Tradutores; Compiladores e Interpretadores; 
·         A Estrutura de um Compilador; 
·         Análise Léxica; 
·         Análise Sintática; 
·         Representação Intermediária; 
·         Análise Semântica; 
·         Geração e Otimização de Código; 
·         Ferramentas de Auxílio à Construção de Compiladores. 

OBSERVACAO: Esta disciplina poderá ser ministrada no sistema de Aprendizado Orientado aa Resolucao de Problemas. Até 20% da carga horaria da disciplina poderá ser feita de forma nao presencial, correspondendo esta carga horaria aa resolucao dos problemas propostos para cada equipe.

","Competencias e habilidades: 
No final do curso, o aluno deverá ter tido uma promeira experiencia no 
projeto e desenvolvimento de linguagens de programacao e compiladores","Referências: 
·         Aho,A.V. & Sethi,R. & Ullman,J.D. - Compiladores. 
Princípios, Técnicas e Ferramentas - Guanabara - Koogan, 1995. 
·         Notas sobre construção de compiladores de Universidade de 
Manitoba (disponíveis em http://www.cs.umanitoba.ca/~pgraham/429.html 
). 
",2013.0,1.0,Presencial,
22433,DISCIPLINA,DIM0058,G,ORGANIZACAO E ARQUITETURA DE COMPUTADORES I,DEPARTAMENTO DE INFORMÁTICA E MATEMÁTICA APLICADA,60,0,0,60,0,0,20,False,3.0,,( DIM0003 ) OU ( DCA0404 ) OU ( DIM0431 ) ,( ( ELE0424 OU DIM0101 OU DIM0050 OU ( ELE0427 E ELE0428 ) ) ) ,,"Organização de Computadores. Memórias. Unidades aritméticas de
controle, de memória e E/S. Interrupções. Canais. Dispositivos de
comunicação. Microprogramação (instruções e endereçamento, busca
e execução de instruções). Processadores, co-processadores.
Memória associativa e virtual.
",,,,,,,,Presencial,
23508,DISCIPLINA,DIM0074,G,REDES NEURAIS,DEPARTAMENTO DE INFORMÁTICA E MATEMÁTICA APLICADA,60,0,0,60,0,0,20,False,3.0,,,( ( MAT0064 OU MAT0231 ) E ( DIM0052 ) E ( DIM0301 OU DIM0053 ) E ( DIM0034 ) ) ,,"Conceitos fundamentais: o conexionismo. PDP, o modelo biológico. Evolução
histórica, estado atual da arte: o conexionismo na IA. Redes neurais. Modelos.
Características básicas. Aplicações. Implementação de ensaios.",,,,,,,,Presencial,
23507,DISCIPLINA,DIM0035,G,COMPUTACAO GRAFICA,DEPARTAMENTO DE INFORMÁTICA E MATEMÁTICA APLICADA,30,30,0,60,0,0,20,False,3.0,,,( ( MAT0064 ) E ( DIM0005 ) E ( MAT0059 ) ) ,,"Entrada gráfica, armazenamento e comunicações. Dispositivos de
visualização. Conversão por varrimento. Transformações gráficas
bidimensionais e tridimensionais. Preenchimento de regiões. Recortes
e visualizações . Projeções. Modelos geométricos. Superfícies ocultas.
Arquivos gráficos bmp e pcx. Processamento de imagem. Técnicas de
animação. Recursos de Multimídia.
",,,,,,,,Presencial,
23506,DISCIPLINA,DIM0069,G,COMPUTACAO ALGEBRICA,DEPARTAMENTO DE INFORMÁTICA E MATEMÁTICA APLICADA,60,0,0,60,60,0,20,False,3.0,,,( ( MAT0061 ) E ( MAT0065 OU MAT0231 ) ) ,,,,,,,,,,Presencial,
23499,DISCIPLINA,DIM0040,G,CALCULO NUMERICO,DEPARTAMENTO DE INFORMÁTICA E MATEMÁTICA APLICADA,60,30,0,90,0,0,20,False,3.0,,( DIM0041 OU DIM0004 OU FIS0610 OU DIM0302 OU CEA0090 OU DIM0044 ) OU ( DIM0044 ) OU ( DIM0404 ) OU ( MAT1527 ) ,( ( MAT0058 OU MAT0316 OU MAT0005 OU MAT0312 OU MAT0345 ) E ( MAT0343 OU MAT0064 OU MAT0056 OU MAT0231 OU MAT0340 OU MAT0364 OU MAT0369 OU MAT0319 OU MAT0065 ) E ( DIM0038 OU DIM0052 OU DIM0103 OU DIM0321 OU DIM0108 ) ) ,,SISTEMAS NUMÉRICOS E ERROS. SISTEMAS LINEARES. EQUAÇÕES ALGÉBRICAS E TRANSCEDENTES. SISTEMAS NÃO LINEARES. INTERPOLAÇÃO. AJUSTES DE CURVAS. INTEGRAÇÃO NUMÉRICA. APLICAÇÕES NUMÉRICAS AO COMPUTADOR EM UMA LINGUAGEM.,,"Objetivo:
	A disciplina Cálculo Numérico, visa oferecer métodos e técnicas computáveis, para os mais variados tipos de problemas, para os quais das áreas de engenharias, física,matemática e economia, precisam ter respostas com qualidade. Estes problemas estão relacionados na resolução de sistema de equações algébricas e transcendentes, interpolação, integração numéricas e ajuste de curvas. Em todos os tópicos abordados exige uma avaliação qualitativa."," CONTEÚDO PROGRAMÁTICO

	  1- Sistemas Numérico e erros
	Representação de inteiros e frações.
	Conversão de bases.
	Erros.

	2- Sistema Lineares
	Introdução.
	Classificação quanto ao número de soluções.
	Métodos diretos e iterativos:
		Guass, pivotação completo, parcial, Guass-Seidel.
	Sistema de equações lineares complexos.
	Noções de mal-condicionamento.

	3- Equações Algébricas e Transcendentes
		Introdução
		Isolamento de raízes de equações transcendentes
		Métodos: Bisseção, Corda, Newton, Iteração Linear e outros.
		Aplicações.

	4  Interpolação
 		Conceito
		Interpolação Linear, Quadrática
		Interpolação de Lagrange
		Diferenças Divididas
		Fórmula de Newton para diferenças divididas
		Interpolação diferenças finitas
		Fórmula de Gregory-Newton
		Aplicações.

	5- Integração Numérica
		Conceito
		Regra dos Trapézios
		Fórmula Composta
		Primeira e Segunda Regra de Simpsom
		Extrapolação de Richardson
		Quadratura Gaussiana
		Aplicações.

	6- Ajuste de curvas pelo método dos mínimos quadrados
		Conceito
		Método dos Quadrados Mínimos, discreto e continuo
		Aplicações. ",,,2024.0,1.0,Presencial,
23497,DISCIPLINA,DIM0088,G,PESQUISA OPERACIONAL I,DEPARTAMENTO DE INFORMÁTICA E MATEMÁTICA APLICADA,90,0,0,90,0,0,20,False,3.0,,( DIM0006 OU DIM0305 ) ,( ( MAT0058 OU MAT0228 ) E ( MAT0065 OU MAT0231 ) E ( EST0202 ) ) ,,"Evolução da pesquisa operacional e variedades de problemas
aplicados à pesquisa operacional.
Noções de:
- programação linear,
- programação não linear
- sistemas de modelos de estoque,
- teoria das filas
- teoria dos grafos.",,,,,,,,Presencial,
21737,DISCIPLINA,DIM0348,G,PROGRAMACAO CONCORRENTE E DISTRIBUIDA,DEPARTAMENTO DE INFORMÁTICA E MATEMÁTICA APLICADA,45,15,0,60,60,0,20,False,3.0,,,( ( DIM0070 ) ) ,,,,,,,,,,Presencial,
21779,DISCIPLINA,DIM0433,G,ENGENHARIA DE SOFTWARE,DEPARTAMENTO DE INFORMÁTICA E MATEMÁTICA APLICADA,60,0,0,60,0,0,20,False,3.0,"A avaliacao da disciplina sera da seguinte forma:  2 provas, e um projeto. Para realizacao deste projeto os alunos deverao seguir um processo de software exemplo (apresentado ao longo da disciplina), e garar o seguinte conjunto de artefatos (documento de requisitos, codigo fonte, plano de testes). ",( DIM0060 ) ,( ( DIM0427 ) E ( DIM0426 ) OU ( DIM0110 ) ) ,,"Introdução à Engenharia de Software: Conceitos e definições. Sistemas Computacionais. O que é software? O que é engenha-ria de software? o Ciclo de Vida do Software. Qualidade de Software. Processo de Software: Modelos de processo: Cascata, Prototipação, Evolutivo, Incremental, Transformação, Espiral. Slides. Modelos de processo: Processo Unificado. - Atividades do Processo: Especificação, Design e implementação, Validação e Evolução. Métricas, Planejamento e Gerenciamento de Software: Elaboração do cronograma. Planejamento da equipe. Estimativas e Métricas. Análise de riscos. Requisitos de Soft-ware: Requisitos e Engenharia de Requisitos. Definindo Requisitos com Casos de Uso. Slides. Modelos de Software. Design de Software: Design Conceitual, Prototipação. Arquitetura de Software - conceitos, visão tradicional e visão emergente. Vi-sões arquiteturais. Linguagens de Descrição Arquitetural. Padrões de Projeto. Framework. Verificação e Validação de Softwa-re: Formas de verificação e validação de programas. Técnicas de testes. Manutenção e Evolução de Software.",,"O objetivo desta disciplina é apresentar os conceitos basicos da area de Engenharia de Software, e a importancia da das praticas de engenharia de software na construcao de software de qualidade.","Programa
1.	Introdução 
o	Software
o	Sistemas Computacionais
o	Engenharia de Software
o	Ciclo de vida
2.	Processo de Software 
o	Processo de Software e Modelos de Processo  Cascata, Espiral, Evolutivo, Incremental, Programação Extrema
o	Processo Unificado (RUP) 
3.	Planejamento e Gerenciamento  de Software
o	Introdução 
o	Estrutura Analítica de Tarefas
o	Rede de tarefas
o	Diagrama de Gantt (Linha de tempo)
o	Riscos 
o	Custos do Software 
o	Gerenciamento de pessoal e organização de equipes.
o	Estimativas e Métricas.
4.	Requisitos de Software
o	Requisitos de Usuário e de Sistema. Especificações de software 
o	Engenharia de Requisitos de Software 
o	Modelagem de Requisitos com Casos de Uso 
o	Qualidade de Software.
5.	Modelos de Software
o	Objetivo da modelagem,
o	Modelos clássicos de software  DFD, DER, DTD 
o	Prototipação 
o	Linguagem de Modelagem Unificada (UML) - Visão Geral 
6.	Design e Arquitetura de Software
o	Conceitos e histórico de arquitetura de software
o	Visão tradicional. 
o	Visão emergente.
o	Visões arquiteturais (slides anteriores) 
o	Estilos arquiteturais e padrões de Projeto 
7.	Verificação e Validação de Software
o	Formas de verificação e validação de programas. 
o	Testes de software.
o	Testes de integração
8.	Evolução de software
o	Controle de versões
o	Manutenção e gerenciamento de mudanças
o	Sistemas legados
","O aluno que cursa esta disciplina, deve ter parcitipado das disciplinas de projeto de software.","Bibliografia
	Ian Sommerville - Software Engineering  8ª. Edição Pearson/Addison Wesley
	Pfleeger, S. Engenharia de Software - Teoria e Prática 2a edição - Pearson/Prentice-Hall, 2004. 
	Pressman R. Engenharia de Software - 6a edição - McGraw-Hill Interamericana do Brasil. 
	Paula Filho, W. Engenharia de Software: Fundamentos, Métodos e Padrões - 2a edição - LTC - 2003. 
	Stephen Schach. - Object-Oriented and Classical Software Engineering - Fifth Edition - McGrawHill International Edition, 2002
	Grady Booch, James Rumbaugh e Ivar Jacobson - UML Guia do usuário - Ed. Campus ou User's Guide - Addison Wesley 
",2010.0,2.0,Presencial,
23494,DISCIPLINA,DIM0004,G,METODOS NUMERICOS,DEPARTAMENTO DE INFORMÁTICA E MATEMÁTICA APLICADA,60,30,0,90,0,0,20,False,3.0,,,( ( MAT0058 ) E ( MAT0064 ) E ( DIM0001 ) ) ,,"Sistemas numéricos e erros. Teorema fundamental. Solução de
equações não lineares. Métodos de iteração. Interpolação. Cálculo
das Diferenças Finitas. Polinômios Interpolares. Derivação e
integração numérica. Matrizes e sistemas lineares. Aplicações
numéricas ao computador.",,,,,,,,Presencial,
23473,DISCIPLINA,DIM0043,G,INTRODUCAO A PESQUISA OPERACIONAL,DEPARTAMENTO DE INFORMÁTICA E MATEMÁTICA APLICADA,60,30,0,90,0,0,20,False,3.0,,( CEA0093 ) ,( ( MAT0008 OU MAT0056 ) E ( EST0005 OU EST0202 OU EST0033 ) ) ,,"Evolução de pesquisa operacional. Noções de programação linear,
programação não linear, sistemas de modelos de estoque, teoria das
filas, PERT-CPM.",,,,,,,,Presencial,
23469,DISCIPLINA,DIM0343,G,INTRODUCAO A OTIMIZACAO,DEPARTAMENTO DE INFORMÁTICA E MATEMÁTICA APLICADA,60,0,0,60,0,0,20,False,3.0,,( DIM0305 ) OU ( DCA0115 ) ,( ( MAT0005 OU MAT0312 ) ) ,,"Contextualizando a otimização com a cronologia dos seus principais
eventos. Razões que levam a uma segmentação dos problemas de
otimização com a consequente classificação dos mesmos.
Modelagem para os problemas: linear, inteiro e não-linear. Descrição
dos métodos: simplex, branch-and-bound, direção de descida,
simulated annealing e genético.
",,,,,,,,Presencial,
23463,DISCIPLINA,DIM0044,G,CALCULO NUMERICO E DIFERENCIAIS FINITAS,DEPARTAMENTO DE INFORMÁTICA E MATEMÁTICA APLICADA,45,45,0,90,0,0,20,False,3.0,,,( ( MAT0004 ) E ( MAT0007 ) E ( DIM0038 ) ) ,,"Sistemas numéricos e erros. Sistemas lineares. Equações algébricas
e transcendentes. Sistemas não-lineares. Cálculo de diferenças
finitas. Interpolação. Ajuste de curvas. Integração numérica.
Aplicações numéricas ao computador em uma linguagem.",,,,,,,,Presencial,
23455,DISCIPLINA,DIM0041,G,NOCOES DE CALCULO NUMERICO E COMPUTACAO AUTOMATICA,DEPARTAMENTO DE INFORMÁTICA E MATEMÁTICA APLICADA,45,15,0,60,0,0,20,False,3.0,,( DIM0040 ) ,( ( MAT0002 OU MAT0059 OU ( MAT0056 E MAT0058 ) ) ) ,,"Computadores digitais. Representação da Informação. Sistemas
Operacionais. Algorítmo. Estudo de uma Linguagem. Técnicas de
Programação. Sistemas Numéricos e Erros. Equações Algébricas e
Transcedentes. Aplicações Numéricas ao Computador.",,,,,,,,Presencial,
22758,DISCIPLINA,DIM0080,G,TEORIA DA DECISAO,DEPARTAMENTO DE INFORMÁTICA E MATEMÁTICA APLICADA,60,0,0,60,60,0,20,False,3.0,,,( ( EST0202 ) ) ,,,,,,,,,,Presencial,
22757,DISCIPLINA,DIM0071,G,AVALIACAO DE DESEMPENHO,DEPARTAMENTO DE INFORMÁTICA E MATEMÁTICA APLICADA,60,0,0,60,0,0,20,False,3.0,,,( ( EST0202 ) ) ,,"Técnicas de avaliação. Medição e ferramentas. Projeto experimental
de medição. Análise e interpretação dos resultados. Simulação e seus
modelos. Calibração e validação do modelo analítico. Caracterização
da carga de trabalho.",,,,,,,,Presencial,
23493,DISCIPLINA,DIM0006,G,PESQUISA OPERACIONAL,DEPARTAMENTO DE INFORMÁTICA E MATEMÁTICA APLICADA,30,30,0,60,0,0,20,False,3.0,,( DIM0088 OU DIM0305 ) ,( ( MAT0058 ) E ( MAT0064 ) ) ,,"Conceito de P.O. Discussão de vários problemas de P.O. e métodos
de resolução. Formulação de modelos de programação linear,
programação não linear, programação dinâmica, grafos e outros.",,,,,,,,Presencial,
21778,DISCIPLINA,DIM0429,G,ALGORITMOS E ESTRUTURAS DE DADOS II,DEPARTAMENTO DE INFORMÁTICA E MATEMÁTICA APLICADA,60,0,0,60,60,0,20,False,3.0,"Avaliação
Conforme padrão da UFRN, os alunos terão três avaliações.

Cada avaliação será composta de um trabalho e uma prova. O trabalho valerá 40% do grau e a prova 60%.
",( DIM0013 ) OU ( DIM0328 ) OU ( DIM0111 ) ,( ( DIM0427 OU DIM0326 ) E ( DIM0426 OU DIM0327 ) ) ,,Árvores. Árvores binárias de busca. Árvores binárias balanceadas. Listas de prioridades.  Árvores B. Árvores digitais. Estruturas auto-ajustáveis. Noções de grafos. Busca em largura e profundidade. Árvore geradora mínima. Caminho mais curto,,"Objetivos
- Capacitar o aluno no desenvolvimento de algoritmos que utilizem as estruturas de dados Árvores, algoritmos de compactação de dados e algoritmos de casamento de cadeias
-Capacitar o aluno a utilizar modelos em grafos para representar problemas reais.
-Capacitar o aluno a desenvolver algoritmos que solucionem problemas modelados como problemas em grafos.
","Programa

Árvore Binária de Busca
Árvores AVL
Árvores Graduadas e Rubro-Negras
Árvores B
Árvore Digital
Árvore Patrícia
Compactação de Dados e Algoritmo de Huffman
Problema do Casamento de Cadeias
Conceitos básicos em Teoria do Grafos
Representação de Grafos, Árvores, Conectividade, Planaridade
Caminhos e Ciclos, Grafos Direcionados
Algoritmos de Busca em Grafos
Componentes Fortemente Conexos
Algoritmo Guloso, Árvore Geradora Mínima
Problemas de Caminho Mais Curto
O Problema do Fluxo Máximo
Problemas de Emparelhamento

","Competências e Habilidades
Ao final da disciplina o aluno deverá estar capacitado a:
- desenvolver algoritmos que utilizem as estruturas de dados e técnicas apresentadas na disciplina;
- modelar problemas reais como problemas em grafos;
- desenvolver algoritmos para solucionar problemas reais modelados como problemas em grafos.

As seguintes habilidades deverão ser desenvolvidas durante o curso da disciplina:
- Abstração
- Análise, modelagem e solução de problemas 

","Bibliografia

P. O. Boaventura Neto, 2006, Grafos: Teoria, Modelos, Algoritmos - 4ª Edição, Editora Edgard Blucher.

T. H. Cormen, C. E. Leiserson, R. L. Rivest, e C. Stein, 2002, Algoritmos Teoria e Prática, Editora Campus.

B. Preiss, 2001, Estruturas de Dados e Algoritmos, Editora Campus.

J. L. Szwarcfiter, 1984, Grafos e Algoritmos Computacionais, Editora Campus.

J. L. Swarcfiter e L. Markenzon, 1994, Estruturas de Dados e Seus Algoritmos, LTC Editora.



objetivos, conteudo (programa), competencias e habilidades
 (alguem sabe
o que que e isto?),metodologia, avaliacao e bibliografia.

",2009.0,1.0,Presencial,
21727,DISCIPLINA,DIM0062,G,PROJETO DE COMPILADORES,DEPARTAMENTO DE INFORMÁTICA E MATEMÁTICA APLICADA,60,0,0,60,60,0,20,False,3.0,,,( ( DIM0057 ) ) ,,,,,,,,,,Presencial,
21777,DISCIPLINA,DIM0427,G,ALGORITMOS E ESTRUTURAS DE DADOS I,DEPARTAMENTO DE INFORMÁTICA E MATEMÁTICA APLICADA,60,0,0,60,60,0,20,False,3.0,avaliacao - padrão da UFRN ,( DIM0052 ) OU ( DIM0326 ) OU ( DIM0110 ) ,( ( DIM0425 OU DIM0324 ) E ( DIM0424 OU DIM0325 ) ) ,( DIM0426 ) ,"Introdução a análise de complexidade de algoritmos: notações O, Q e W. Recorrência. Técnicas de projeto de algortimos eficientes. (Divisão e Conquista e Programação Dinâmica). Estruturas lineares: listas, pilhas, filas. Algoritmos de busca e ordenação em estruturas lineares.  Ponteiros. Alocação dinâmica de memória. Encadeamento em listas e em  tabelas. Tabelas de dispersão. Árvores. Árvores binárias de busca. Listas de prioridades.",,"objetivos - 
Introdução à análise de complexidade de algoritmos: notações O, &#937; e &#920;. 
Técnicas de projeto de algoritmos eficientes. Estruturas lineares: listas, 
pilhas e filas. Algoritmos de busca e ordenação em estruturas lineares. 
Ponteiros. Alocação dinâmica de memória. Encadeamento em listas e em tabelas. 
Tabelas de dispersão. 
","conteudo (programa) - 

Análise de complexidade de algoritmos 

  1. Conceitos 
  2. Notações O, &#937; e &#920; 
  3. Pior caso, melhor caso, caso médio 
  4.  Algoritmos ótimos 

# Tipos de Dados 

  1. Primitivos, Estáticos e Dinâmicos 

# Estruturas Lineares (Listas Lineares) 

  1. Definição 
  2. Pilhas, Filas e Deques 
  3. Representação física: alocação sequencial 
        1. Listas Lineares em geral 
        2. Pilha 
        3. Fila 
        4. Deque 
  4. Representação fíisica: alocação encadeada 
        1. LED: Lista de Espaço Disponível 
        2. Lista simplesmente encadeada 
              1. Lista Linear em geral 
              2. Pilha 
              3. Fila 
        3. Listas circulares simplesmente encadeadas 
        4. Listas duplamente encadeadas 
              1. Lista Linear geral 
              2. Deque 
  5. Combinação de Listas 
  6. Aplicação: ordenação topológica 

# Análise da complexidade de algoritmos em lista 

  1. Análise da complexidade da busca linear 
  2. Análise da complexidade da busca binária 
  3. Comparação entre a busca linear e a binária 

# Algoritmos de Ordenação em estruturas lineares 

  1. Ordenação por inserção 
  2. Ordenação por seleção 
  3. Ordenação por troca 
  4. Ordenação por distribuição 
  5. Quick Sort 
  6. Outros Métodos 
  7. Comparação dos métodos e análise da complexidade 

# Tabelas de Dispersão (Hashing) 

  1. Princípio de funcionamento 
  2. Funções de Dispersão 
  3. Tratamento das colisões por encadeamento 
        1. Encadeamento exterior 
        2. Encadeamento interior 
  4. Tratamento das colisões por endereçamento aberto 
        1. Tentativa linear 
        2. Tentativa quadrática 
        3. Dispersão dupla 
  5. Tabela de Dimensão Dinâmica 

# Árvores 

  1. Conceitos Básicos 
  2. Árvores Binárias 
  3. Árvores Binárias de busca 
","competencias e habilidades - uma das abaixo 
formação básica em Ciência da Computação ","bibliografia - 

   * Deitel, M. D. e Deitel, P., C++: Como Programar, 3ª edição, Bookman, 
     2001. 
   * Weiss, Mark A., Data Structures and Algorithm Analysis in C++, 3rd edtion, 
     Assison Wesley-Pearson, 2006. 
   * Szwarcfiter, Jayme Luis e Markenzon, Lilian. Estruturas de Dados e Seus 
Algoritmos, Segunda Edição Revista, Rio de Janeiro, Ed. Livros Técnicos e 
Científicos, 1994. 
   * Wirth, Niklaus. Algoritmos e Estruturas de Dados, Prentice Hall. 
   * Knuth, Donald E. The Art of Computer Programming, Vol.3: Searching and 
Sorting, Segunda edição, Addison-Wesley, 1998. 
   * Sedgewick, Robert, Algorithms in C, Parts 1-4, 3rd edition, Addison Wesley, 
     2005. 
",2008.0,2.0,Presencial,
21744,DISCIPLINA,DIM0105,G,TECNICAS DE PROGRAMACAO,DEPARTAMENTO DE INFORMÁTICA E MATEMÁTICA APLICADA,60,30,0,90,0,0,20,False,3.0,,( DIM0320 E DIM0321 ) ,( ( DIM0103 ) ) ,,"Definição de algorítmo. Técnicas de programação estruturada. Construção de
algorítmos utilizando a representação em pseudocódigo e noções de estrutura
de dados. Introdução à complexidade algorítmica através de algorítmos
básicos. Estudo de uma linguagem de alto nível. Técnicas de subprogramação.
Noções de programação orientada a objetos. Aplicações.
",,,,,,,,Presencial,
21742,DISCIPLINA,DIM0027,G,SISTEMAS GERENCIADORES DE BANCO DE DADOS,DEPARTAMENTO DE INFORMÁTICA E MATEMÁTICA APLICADA,30,30,0,60,0,0,20,False,3.0,,,( ( DIM0089 OU DIM0014 ) ) ,,"Ultilização dos sistemas de gerência de banco de dados. Conceituação do
sistema de gerência de banco de dados. Análise de sistemas de ger~encia de
banco de dados mais mais utilizados no Brasil. Estudo de técnicas de
inplementação de sistemas de gerenciamento de banco de dados.
",,,,,,,,Presencial,
21739,DISCIPLINA,DIM0081,G,PROGRAMACAO DINAMICA,DEPARTAMENTO DE INFORMÁTICA E MATEMÁTICA APLICADA,60,0,0,60,60,0,20,False,3.0,,,( ( DIM0088 ) ) ,,,,,,,,,,Presencial,
21747,DISCIPLINA,DIM0104,G,SOFTWARES APLICATIVOS,DEPARTAMENTO DE INFORMÁTICA E MATEMÁTICA APLICADA,15,45,0,60,0,0,20,False,3.0,,( DIM0009 ) OU ( ADM0312 ) OU ( TUR0103 ) ,( DIM0103 OU DIM0002 OU ADM0502 OU DIM0039 ) ,,"Conceituação, métodos, técnicas e processos. Gênese, classificação, características e conservação dos solos. Importância da Pedologia no estudo estratigráfico do Quaternário.",,"Objetivos: Fornecer conceituação e aplicação prática de softwares diversos, em específico os softwares aplicativos, tais como: processadores de texto, planilhas eletrônicas, sistemas gerenciadores de banco de dados, ...)

","CONTEÚDO PROGRAMÁTICO

1. 	Visão Geral de Sistema de Computação
1.1. 	Noções gerais (Hardware/Software)
1.2. 	Tipos de Software (Sistema Operacional, Linguagens, Aplicativos)
2. 	Sistema Operacional
2.1. 	Noções gerais de MS-DOS
3. 	Ambiente Operacional
3.1. 	Conceituação
3.2. 	Noções gerais de Windows.
4. 	Processadores de Texto
4.1. 	Conceituação
4.2. 	Microsoft Word 
	Noções básicas
	Formatação de Textos
	Desenhos/Figuras
	Tabelas
	Texto Multicolunado
	Assistentes
	Mala Direta
5. 	Planilhas Eletrônicas
5.1. 	Conceituação
5.2. 	Microsoft Excel 
	Noções básicas
	Uso de funções
	Geração de gráficos
6. 	Gerenciadores de Banco de Dados
6.1. 	Conceituação
6.2. 	Noções básicas de Microsoft Access 
7. 	Ambiente de Apresentação
7.1. 	Conceituação
7.2. 	Noções básicas de Microsoft Powerpoint

",,,2021.0,2.0,Presencial,
21740,DISCIPLINA,DIM0086,G,PROGRAMACAO NAO LINEAR I,DEPARTAMENTO DE INFORMÁTICA E MATEMÁTICA APLICADA,60,0,0,60,0,0,20,False,3.0,,,( ( DIM0088 OU DIM0305 ) E ( MAT0059 OU MAT0314 OU MAT0229 ) ) ,,"Convexidade. Programação não-linear sem restrições. Busca unidirecional.
Métodos tipo gradiente. Gradientes conjugados. Newton e quase-Newton.
Problemas quadráticos. Mínimos quadrados.",,,,,,,,Presencial,
21741,DISCIPLINA,DIM0313,G,TRABALHO DE GRADUACAO,DEPARTAMENTO DE INFORMÁTICA E MATEMÁTICA APLICADA,30,0,90,120,120,0,20,False,3.0,,,( ( DIM0089 ) ) ,,,,,,,,,,Presencial,
21750,DISCIPLINA,DIM0085,G,PROGRAMACAO INTEIRA,DEPARTAMENTO DE INFORMÁTICA E MATEMÁTICA APLICADA,60,0,0,60,0,0,20,False,3.0,,,( ( DIM0305 OU DIM0088 ) ) ,,"Modelagem matemática para problemas de programação inteira. O método de
Dantzing-Wolf. Técnicas de planos de cortes. Técnicas de branch-and-bound.
Técnicas de enumeração implícita. Abordagem heurística. Aplicações aos
clássicos problemas de programação inteira.",,,,,,,,Presencial,
21751,DISCIPLINA,DIM0307,G,COMPILADORES II,DEPARTAMENTO DE INFORMÁTICA E MATEMÁTICA APLICADA,30,30,0,60,0,0,20,False,3.0,,( DIM0062 ) ,( ( DIM0306 ) ) ,,"Organização de um compilador típico. Geradores automáticos de
compiladores. Autômatos finitos e geradores de analisadores lexicoso.
Geradores de parsers. Análise, concepção e implementação de um
compilador para uma linguagem estilo Pascal.",,,,,,,,Presencial,
21752,DISCIPLINA,DIM0335,G,APLIC.DE GRAFOS A EXPLOR.E DISTRIB.DO PETROLEO,DEPARTAMENTO DE INFORMÁTICA E MATEMÁTICA APLICADA,60,0,0,60,60,0,20,False,3.0,"Avaliação
Conforme padrão da UFRN, os alunos terão três avaliações.

Cada uma das duas primeiras avaliações será composta de um trabalho e uma prova. O trabalho valerá 50% do grau e a prova 50%.

A terceira avaliação será um trabalho individual que modele um problema real do Setor Petróleo e Gás como um problema em grafo e o solucione através de uma algoritmo computacional.

",,( DIM0429 OU DIM0328 OU DIM0315 OU DIM0013 OU DIM0111 OU DIM0117 OU IMD0039 ) ,,X,,"Objetivos
-Capacitar o aluno a utilizar modelos em grafos para representar problemas reais do setor Petróleo e Gás.
-Capacitar o aluno a desenvolver algoritmos que solucionem problemas modelados como problemas em grafos.
","Programa

Conceitos básicos em Teoria do Grafos
Representação de Grafos, Árvores, Conectividade, Planaridade
Ciclos Hamiltonianos e Eulerianos, Grafos Direcionados
Algoritmos de Busca em Grafos e Componentes Fortemente Conexos
Algoritmo Guloso, Árvore Geradora Mínima
Problemas de Caminho Mais Curto
Coloração e Problema do Número Cromático
O Problema do Fluxo Máximo
Algoritmos para o Problema do Fluxo Máximo
Problemas de Emparelhamento
Algoritmos para o Problema de Emparelhamento
Problemas de Cobertura e Particionamento em Grafos
Problemas de Roteamento
Introdução às Metaheurísticas, Busca Local, VNS
Multi-start, Grasp, Path-relinking, Busca Tabu
Algoritmos Evolucionários
Colônias de Formigas, Nuvens de Partículas
Análise Experimental de Algoritmos
Problemas de Alocação de Tarefas
Problema do Itinerário da Unidade Móvel de Pistoneio
Problema de Sondas de Produção Terrestre
Problemas de Configuração de Redes de Distribuição de Gás
Problema do Dimensionamento de Dutos em Redes de Distribuição de Gás
Problema de Localização de Poços
Problema da Distribuição de Produtos de Petróleo por Gasodutos
Problema do Gas-lift
","Competências e Habilidades
Ao final da disciplina o aluno deverá estar capacitado a:
- modelar problemas reais do Setor Petróleo e Gás como problemas em grafos;
- desenvolver algoritmos para solucionar problemas reais modelados como problemas em grafos.

As seguintes habilidades deverão ser desenvolvidas durante o curso da disciplina:
- Abstração
- Análise, modelagem e solução de problemas através de algoritmos. 


","Bibliografia

P. O. Boaventura Neto, 2006, Grafos: Teoria, Modelos, Algoritmos - 4ª Edição, Editora Edgard Blucher.

E. Camponogara e P. H.R. Nakashima, 2006, Solving a gas-lift optimization problem
by Dynamic Programming, European Journal of Operational Research 174, 12201246.

H. M. Duarte, 2006, Um Estudo Algorítmico de Problemas Logísticos na Indústria do Petróleo, Dissertação de Mestrado, Programa de Pós-graduação em Sistemas e Computação, UFRN.

F. Glover e G. A. Kochenberger, 2003, Handbook of Metaheuristics, Springer

M. C.  Goldbarg e H. P. L. Luna, 2005. Otimização Combinatória e Programação Linear: Modelos e Algoritmos. Editora Campus.

F. D. de Medeiros Neto, 2004, Abordagem Evolucionária para Problemas da Cogeração e do Roteamento da Unidade Móvel do Pistoneio, Dissertação de Mestrado, Programa de Pós-graduação em Sistemas e Computação, UFRN.

C. Schmidt, 2007, Uma Abordagem através de Algoritmos Transgenéticos para o Problema da Configuração do Traçado de uma Rede de Distribuição de Gás Natural, Dissertação de Mestrado, Programa de Pós-graduação em Sistemas e Computação, UFRN.

",2009.0,1.0,Presencial,
21755,DISCIPLINA,DIM0341,G,MODELAGEM E ESPECIFICACAO DE SOFTWARE,DEPARTAMENTO DE INFORMÁTICA E MATEMÁTICA APLICADA,60,0,0,60,0,0,20,False,3.0,,( DIM0060 ) OU ( DIM0423 ) ,( ( DIM0322 ) ) ,,"Definições (Arquitetura de Software, Componente, Desenvolvimento
baseado com Componentes, Modelos de Componentes) . Elementos
básicos de AS. Definição de Linguagens de Descrição Arquitetural.
Estilos Arquiteturais. Visões Arquiteturais. Propostas de Padronização
de Modelagem (UML, ACME, MDA ). Modelos de Componentes
(Aspectos Gerais, CORBA: Arquitetura, Serviços e CCM, EJB).",,,,,,,,Presencial,
21756,DISCIPLINA,DIM0308,G,QUALIDADE EM SOFTAWARE,DEPARTAMENTO DE INFORMÁTICA E MATEMÁTICA APLICADA,30,30,0,60,0,0,20,False,3.0,A disciplina comportará três avaliações e uma quarta prova para os que não alcançarem a média necessária a aprovação na primeira etapa. A primeira avaliação será escrita e abordando os fundamentos teóricos da matéria. A segunda avaliação será também escrita e abordará os modelos de processo de software. A terceira avaliação será constituída de um seminário sobre um modelo da escolha do aluno abordando a gestão do processo de software.  A avaliação final será escrita versando sobre toda a matéria do curso.,,( ( DIM0322 ) OU ( DIM0060 ) ) ,,"Histórico da evolução da qualidade. Conceitos fundamentais. Planejamento
estratégico da qualidade. Ferramentas da qualidade. O Quality Function
Deployment. O processo de levantamento de requisitos. As métricas do
processo de desenvolvimento. O processo de garantia da qualidade no
desenvolvimento de software. Modelos multidimensionais. Aplicações.",,"&#61692; Proporcionar aos alunos um contato estruturado com o estado da arte na área dos modelos da Qualidade Total, de modo a que seus fundamentos possam ser compreendidos.

&#61692; Debater a aplicação dos conceitos desses modelos ao contexto de serviços e, principalmente, ao projeto de sistemas e desenvolvimento de software, despertando a competência para analisar e selecionar um modelo de qualidade de software. 

&#61692; Criar embasamento teórico para suportar o projeto de processos eficientes de software, em conformidade com a capacidade e características organizacionais, bem como pela demanda do cliente. 

&#61692; Criar incentivos à motivação dos alunos no sentido da pesquisa de temas em qualidade de software utilizando os recursos da internet com a descoberta de modelos não explicitamente abordados em sala como os modelos da família RUP, Extreme Programming (XP), SCRUM, DSDM, EVO, PMBOK, SWBOK, etc. Ou ainda para desenvolver laços de associação a grupos voluntários como o SPIN, para a qualidade de software.
","Aula 01  Históricos dos modelos de Qualidade  Primeira Onda.. 
Aula 02  Históricos dos modelos de Qualidade  Segunda Onda. 
Aula 03  Históricos dos modelos de Qualidade  Terceira Onda.. 
Aula 04  As aplicações do modelo 4Q para a promoção da qualidade. O conceito de Qualidade em Software.   
Aula 05  Dificuldades de aplicação prática do conceito de Qualidade de Software.
Aula 06  Qualidade de Produto de software  conceito e enquadramento dentro do modelo geral da qualidade total. 
Aula 07  Exemplos das características necessárias para os Modelos de Produto de Software.
Aula 08  O modelo de Normalização ISO 9000. 
Aula 09  Aplicação das ISO 9000 ao desenvolvimento de Software
Aula 10  Primeiro Exame
Aula 11  Estudos dos modelos de Qualidade de Produto de Software: Conceito de mensuração de requisitos  métrica. Modelos de métrica de processo: Modelo de Rayleigh, COCOMO, SOFTCOST
Aula 12  Modelos de métrica de processo: SPQR, COPMO, ESTIMACS, Confiabilidade.
Aula 13  Estudos dos modelos de Qualidade de Produto de Software: Modelo de MacCall.
Aula 14  Modelo de Boehm, Modelo de McConnel, Modelo de Gibb.
Aula 15  Modelo de Dromey
Aula 16  Qualidade de Processo de Software: Meta modelo de Wung. Introdução ao CMM.
Aula 17: Modelo SW-CMM
Aula 18: Modelo CMMI
Aula 19: Modelo TSP e PSP
Aula 20: Segundo exame
Aula 21: Quality Improvement Paradigm (QIP)
Aula 22: Modelo SPICE  - ISO/IEC 15504
Aula 23: Modelo SPICE
Aula 24: Modelos de Gestão de Software: Conceitos básicos. Introdução ao Modelo Trillium.
Aula 25: Modelo Trillium
Aula 26: Modelos de Gestão  PNQ e IDEAL. Abordagem GOAL/Question/Metric (GQM)
Aula 27: Outros Modelos de Prêmios / Malcon Bridge. Correlação com a ISO 9000.
Aula 28: Modelo EFQM-SPICE.  
Aula 29: Seminário dos alunos
Aula 30: Seminário dos alunos
Aula 31: Recuperação
Aula 32: Recuperação
Aula 33: Quarta prova
","&#61692; Desenvolver competências para analisar e selecionar um modelo de qualidade de software. 
&#61692; Desenvolver competência para assimilar novos modelos de qualidade, bem como eventuais reformulações que ocorram nos modelos clássicos.
&#61692; Desenvolver competências para orientar eventuais iniciativas organizacionais para a implementação de modelos de qualidade da família ISO, CMMI ou SPICE.
&#61692; Desenvolver habilidades para atuar como um agente motivador e apoiador de iniciativas voltadas à promoção da qualidade de software no contexto organizacional. 

","[01] Weinberg, G. M. Software com Qualidade: Pensando e idealizando sistemas, 1994, Makron Books
[02] Weinberg, G. M. Software com Qualidade: Medidas de primeira ordem, Makron Books
[03] Dromey, R. G. (1994), A Model for Software Product Quality, Griffith University, Austrália
[04] Dromey, R. G. (1998), Software Product Quality: Theory, Models and Pratice, Griffith University, Austrália 
[05] NBR ISO/IEC 9126
[06] Garvin, D. A., (1988), Gerenciando a Qualidade, Qualitymark Editora, Rio de Janeiro.
[07] Goldbarg, M. C. (2000), Qualidade Substantiva, BookMark editora, São Paulo.  
[08] Goldbarg, M. C. (1997), Qualidade em Sistemas, EINE'97, 73-100.
[09] Goldbarg, M. C. (2002), Qualidade em Software, Notas de Aula.  
[10] Gillies, A. C., (1992), Software Quality: Theory and Management, Chapman & Hall.
[11] TRILLIUN MODEL - Versão atualizada.
[12] SPICE MODEL - Versão atualizada. 
[13] PNQ - Critérios de 2007. 


Tópicos disponíveis para leitura de apoio:

Kautz, K.  & Ramzan, F. (2001). Software Quality Management andSoftware Process Improvement in DenmarkProceedings of the 34th Hawaii International Conference on System Sciences. 
Shaw, R. A., & and Green_eld, P. (1997). Experience with a Software Quality Process, Astronomical Data Analysis Software and Systems VI ASP Conference Series, Vol. 125.Gareth Hunt and H. E. Payne, e
Kan, S. H., Basili, V. R., & Shapiro, L. N. (1994). Quality Software: An Overview.
Arygris, C. e D. Schon., (1978). ""Organizational Learning: A Theory of Action Perspective"", Addison-Wesley. 
Balley, M., Bragar, G., Cormaci, a., Murray C. anda C. Paranteau, (1993), Recipes for Disaster, Quality Progress, January, 55-58
Bion, W, R., (1959), Experiences in Groups, Basic Books: New York
Bonilla, J. A., (1995), Resposta à Crise: Qualidade Total e Autênctica em Bens e Serviços, Makron Books, São Paulo 
Bond, T. H. e R. V. Sweeney., (1993). ""That's a Fine Strategy - Now Go Implement"", ASQC Quality Congress Transaction - Boston, 244-252
BS7850, ""Total Quality Management. Part 1: Guide to Management Principles"".
Charness, M. P., (1992), ""Transition to Total Quality - A Case Study"", ASQC Quality Congress Transaction - Nashville, 258-264.
Davis, T. R. V., (1992), Balbridge winners link quality, strategy, and financial managemets, Planning Review, Oxford, V 20, n 6, 36-40. 
De Souza, S. P. N., (1997), Os Programas da Qualidade e as Mudanças na Vida do Trabalhador, Tese de Doutorado, Universidade de São Paulo, São Paulo, SP. 
Deming, W.E., (1990). ""Qualidade: A Revolução da Administração"", Editora Marques-Saraiva.
Deming, W. E., (1986), ""Out of the crisis"", Cambridge, Mass: Mit.
Drucker, P. F, (1993), Sociedade Pós-Capitalista, Editora Pioneira, São Paulo
Ishikawa, K., (1985), What is total quality control ? The Japanese way, Englewood Cliffs, Prentice Hall.
Fellers, K. G., (1995), Integrated QA Systems: Marrying Core QA Systems and TQM Philosophies, ASQC 49th Annual Quality Congress Proceedings, 597-600.
Freedman, D, H, (1992), Is Management Still a Science ?, Harvard Busines Review, November-December, 26-38
Gill, J. e S. Whittle, (1993), Management by panacea: accounting for transience, Journal of Management Studies, Oxford, Vol 30, No 2, 281-295.
Hammer, M. e J. Champy., (1993), Reengenharia: revolucionando a empresa em função dos clientes, da concorrência e das grandes mudanças da gerência, Editora Campus: Rio de janeiro
Harari, O., (1993), Ten reasons why TQM doesnt work, Management Review, Vol 82, n 1, 33-38.
Hart, C e C, Bogan, (1994), Balbridge: o que é o prêmio Balbridge e o que representa para as empresas, Makron Books, São Paulo. 
Hillman, G. P., (1994), Partnering in Practice, ASQC 48th Annual Quality Congress Proceedings, 471-478
Kast F. E. e J. E. Rosenzweig, (1973), Contingency views of organizations and management, Science Research Associates, Chicago. 
Katz, D e R. L. Kahn, (1966), The social psychology of organizations, John Wiley & Sons, Inc.
Kern, J. P., (1993), Toward Total Quality Marketing, Quality Progress, Janeiro, 39-42.
Johnson, R. S., (1993). ""TQM: Leadership for the Quality Transformation, Part 1"", Quality Progress, (Janeiro), 73 - 75.
Judd D. K., (1995), The Psychology of Quality, ASQC 48th Annual Quality Congress Proceedings, 134-139
Juran, J. M., Planning for Quality, Juran Institute Inc, Wilton, CT, USA. 
La Metttrie, J. O., (1960),  Lhomme machine , Princepton University Press
Lam, K. D., Watson, F. D, e S. R. Schmidt, (1991), ""Total Quality"", Air Academy Press, Colorado Springs, Co.
Leighton, R., (1993). ""Restructuring for Quality Management"", ASQC Quality Congress Transaction - Boston, 64-70.
Nieisel P., (1992). ""Is Management Still a Science ?"", Harvard Business Review, (Nov-Dec), 26-38.
Parson, T., (1951), The Social System, Glencoe, Free Press.
Porter, M. (1990), The Competitive Advantage of Nations, New York: Free, 885.
Sharman, G., (1992), When Quality Control Gets in the Way of  Quality, Wall Street Journal, 24 de fevereiro. 
Shumacher, E. F., (1977), O Negócio é ser Pequeno, Zahar, Rio de Janeiro. 
Stocker, G. D., (1993), How to Turn Concepts Into Action, Quality Progress, January, 45-48.
Suntherland, J. W., (1975), Systems Analisys, Administration and Architecture, Van Nostrand Reinhold Company, New York, EUA. 
Quick, T. L., (1988), ""Power, Influence, and Your Effectiveness in Human Resources"", Addison-Wesley 
Tichy,  N.,  (1982), ""Strategic Change Management"", Wiley, New York.
Weber, M., (1982), Ensaios de Sociologia, Rio de janeiro, ed Guanabara.
Winder, R. E., (1994), Fulfilling Qualitys Five Dimensions, 47th Annual Quality Congress Transactions, 24-26. 
Simon, H. A., (1962), The Architecture of Complexity, Proceedings of the American Philosophical Society, 106: 467-482.

",2008.0,2.0,Presencial,
21757,DISCIPLINA,DIM0349,G,ENGENHARIA DE REQUISITOS E DESIGN DE SOFTWARE,DEPARTAMENTO DE INFORMÁTICA E MATEMÁTICA APLICADA,60,0,0,60,0,0,20,False,3.0,,,( ( DIM0322 OU DIM0050 OU DIM0060 ) ) ,,"Engenharia de Requisitos. Levantamento de Requisitos. Análise de
Requisitos. Especificação de Requisitos. Gerenciamento de
Requisitos. Design de Interfaces.",,,,,,,,Presencial,
21758,DISCIPLINA,DIM0352,G,INTERACAO HUMANO-COMPUTADOR,DEPARTAMENTO DE INFORMÁTICA E MATEMÁTICA APLICADA,45,0,0,45,45,0,20,False,3.0,,( DIM0443 ) ,( ( DIM0322 OU DIM0060 ) ) ,,X,,,,,,,,Presencial,
21759,DISCIPLINA,DIM0439,G,TEORIA DA COMPUTACAO,DEPARTAMENTO DE INFORMÁTICA E MATEMÁTICA APLICADA,60,0,0,60,0,0,20,False,3.0,,( DIM0049 ) OU ( DIM0606 ) ,( ( DIM0323 ) OU ( DIM0422 ) OU ( MAT0227 ) OU ( DCA0100 ) OU ( DIM0450 ) ) ,,Objetivos. Histórico. Computabilidade. Tese de Church. Hierarquia de Chomski: Linguagem; Gramáticas; Autômatos. Máqui-na de Turing. Decibilidade.,,"Objetivos. Histórico. Computabilidade. Tese de Church. Hierarquia de 
Chomski: Linguagem; Gramáticas; Autômatos. Máquina de Turing. 
Decibilidade. 
","I UNIDADE
1. Introdução:
 Objetivos
 Motivação
 História
 Metodologia
2. Linguagens
 Linguagens formais vs Linguagens naturais
 Operações entre linguagens
3. Autômatos Finitos
 Autômatos finitos determinísticos (afd)
 Linguagens e afd´s
 Linguagens regulares
 Autômatos finitos não determinísticos (afn)
 Equivalência entre afd´s e afn´s
 Algoritmo da minimização de estados
4. Expressões Regulares
 Expressões regulares: Sintaxe e semântica
 Equivalência entre expressões regulares e autômatos finitos
5. Gramáticas Regulares
 Gramáticas lineares, lineares à direita, lineares à esquerda e regulares
 Equivalência entre Gramáticas regulares e autômatos finitos
6. Propriedades das Linguagens Regulares
 Propriedades de fecho
 Algoritmos
 Lema do bombeamento para linguagens regulares

II UNIDADE
7. Gramáticas Livres de Contexto
 Gramáticas livres de contexto (GLC)
 Linguagens livres de contexto
 Árvores de derivação
 Ambiguidades
 Análises de pesquisa exaustiva
 Transformando GLC
 Formas normais de Chomsky e Greibach
8. Autômatos com Pilha
 Autômatos com pilha determinísticos
 Autômatos com pilha não-determinísticos (apn)
 Linguagens aceitas por apn´s
 Equivalência entre apn´s e GLC´s
9. Propriedades das Linguagens Livres de Contexto
 Propriedades de fecho
 Algoritmos
 Lema do bombeamento para linguagens livres de contexto

III UNIDADE
10. Máquinas de Turing
 Máquina de Turing (MT) como reconhecedoras de linguagens
 Linguagens recursivas e recursivas enumeráveis
 Linguagens não recursivamente enumeráveis
 Gramáticas irrestritas
11. Linguagens Sensíveis ao Contexto
 Gramáticas sensíveis ao contexto (GSC)
 Forma normal de GSC
 Hierarquia de Chomsky
12. Computabilidade
 Máquina de Turing como transformadoras de cadeias
 Tese de Church-Turing
 Máquina de Turing universal
 Problemas Indecidíveis - Problema da parada 

OBSERVACAO: Esta disciplina poderá ser ministrada no sistema de Aprendizado Orientado aa Resolucao de Problemas. Até 20% da carga horaria da disciplina poderá ser feita de forma nao presencial, correspondendo esta carga horaria aa resolucao dos problemas propostos para cada equipe.

",,,2020.0,1.0,Presencial,
21760,DISCIPLINA,DIM0330,G,LINGUAGENS FORMAIS,DEPARTAMENTO DE INFORMÁTICA E MATEMÁTICA APLICADA,60,0,0,60,0,0,20,False,3.0,,( DIM0049 ) ,( ( DIM0323 ) OU ( MAT0227 ) ) ,,"Linguagens e gramáticas regulares, livres de contexto, sensíveis ao
contexto e irrestritas. Propriedades de linguagens. Hierarquia de
Chomsky para linguagens. Análise léxica e sintática. Autômatos finitos
e expressões regulares. Autômatos de pilha. Máquina de Turing
reconhecedoras.",,,,,,,,Presencial,
21753,DISCIPLINA,DIM0321,G,LINGUAGENS DE PROGRAMAÇÃO,DEPARTAMENTO DE INFORMÁTICA E MATEMÁTICA APLICADA,45,15,0,60,0,0,20,False,3.0,,( DIM0044 ) OU ( DCA0801 ) OU ( DIM0038 E DIM0045 ) OU ( DCA0803 ) OU ( DIM0105 ) ,( ( DIM0320 E PRO0300 ) OU ( DIM0320 E MAT0350 ) OU ( DIM0329 E MAT0371 ) OU ( DIM0320 E DCA0302 ) OU ( DIM0038 ) OU ( DIM0103 ) OU ( DIM0320 E MAT0371 OU MAT0320 ) OU ( DIM0320 ) ) ,,"ESTUDO PORMENORIZADO DE LINGUAGENS DE ALTO NÍVEL: ESTRUTURAS DE DADOS DE CONTROLE, RECURSOS DE ENTRADA/SAÍDA, GERENCIAMENTO DE MEMÓRIA, INTEGRAÇÃO COM O HARDWARE, CARACTERÍSTICAS ESPECÍFICAS. DESENVOLVIMENTO DE APLICAÇÕES.",,"Prosseguir no desenvolvimento da capacidade de desenvolvimento de software, aumentando a fluência na construção de algoritmos e programas para resolver computacionalmente problemas de complexidade média, utilizando recursos mais complexos disponíveis em uma linguagem de programação, estruturas de dados e bibliotecas.
","1. Resolução/Modelagem de problemas com:

1.a. Conceito, definição e uso de estruturas sequenciais homogêneas unidimensionais (vetores) e multidimensionais (matrizes).

1.b. Funções e subrotinas: conceito, escopo de função, métodos de passagem de parâmetros.

1.c Conceito, definição e uso de estruturas heterogêneas.


2. Strings.

3. Arquivos.

4. Recursão.

5. Arranjos dinâmicos.

6. Bibliotecas de suporte (STL): uso de estruturas de dados, algoritmos etc., aplicado a problemas.

",,,2024.0,2.0,Presencial,
21762,DISCIPLINA,DIM0342,G,ALGORITMOS E ESTRUTURAS DE DADOS III,DEPARTAMENTO DE INFORMÁTICA E MATEMÁTICA APLICADA,30,30,0,60,0,0,20,False,3.0,,( DIM0052 E DIM0301 E DIM0013 E DIM0303 E DIM0315 ) ,( ( DIM0328 OU DIM0429 ) E ( DIM0329 OU DIM0428 ) ) ,,"Máquina virtual simples. Noções de algoritmos, programas e
linguagens de programação. Paradigmas de programação. Sistemas
de tipos. Expressões e instruções. Recursividade. Modularização.
Orientação a objetos. Tipos abstratos de dados.
",,,,,,,,Presencial,
21775,DISCIPLINA,DIM0430,G,LOGICA APLICADA A COMPUTACAO,DEPARTAMENTO DE INFORMÁTICA E MATEMÁTICA APLICADA,60,0,0,60,0,0,20,False,3.0,"Avaliação: 
De 3 a 6 provas abertas, pontuação segundo o padrão da UFRN",( DIM0050 ) OU ( DIM0505 ) ,( DIM0422 ) OU ( MAT0227 ) OU ( DIM0323 ) OU ( DCA0100 ) OU ( DIM0450 ) ,,Lógica proposicional. Lógica de predicados. Introdução à programação em lógica. Introdução a lógicas não clássicas.,,"Objetivos: 
Familiarizar os alunos com a teoria e meta-teoria da lógica clássica 
proposicional e da lógica clássica de primeira ordem (sintaxe, 
semântica, teoria da demonstração, método da resolução), bem como suas 
variadas aplicações em computação. 
","Conteúdo: 
1.     Revisão dos pré-requisitos técnicos. 
2.     O lugar da Lógica na Computação. 
3.     Prolog 
4.     Sintaxe da Lógica Clássica Proposicional (LCP). 
5.     Dedução Natural para LCP. 
6.     Tableaux para LCP. 
7.     Semântica para LCP. 
8.     Meta-propriedades, meta-resultados, relações de consequência 
associados a LCP. 
9.     Aplicações à representação e análise da linguagem natural e argumentações. 
10.     Sintaxe da Lógica Clássica de Primeira Ordem (LCPO). 
11.     Dedução Natural para LCPO. 
12.     Construção heurística de contra-modelos para LCPO. 
13.     Semântica para LCPO. 
14.     Meta-propriedades, meta-resultados, relações de consequência 
associados a LCPO. 
15.     Aplicações à representação e análise de linguagens e teorias formais. 
16.     Formas normais, método de resolução, unificação, aplicações. 
17.     Problemas de decisão. 
","Competências e habilidades: 
Formação básica em Ciência da Computação","Bibliografia: 
B.R.C. Bedregal e B.M. Acióly. Introdução á Lógica Clássica para a 
Ciência da Computação. Notas de aula, versão julho de 2007. 
M. Ben-Ari. Mathematical Logic for Computer Science. Springer, 2001. 
F.M. Dionísio, P. Gouveia e J. Marcos. Lógica Computacional. Notas de 
aula, versão julho de 2006. 
E. Mendelson. Introduction to Mathematical Logic. Chapman & Hall, 4a 
edição, 1997. 
L.A.M. Palazzo. Introdução à Programação Prolog. Educat, 1997. 
F.S.C da Silva, M. Finger e A.C.V. de Melo. Lógica para Computação. 
Thomson Learning, 2007. 
",2010.0,2.0,Presencial,
21774,DISCIPLINA,DIM0408,G,MODELOS E ALGORITMOS EM OTIMIZACAO COMBINATORIA,DEPARTAMENTO DE INFORMÁTICA E MATEMÁTICA APLICADA,60,0,0,60,60,0,20,False,3.0,,,( ( DIM0406 ) ) ,,"Modelos de Otimização e Algoritmos para resolver problemas reais de Projeto de redes, Fluxos em Redes, Projeto de VLSI, Schedule, Roteamento, Localização e Atribuição",,,,,,,,Presencial,
21773,DISCIPLINA,DIM0409,G,MONOGRAFIA DE GRADUACAO,DEPARTAMENTO DE INFORMÁTICA E MATEMÁTICA APLICADA,180,0,0,180,180,0,20,False,3.0,A avaliação da disciplina é feita com base no desenvolvimento do Trabalho de Conclusão de Curso.,( DIM0025 ) ,( ( DIM0405 ) E ( DIM0442 ) E ( DIM0407 ) ) ,,Elaboração e defesa da monografia de graduação.,,Acompanhar o desenvolvimento dos Trabalhos de Conclusão de Curso (TCCs).,"A disciplina consiste em acompanhar os Trabalhos de Conclusão de Curso por meio de reuniões e apresentações periódicas. Portanto, não há conteúdo pre-estabelecido para esta disciplina, pois depende do tema de cada aluno.","Ao final da disciplina, o aluno deverá ter desenvolvido a monografia e realizado os experimentos necessários à conclusão do curso.","Não há referências pré-definidas para esta disciplina, pois os temas abordados dependem do trabalho de cada aluno.",2010.0,1.0,Presencial,
21772,DISCIPLINA,DIM0435,G,COMPUTACAO GRAFICA,DEPARTAMENTO DE INFORMÁTICA E MATEMÁTICA APLICADA,60,0,0,60,0,0,20,False,3.0,Serão realizadas três provas escritas e três trabalhos práticos e três trabalhos dirigidos. Ao final da disciplina será realizado um seminario onde serão apresentados os trabalhos de programação do semestre.,( DIM0102 ) OU ( DCA0435 ) OU ( DIM0451 ) OU ( DCA0114 ) ,( ( DIM0404 ) E ( MAT0312 ) ) ,,Introdução. Rasterização. Representação e armazenamento de imagens. Sistemas de representação de cores. Transformações geométricas. Projeções. Representação de curvas e superfícies. Visibilidade. Iluminação e sombreamento. Animação,,Conhecer hardwares e softwares empregados na geração de imagens em Computação Gráfica. Avaliar os principais algorítmos de geração de imagens em Computação Gráfica.,"- Introdução
1.1. Aplicações da C.G.
1.2. Hardwares e Softwares específicos para C.G.
2 - Algorítmos gráficos básicos
2.1. Desenho de círculos, retas e elipses
2.2. Preenchimento de figuras
2.3. Estilos de preenchimento e linhas
2.4. Clipping
3 - Transformações geométricas
3.1. Transformações 2D
3.2. Transformações 3D
4 - Visualização em 3D
4.1. Projeções
5 - Representação de curvas e superfícies
5.1. Curvas cúbicas paramétricas
5.2. Superfícies bicúbicas paramétricas
5.3. Superfícies quadráticas
6 - Modelagem de sólidos
6.1. Representações
6.2. Comparação 
6.3. Visualização
7 - Coloração, iluminação e sombreamento
7.1. Reprodução de cores
7.2. Modelos de iluminação
7.3. Sombreamento
7.4. Reflexões
7.5. Ray tracing
7.6. Radiosidade
8 - Animação
8.1. Linguagens de animação
8.2. Controle de animações
8.3. Problemas em animações
","Conhecer o campo de atuação da Computação Gráfica, os dispositivos de impressão, visualização e aquisição. 
","- Computer Graphics: Principles and Practice - Foley, J. van Dam, A., Feiner, S. e Hughes, J. - Addison Wesley.
2 - Principles of Interative Computer Graphics - Newman, W. e Sproull, Robert.

",2009.0,2.0,Presencial,
21761,DISCIPLINA,DIM0328,G,ALGORITMOS E ESTRUTURAS DE DADOS II,DEPARTAMENTO DE INFORMÁTICA E MATEMÁTICA APLICADA,60,0,0,60,0,0,20,False,3.0,,( DIM0052 E DIM0301 E DIM0013 E DIM0303 E DIM0315 ) OU ( DIM0429 ) ,( ( DIM0326 ) ) ,( ( DIM0329 ) ) ,"Árvores. Árvores binárias de busca. Árvores binárias balanceadas.
Listas de prioridades. Árvores B. Árvores digitais. Estruturas autoajustáveis. Noções de grafos. Busca em largura e profundidade.
Árvore geradora mínima. Caminho mais curto.",,,,,,,,Presencial,
21776,DISCIPLINA,DIM0426,G,PRATICA DE ALGORITMOS E ESTRUTURA DE DADOS I,DEPARTAMENTO DE INFORMÁTICA E MATEMÁTICA APLICADA,0,30,0,30,30,0,20,False,3.0,avaliacao - padrão da UFRN ,( DIM0301 ) OU ( DIM0327 ) OU ( DIM0110 ) ,( ( DIM0424 OU DIM0325 ) E ( DIM0425 OU DIM0324 ) ) ,( ( DIM0427 ) OU ( DIM0326 ) ) ,Estudo de uma linguagem de Programação. Prática em Laboratório dos tópicos abordados na disciplina: Algoritmos e Estruturas de Dados I.,,"objetivos - colocar a ementa (retirar do PPP) 
Introdução à análise de complexidade de algoritmos: notações O, &#937; e &#920;. 
Técnicas de projeto de algoritmos eficientes. Estruturas lineares: listas, 
pilhas e filas. Algoritmos de busca e ordenação em estruturas lineares. 
Ponteiros. Alocação dinâmica de memória. Encadeamento em listas e em tabelas. 
Tabelas de dispersão. 

","conteudo (programa) - 
# 

Análise de complexidade de algoritmos 

  1. Conceitos 
  2. Notações O, &#937; e &#920; 
  3. Pior caso, melhor caso, caso médio 
  4.  Algoritmos ótimos 

# Tipos de Dados 

  1. Primitivos, Estáticos e Dinâmicos 

# Estruturas Lineares (Listas Lineares) 

  1. Definição 
  2. Pilhas, Filas e Deques 
  3. Representação física: alocação sequencial 
        1. Listas Lineares em geral 
        2. Pilha 
        3. Fila 
        4. Deque 
  4. Representação fíisica: alocação encadeada 
        1. LED: Lista de Espaço Disponível 
        2. Lista simplesmente encadeada 
              1. Lista Linear em geral 
              2. Pilha 
              3. Fila 
        3. Listas circulares simplesmente encadeadas 
        4. Listas duplamente encadeadas 
              1. Lista Linear geral 
              2. Deque 
  5. Combinação de Listas 
  6. Aplicação: ordenação topológica 

# Análise da complexidade de algoritmos em lista 

  1. Análise da complexidade da busca linear 
  2. Análise da complexidade da busca binária 
  3. Comparação entre a busca linear e a binária 

# Algoritmos de Ordenação em estruturas lineares 

  1. Ordenação por inserção 
  2. Ordenação por seleção 
  3. Ordenação por troca 
  4. Ordenação por distribuição 
  5. Quick Sort 
  6. Outros Métodos 
  7. Comparação dos métodos e análise da complexidade 

# Tabelas de Dispersão (Hashing) 

  1. Princípio de funcionamento 
  2. Funções de Dispersão 
  3. Tratamento das colisões por encadeamento 
        1. Encadeamento exterior 
        2. Encadeamento interior 
  4. Tratamento das colisões por endereçamento aberto 
        1. Tentativa linear 
        2. Tentativa quadrática 
        3. Dispersão dupla 
  5. Tabela de Dimensão Dinâmica 

# Árvores 

  1. Conceitos Básicos 
  2. Árvores Binárias 
  3. Árvores Binárias de busca 


","competencias e habilidades - uma das abaixo 
formação básica em Ciência da Computação 
","bibliografia - 

   * Deitel, M. D. e Deitel, P., C++: Como Programar, 3ª edição, Bookman, 
     2001. 
   * Weiss, Mark A., Data Structures and Algorithm Analysis in C++, 3rd edtion, 
     Assison Wesley-Pearson, 2006. 
   * Szwarcfiter, Jayme Luis e Markenzon, Lilian. Estruturas de Dados e Seus 
Algoritmos, Segunda Edição Revista, Rio de Janeiro, Ed. Livros Técnicos e 
Científicos, 1994. 
   * Wirth, Niklaus. Algoritmos e Estruturas de Dados, Prentice Hall. 
   * Knuth, Donald E. The Art of Computer Programming, Vol.3: Searching and 
Sorting, Segunda edição, Addison-Wesley, 1998. 
   * Sedgewick, Robert, Algorithms in C, Parts 1-4, 3rd edition, Addison Wesley, 
     2005. 
",2008.0,2.0,Presencial,
21770,DISCIPLINA,DIM0310,G,BANCO DE DADOS NAO CONVENCIONAIS,DEPARTAMENTO DE INFORMÁTICA E MATEMÁTICA APLICADA,45,15,0,60,0,0,20,False,3.0,"avaliacao - 
padrão da UFRN ",,( ( DIM0357 OU DIM0089 ) ) ,,"Sistemas de banco de dados orientados a objetos: níveis lógico,
externo e interno; técnicas de modelagem, projeto e implementação
de sistemas de banco de dados orientados a objetos; sistemas de
bancos de dados não convencionais; arquitetura cliente-servidor;
linguagens de banco de dados, consulta e programação orientadas a
objetos; extensão do modelo relacional para aquisição de
características de orientação a objetos; aspectos de implementação
de sistemas de gerenciamento de banco de dados orientados a
objetos.",,"Sistemas de bancos de dados orientados a objetos: níveis lógico, 
externo e interno; técnicas de modelagem, projeto e implementação de 
sistemas de bancos de dados orientados a objetos; sistemas de bancos 
de dados não convencionais; arquitetura cliente-servidor; linguagens 
de bancos de dados, consulta e programação orientadas a objetos; 
extensão do modelo relacional para aquisição de características de 
orientação a objetos; aspectos de implementação de sistemas de 
gerenciamento de bancos de dados orientados a objetos","programa 
1     Apresentacao do curso, Banco de Dados OO 
2     Banco de Dados OR 
3     Seminário sobre Banco de Dados OO e OR 
4     Seminário sobre Mapeamento O/R 
5     XML - Noçoes básicas de dados semiestruturados na web Slides HTML, 
Slides XML. 
6     XML - XPath, XLink, XPointer. Slides. 
7     Noçoes de Esquemas para XML 
9     Primeira prova 
10     Linguagens de Esquemas Para XML: DTD 
11     Linguagens de Esquemas Para XML: XML Schema 
12     Noções de Serviços Web 
13     Noções de Serviços Web. 
14     Exemplo de implementação de serviços web em Java 
15     Composição de serviços web - Conceitos 
16     Composição de Serviços Web: BPEL 
17     Composição de Serviços Web: Álgebra de Processos Proposta de 
Slides sobre este artigo. 
18     Segunda prova 
19     Introdução a Web Semântica e RDF (Slides) 
20     RDF e RDFS (Slides) 
21     OWL (Slides) 
22     Trabalho de OWL 
23     Trabalho de OWL 
24     SPARQL e SWRL  (Slides) 
25     Trabalho SPARQL e SWRL 
26     Trabalho SPARQL e SWRL 
27     Trabalho SPARQL e SWRL 
28     Serviços Web Semânticos OWL-S 
29     Serviços Web Semânticos OWL-S 
30     Terceira Prova. 
31     Quarta prova 
","competencias e habilidades - uma das abaixo 
formação profissional em Ciência da Computação ","bibliografia - 
Experience with ODMG Standard 
http://labdist.dimap.ufrn.br/atutor/content/1/Artigos/cattell.pdf 
Autor: Rick Catel 

Introdução ao Mapeamento OR 
http://206.222.18.10/media/documents/sde40javaug2/html/Part_2_Working_with_Object-Relational_Mapping/Part_2_Working_with_Object-Relational_Mapping.html 
Autor: Visual Paradigm 

XQuery: a typed functional language for querying XML 
http://www.dimap.ufrn.br/~mam/xquery-afp.pdf 
Autor: Philip Wadler 

XQuery: An XML query language 
http://www.dimap.ufrn.br/~mam/chamberlin.pdf 
Autor: D. Chamberlin 

PEWS: A New Language for Building Web Service Interfaces 
Cheikh Ba,Marcos Aurelio Carrero, Mirian Halfeld Ferrari, Martin A. Musicante 

Austin,    D.,    Barbir,    A.,    Peters,    E.,    and 
Ross-Talbot, S.    (2004). 
Web    services    choreography    requirements. 
http://www.w3.org/TR/2004/WD-ws-chor-reqs-20040311/.  W3C Working Draft. 

Curbera, F., Duftler, M., Khalaf, R., Nagy, W., Mukhi, N., and 
Weerawarana, S. (2002). 
Unraveling the web services web: An introduction to SOAP, WSDL, and 
UDDI. IEEE Internet Computing. 

Data on the Web. S. Abiteboul, P. Buneman, D. Suciu, Morgan Kaufmann, 1999 
",2009.0,1.0,Presencial,
21771,DISCIPLINA,DIM0431,G,ORGANIZACAO E ARQUITETURA DE COMPUTADORES,DEPARTAMENTO DE INFORMÁTICA E MATEMÁTICA APLICADA,60,0,0,60,0,0,20,False,3.0,"Serão realizadas três avaliações e uma avaliação de recuperação:
A primeira e terceira avaliações serão baseadas em provas escritas.
A segunda avaliação será baseada em um trabalho prático.
A avaliação de recuperação será baseada em uma prova escrita",DIM0058 OU DCA0404 OU IMD0021 OU IMD0021 OU ( ( IMD0121 OU DIM0127 ) E ( IMD0122 OU DIM0129 ) ) ,( ( DIM0402 ) E ( DIM0403 ) ) OU ( DIM0109 ) ,,"Organização básica de computadores: unidade central de processamento, memória, dispositivos de E/S. Arquitetura de microprocessadores: unidade operacional e de controle, controle hardwired, controle microprogramado. Pipelining. Hierarquia de memória: princípios de hierarquia, caches, memória principal, alocação, substituição, paginação, memória virtual. Barramento. Programação de computadores: conjuntos de instruções, modos de endereçamento, interrupções, assembly e assembler. Relação com o sistema operacional. Conceitos avançados; arquiteturas paralelas, Multiprocessadores e multicomputadores, modelos UMA e NUMA.",,"O objetivo desta disciplina é permitir ao aluno compreender, desenvolver e implementar
projetos complexos de sistemas digitais. Nesse intuito, será abordado o modelo de projeto
parte de controle/parte operativa (PC-PO), relacionando-o com a organização da
microarquitetura de processadores. Através do uso de uma linguagem de descrição de
hardware (HDL: Hardware Description Language) e de ferramentas de simulação e síntese de
circuitos digitais, realiza-se o desenvolvimento e a implementação de arquiteturas de circuitos
digitais. Ao final da disciplina, o aluno deverá estar habilitado a desenvolver o projeto de um
processador e implementá-lo em lógica programável (FPGAs; Field Programmable Gate
Arrays), utilizando ferramentas e ambientes de desenvolvimento adequados para este fim.","- Princípios de funcionamento de computadores 
	panorama das tecnologias atuais
        tendências tecnológicas
- Princípios de projetos de computadores
- Tipos de operações e operandos
- Formato de Instrução e Modo de Endereçamento
- Controle de fluxo (desvio, procedimento, sub-rotinas e interrupções)
- Execução de programas, Arrays X Ponteiros
- Operações com inteiro e ponto-flutuante
- Caminho de dados 
        monociclo
        multiciclo
- Pipeline
        execução
        dependências
        conflitos
- Hierarquia de memória e memória cache
- Memória virtual
        conceito
        funcionamento
        TLB
        proteção
- Entrada/Saída
- Barramento
- Multiprocessadores","O aluno deverá  ter capacidade para entender e utilizar os conceitos relacionados a organização e arquitetura de computadores, bem como ser capaz projetar microarquitetura e sistemas de hardware.","·       [1] CARRO, Luigi. Projeto e Prototipação de Sistemas Digitais. Porto Alegre: Editora da
UFRGS, 2001. (ISBN: 8570255896)
[2] BROWN, Stephen, VRANESIC, Zvonko. Fundamentals of Digital Logic with VHDL
Design. 2. ed. New York: McGraw Hill, 2004. (ISBN: 0201308576)
COMPLEMENTARES:
[1] WAGNER, Flávio, REIS, André, RIBAS, Renato. Fundamentos de Circuitos Digitais.
Porto Alegre: Bookman, 2008. (ISBN: 8577803457)
[2] TOCCI, Ronald, WIDMER, Neal, MOSS, Gregory. Sistemas Digitais: princípios e
aplicações. 10. ed. São Paulo: Prentice Hall, 2007. (ISBN: 8576050951)
[3] www.altera.com
[4] www.cypress.com
",2013.0,1.0,Presencial,
21768,DISCIPLINA,DIM0347,G,SISTEMAS MULTIMIDIA,DEPARTAMENTO DE INFORMÁTICA E MATEMÁTICA APLICADA,45,15,0,60,60,0,20,False,3.0,"Avaliação
A1  Seminários (50 %) / Prova (50 %)
A2  Projeto
A3  Implementação de partes do projeto 
",,( DIM0338 OU DIM0007 OU DIM0432 OU DCA0108 ) ,,"CARACTERÍSTICA, AQUISIÇÃO, REPRESENTAÇÃO, CODIFICAÇÃO E COMPRESSÃO  DE DADOS MULTIMÍDIA. ASPECTOS FUNDAMENTAIS PARA COMPREENSÃO DOS PRINCIPAIS FORMATOS E PADRÕES UTILIZADOS PARA REPRESENTAR OS DIFERENTES TIPOS DE MÍDIA. SISTEMAS OPERACIONAIS MULTIMÍDIA. MODELOS E FRAMEWORKS PARA DESENVOLVIMENTO DE PLATAFORMAS PARA SISTEMAS MULTIMÍDIA DISTRIBUÍDOS. ESTUDOS DE CASOS ENVOLVENDO ASPECTOS DE SUPORTE AO DESENVOLVIMENTO DE APLICAÇÕES MULTIMÍDIA DISTRIBUÍDAS.   ",,"Objetivos:
Fornecer ao aluno os conceitos básicos  sobre compressão e codificação digital de dados multimídia, sistemas multimídia e os  requisitos de aplicações multimídia com relação à infra-estrutura de telecomunicações.
","Conteúdo:
Característica, aquisição, representação, codificação e compressão  de dados multimídia. Aspectos fundamentais para compreensão dos principais formatos e padrões utilizados para representar os diferentes tipos de mídia. Sistemas Operacionais multimídia.  Modelos conceituais e frameworks para desenvolvimento de plataformas para sistemas multimidia distribuidos. Estudo de casos envolvendo aspectos de suporte ao desenvolvimento de aplicações multimídia distribuídas: TV interativa
","Competências e Habilidades
O aluno deverá conhecer as características e requisitos das principais mídias, assim como utilizar e desenvolver ferramentas para manipular as informações de mídia em diferentes formatos, ou seja:
	Conhecer os aspectos relacionados às tecnologias de mídias digitais
	Identificar os principais requisitos de um sistema multimídia 
	Utilizar os mecanismos de programação de sistemas multimídia no contexto das tecnologias atuais para desenvolvimento de sistemas, como por exemplo, web e televisão digital. 
","Referências
Multimedia Fundamentals, Volume 1 - Media Coding and Content Processing. 2nd Edition
Ralf Steinmetz, Klara Nahrstedt

Sistemas Operacionais Modernos. 
Tanembaum A. Prentice Hall do Brasil.  

Multimedia Programming Objects, Environments and Frameworks. 
Gibss, S. J. P, Tsichritzis. Addison Wesley
",2010.0,2.0,Presencial,
21767,DISCIPLINA,DIM0334,G,SISTEMAS DE TEMPO REAL EMBUTIDOS,DEPARTAMENTO DE INFORMÁTICA E MATEMÁTICA APLICADA,60,0,0,60,60,0,20,False,3.0,,,( DIM0338 OU DIM0007 OU DCA0108 ) ,,"PROGRAMAÇÃO DE SISTEMAS EMBUTIDOS, AQUISIÇÃO DE DADOS, CONTROLE DE PERIFÉRICOS. NÚCLEOS TEMPO-REAL: GERENCIAMENTO DE TAREFAS, FACILIDADES IPC E ISR, SERVIDORES PERIÓDICOS E ESPORÁDICOS, POSIX, MACH TEMPO-REAL. ESCALONAMENTO E SINCRONIZAÇÃO: ALGORITMO DO RATIO MANOTÔNICO, EDF, ESCALONAMENTO CÍCLICO. CONCEPÇÃO MISTA DE HARDWARE E SOFTWARE: GERAÇÃO DE MODELO, PARTICIONAMENTO, ESPECIFICAÇÃO DE INTERFACE E TEMPORIZAÇÃO, INTEGRAÇÃO E PROTOTIPAGEM, GERENCIAMENTO DO PROCESSO DE CONCEPÇÃO. PROJETOS DE CONCEPÇÃO.",,,,,,,,Presencial,
21766,DISCIPLINA,DIM0331,G,MODELOS DE OTIM.SOL.DE PROB.DE EXPLOR.E DIST.DE P.,DEPARTAMENTO DE INFORMÁTICA E MATEMÁTICA APLICADA,60,0,0,60,60,0,20,False,3.0,,,( ( DIM0333 ) ) ,,,,Estes dados serão cadastrados posteriormente pelo professor do curso.,Estes dados serão cadastrados posteriormente pelo professor do curso.,Estes dados serão cadastrados posteriormente pelo professor do curso.,,2015.0,1.0,Presencial,
21765,DISCIPLINA,DIM0337,G,COMPUTABILIDADE,DEPARTAMENTO DE INFORMÁTICA E MATEMÁTICA APLICADA,45,0,0,45,0,0,20,False,3.0,,( DIM0049 ) OU ( DIM0439 ) ,( ( DIM0330 ) ) ,,"Algoritmos e procedimentos efetivos. Modelos matemáticos da
computação. Máquinas de Turing como tradutores. Tese de ChurchTuring. Numeração de Gödel. Máquinas Universais. Conjuntos
recursivos e recursivos enumeráveis. Problemas Computáveis e nãocomputáveis. Computação em outros Domínios.",,,,,,,,Presencial,
21764,DISCIPLINA,DIM0410,G,TREINAMENTO PARA COMPETICOES DE PROGRAMACAO,DEPARTAMENTO DE INFORMÁTICA E MATEMÁTICA APLICADA,60,0,0,60,0,0,20,False,3.0,,,ECT1203 OU DCA0800 OU DIM0321 OU DIM0108 OU TAD0002 OU IMD1012 OU DIM0133 OU DIM0151 ,,"Programação em C++ e a STL. Listras, pilhas e filas. Fiilas de prioridades, dicionários e conjuntos. Cadeias. Ordenação e busca. Aritmética e álgebra. Teoria dos números. backtracking.",,"Objetivos: 
A disciplina visa apresentar aos alunos de cursos de formação na área 
de computação o mundo das competições de programação. Essas 
competições de programação são promovidades por entidades acadêmicas e 
comerciais e visam estimular a aprendizagem de técnicas de codificação 
e de resolução de problemas através de um ambiente de competição 
sadia. A disciplina coloca os alunos em condições de competições reais 
para evidenciar as qualidades requeridas: capacidade de concentração, 
de trabalho em equipe, conhecimentos básicos 
e avançados de técnicas de programação, domínio de uma linguagem de 
programação, preocupação com a complexidade das soluções 
desenvolvidas. A disciplina visa também desenvolver essas qua","Conteúdo: 
Elementos de C++ : strings, iteradores, vetores, algoritmos, objetos 
função, entradas e saídas, tokenização, formatação, pair, map, set. 
Representação e composição de números inteiros com tamanho arbitrário. 
Elementos de combinatória. 
Testes de primalidade, fatoração. 
Algoritmos em grades. 
Elementos de geometria computacional 
Técnicas algorítmicas: Programação dinâmica; branch & bound; 
backtracking; memoização. 

",,,2024.0,1.0,Presencial,
21763,DISCIPLINA,DIM0357,G,BANCO DE DADOS,DEPARTAMENTO DE INFORMÁTICA E MATEMÁTICA APLICADA,60,0,0,60,60,0,20,False,3.0,,( DIM0089 ) OU ( DIM0434 ) ,( ( DIM0328 E DIM0329 ) OU ( DIM0013 E DIM0303 ) OU ( DIM0429 E DIM0428 ) ) ,,"Modelo de dados: rede, hierárquico e relacional. Álgebra relacional. Linguagens de consulta. Otimização de
Linguagens. Projeto de Banco de Dados. Considerações de implementação.",,,,,,,,Presencial,
21769,DISCIPLINA,DIM0350,G,PRATICA EM ENGENHARIA DE SOFTWARE,DEPARTAMENTO DE INFORMÁTICA E MATEMÁTICA APLICADA,60,0,0,60,60,0,20,False,3.0,,,( ( DIM0349 ) E ( DIM0341 ) ) ,,,,,,,,,,Presencial,
69616,MÓDULO,IMD1105,G,METAHEURÍSTICAS,INSTITUTO METROPOLE DIGITAL,30,30,0,60,0,0,20,True,3.0,,,( IMD0040 OU DCA3303 OU DCA1202 ) ,,Visão panorâmica de metaheurísticas. Buscas locais estocásticas. Algoritmos evolucionários. Swarm intelligence. Seleção e configuração de metaheurísticas. Hibridização e paralelização de metaheurísticas. Aplicações de metaheurísticas em problemas clássicos e seus variantes.,,a definir,a definir,,,2020.0,2.0,Presencial,
69615,MÓDULO,IMD1104,G,APRENDIZADO PROFUNDO,INSTITUTO METROPOLE DIGITAL,30,30,0,60,0,0,20,True,3.0,,,IMD1101 ,,"Introdução às Redes Neurais: funções de custo, dados de treinamento, multilayer perceptron, inspiração neurocientífica. Aprendizado com Redes Neurais: camadas de saída vs camadas escondidas, modelos lineares vs modelos não-lineares, algoritmo back-propagation. Redes Neurais Profundas: Convolutional Networks, Deep Belief Networks, Recurrent Neural Networks. Introdução ao Aprendizado Profundo não Supervisionado e ao Aprendizado Profundo por Reforço. Estudos de caso.",,a definir,a definir,,,2020.0,1.0,Presencial,
69614,MÓDULO,IMD1103,G,APRENDIZADO POR REFORÇO,INSTITUTO METROPOLE DIGITAL,30,30,0,60,0,0,20,True,3.0,,,IMD1101 OU DIM0416 ,,Processos de decisão de Markov. Programação dinâmica. Métodos de Monte Carlo. Métodos de diferenças temporais. Aproximação de funções. Generalização. Processos de decisão de Markov parcialmente observáveis. Aprendizado por reforço profundo. Estudos de caso.,,a definir,a definir,,,2024.0,1.0,Presencial,
69613,MÓDULO,IMD1102,G,OTIMIZAÇÃO HEURÍSTICA,INSTITUTO METROPOLE DIGITAL,30,30,0,60,0,0,20,True,3.0,,DIM0140 ,( IMD0040 OU DCA3303 OU DCA1202 ) ,,"Busca como um problema de otimização. Técnicas heurísticas e suas aplicações. Análise empírica de algoritmos heurísticos. Busca local e metaheurísticas: projeto, configuração e aplicações. Variantes de metaheurísticas: hibridização e paralelização. Variantes de problemas: múltiplos objetivos, informação dinâmica e/ou incerta.",,,,,,,,Presencial,
69612,MÓDULO,IMD1101,G,APRENDIZADO DE MÁQUINA,INSTITUTO METROPOLE DIGITAL,30,30,0,60,0,0,20,True,3.0,,( IMD1111 ) ,( IMD0033 OU IMD1113 OU EST0109 OU ECT3304 OU ECT2207 ) ,,Introdução ao Aprendizado de Máquina. Classificação de Dados: problemas de classificação; algoritmos de classificação; validação de classificação; comitês de classificadores. Noções de análise de agrupamentos; aprendizado semi-supervisionado e aprendizado multirrótulo. Aplicações.,,"Apresentar os principais temas e problemáticas relacionadas com Aprendizado de Máquina, englobando algoritmos de aprendizagem supervisionado, não-supervisionado além das etapas necessárias para suas implementações e aplicação.","Introdução sobre Aprendizado de Máquina; Ferramentas e Bibliotecas de Desenvolvimento; Algoritmos Supervisionados: KNN, Regressão Linear, Árvores de Decisão, Random Forest, Boosting, Redes Neurais; Algoritmos não-supervisionados: Agrupamento, Seleção de características, redução de dimensionalidade. Pipeline de desenvolvimento.",,,2024.0,2.0,Presencial,
69608,MÓDULO,IMD0282,G,TÓPICOS ESPECIAIS EM PRODUÇÃO DE JOGOS DIGITAIS C,INSTITUTO METROPOLE DIGITAL,30,30,0,60,0,0,20,True,3.0,,,,,Tópicos de interesse da área Produção de Jogos Digitais.,,,,,,,,Presencial,
69610,MÓDULO,IMD0284,G,TÓPICOS ESPECIAIS EM PRODUÇÃO DE JOGOS DIGITAIS E,INSTITUTO METROPOLE DIGITAL,0,30,0,30,0,0,20,True,3.0,,,,,Tópicos de interesse da área Produção de Jogos Digitais.,,a definir,a definir,,,2024.0,1.0,Presencial,
69609,MÓDULO,IMD0283,G,TÓPICOS ESPECIAIS EM PRODUÇÃO DE JOGOS DIGITAIS D,INSTITUTO METROPOLE DIGITAL,30,30,0,60,0,0,20,True,3.0,,,,,Tópicos de interesse da área Produção de Jogos Digitais.,,,,,,,,Presencial,
69607,MÓDULO,IMD0281,G,TÓPICOS ESPECIAIS EM PRODUÇÃO DE JOGOS DIGITAIS B,INSTITUTO METROPOLE DIGITAL,30,30,0,60,0,0,20,True,3.0,,,,,Tópicos de interesse da área Produção de Jogos Digitais.,,,,,,,,Presencial,
69606,MÓDULO,IMD0280,G,TÓPICOS ESPECIAIS EM PRODUÇÃO DE JOGOS DIGITAIS A,INSTITUTO METROPOLE DIGITAL,30,30,0,60,0,0,20,True,3.0,,,,,Tópicos de interesse da área Produção de Jogos Digitais.,,.,.,,,2024.0,1.0,Presencial,
69604,MÓDULO,IMD0814,G,INTELIGÊNCIA ARTIFICIAL PARA JOGOS II,INSTITUTO METROPOLE DIGITAL,30,30,0,60,0,0,20,True,3.0,,,DIM0126 ,,Técnicas de Aprendizado de Máquina. Personagens Adaptativos. Geração procedural de conteúdo. Tipos de conteúdos de jogos. Métodos para geração procedural de conteúdo. Modelagem de jogadores. Comportamento e experiência dos jogadores. Métodos para geração de modelos de jogadores. Prática de concepção e desenvolvimento de geradores de conteúdo. Prática de concepção e desenvolvimento de modeladores de jogadores. Prática de desenvolvimento de soluções para competições das conferências IEEE CIG e AAAI AIIDE.,,a definir.,a definir.,,,2019.0,1.0,Presencial,
69617,MÓDULO,IMD1106,G,CIÊNCIA DE DADOS II,INSTITUTO METROPOLE DIGITAL,30,30,0,60,0,0,20,True,3.0,,,,,Introdução a raspagem de dados (scraping). Coleta de dados estruturados e não estruturados. Desenvolvimento de raspadores de dados (scrapers). Ética e legislação sobre a raspagem de dados. Visualização de dados: estática e interativa. Desenvolvimento de painéis de visualização (dashboards). ,,,,,,,,Presencial,
69611,MÓDULO,IMD0285,G,TÓPICOS ESPECIAIS EM PRODUÇÃO DE JOGOS DIGITAIS F,INSTITUTO METROPOLE DIGITAL,0,30,0,30,0,0,20,True,3.0,,,,,Tópicos de interesse da área Produção de Jogos Digitais.,,,,,,,,Presencial,
69618,MÓDULO,IMD1107,G,PROCESSAMENTO DE LINGUAGEM NATURAL,INSTITUTO METROPOLE DIGITAL,45,15,0,60,0,0,20,True,3.0,,( DIM0135 ) ,IMD1101 ,,"1.	Overview sobre os desafios de PLN.
2.	Corpos linguísticos anotados para Inglês e Português, aprendizado supervisionado e avaliação da eficácia.
3.	Módulos, componentes, tarefas de um sistema de PLN: pré-processamento; processamento ao nível das palavras; processamento ao nível das estruturas sintáticas ou de dependências; processamento ao nível semântico, pragmático, de discurso, resolução de correferência.
4.	Técnicas de Aprendizado de Máquina para Processamento de Linguagem Natural
5.	Representações distribuídas para palavras (vector space models, word embeddings)
Aplicações de PLN: os tópicos poderão variar a cada semestre; candidatos típicos são: NER (named-entity recognition), extração de tópicos relevantes e classificação de documentos, análise de sentimento, sistemas de recomendação, Q&A (perguntas e respostas), aconselhadores ortográficos e sintáticos, tradução (semi-) automática, sumarização, inferência textual, reconhecedores de estilo, outros tópicos Recuperação e Extração de Informações  IR/IE",,A definir,A definir,,,2024.0,2.0,Presencial,
69639,MÓDULO,DIM0132,G,PROBABILIDADE,DEPARTAMENTO DE INFORMÁTICA E MATEMÁTICA APLICADA,60,0,0,60,0,0,20,True,3.0,,IMD0033 OU EST0322 ,IMD0024 E ( IMD1002 OU IMD0019 ) ,,Introdução à Probabilidade. Variáveis aleatórias discretas. Medidas resumo. Variáveis bidimensionais. Variáveis aleatórias contínuas.,,Estudar os princípios de probabilidade.,"1. Estatística Descritiva. 
1.1. Definição. 
1.2. Variáveis qualitativas e quantitativas. 
1.3. Medidas de tendência central, de dispersão, de achatamento e separatrizes.
1.4. Representação e organização de dados. 

2. Probabilidade.
2.1. Conceitos fundamentais.
2.2. Definição de Probabilidade.
2.3. Regras e teoremas básicos da probabilidade. 
2.4. Probabilidade do evento complementar.
2.5. Teorema da soma.
2.6. Probabilidade condicional. 
2.7. Teorema do produto.
2.8. Independência probabilística.

3. Variáveis aleatórias.
3.1. Conceitos e definições.
3.2. Variável aleatória discreta.
3.2.1. Função de probabilidade.
3.2.2. Função de distribuição acumulada
3.2.3. Esperança, variância e desvio padrão.
3.3. Variável aleatória contínua.
3.3.1. Função de probabilidade.
3.3.2. Função de distribuição acumulada
3.3.3. Esperança, variância e desvio padrão.

4. Distribuições de probabilidades discretas.
4.1. Bernoulli.
4.2. Binomial.
4.3. Geométrica.
4.4. Poisson.
4.5. Hipergeométrico.

5. Distribuições de probabilidades contínuas.
5.1. Normal.
5.2. Exponencial.
5.3. Qui-quadrado.
5.4. t de Student.
",,,2023.0,2.0,Presencial,
69620,MÓDULO,IMD1121,G,TÓPICOS ESPECIAIS EM INTELIGÊNCIA COMPUTACIONAL B,INSTITUTO METROPOLE DIGITAL,30,30,0,60,0,0,20,True,3.0,,,,,Tópicos de interesse da área Inteligência Computacional.,,a definir,a definir,,,2020.0,1.0,Presencial,
69692,MÓDULO,IMD0120,G,CIRCUITOS LÓGICOS,INSTITUTO METROPOLE DIGITAL,30,30,0,60,0,0,20,True,3.0,,( DIM0109 ) OU ( DIM0128 ) OU ( DIM0402 E DIM0403 ) OU DCA0202 OU ELE0424 OU IMD0011 ,( ( IMD0121 ) OU ( DIM0127 ) OU ( DIM0431 ) ) ,,"Introdução aos sistemas digitais eletrônicos, Algebra Booleana, Circuitos lógicos combinacionais, Circuitos lógicos seqüenciais, Aritmética digital, Arquitetura de operadores aritméticos, operadores seriais e paralelos, Análise de Máquinas Seqüenciais Síncronas: modelos de Mealy e Moore.",,,,,,,,Presencial,
69664,MÓDULO,DIM0137,G,BANCOS DE DADOS NÃO RELACIONAIS,DEPARTAMENTO DE INFORMÁTICA E MATEMÁTICA APLICADA,30,30,0,60,0,0,20,True,3.0,,,( DIM0125 OU DIM0541 OU IMD0401 OU DIM0114 ) E ( DIM0546 OU IMD0404 ) ,,"Evolução dos bancos de dados. Bancos de dados relacionais versus NoSQL. Tipos de aplicações e suas características para usar banco de dados NoSQL. Características de bancos de dados NoSQL. Modelos de banco de dados NoSQL. Prática com banco de
dados NoSQL de diferentes modelos, Teoria CAP, Map-Reduce. Introdução ao MongoDB. Manipulação de dados com consultas em JavaScript. Modelagem de banco de dados NoSQL. Desenvolvimento de aplicações acessando banco de dados NoSQL.
Exemplos de bancos de dados NoSQL.",,,,,,,,Presencial,
69663,MÓDULO,DIM0136,G,TRATAMENTO DE EXCEÇÕES,DEPARTAMENTO DE INFORMÁTICA E MATEMÁTICA APLICADA,40,20,0,60,0,0,20,True,3.0,,,DIM0116 OU IMD0040 ,,Desenvolvimento robusto de software. Mecanismos de tratamento de exceções. Tratamento de exceções em Java. Boas práticas para o tratamento de exceções. Bug patterns para o tratamento de exceções. Detecção de bug patterns com ferramentas de análise estática.,,,,,,,,Presencial,
69662,MÓDULO,DIM0131,G,SISTEMAS OPERACIONAIS,DEPARTAMENTO DE INFORMÁTICA E MATEMÁTICA APLICADA,60,0,0,60,0,0,20,True,3.0,,IMD0036 OU DIM0615 OU DIM0432 OU DCA0108 OU IMD0042 OU DCA3505 ,IMD0021 OU IMD0041 OU IMD0121 OU DIM0127 OU DIM0431 ,,1. Histórico e conceitos básicos. 2. Gerência de processos e programação concorrente. 3. Gerência de memória principal e auxiliar. 4. Gerência de dispositivos de entrada e saída. 5. Estudo de sistemas operacionais existentes. 6. Virtualização de Sistemas Operacionais.,," Gerais - Fornecer ao aluno os conceitos básicos usados na concepção dos Sistemas Operacionais, capacitando-os a entender e utilizar as facilidades desses sistemas, bem como projetar novas funcionalidades.

 Específicos:
1. Fornecer ao aluno uma visão geral de um Sistema Operacional, apresentando seus componentes básicos e o relacionamento entre eles.
2. Apresentar ao aluno as técnicas usadas na concepção e implementação de um Sistema Operacional.
3. Realizar Estudos de Casos envolvendo os sistemas operacionais mais usados atualmente: Unix, Windows, OS/2, JavaOS.","Introdução -o que é um Sistema Operacional? Funções do sistema operacional. Evolução dos sistemas operacionais. Componentes de um Sistema Operacional. Conceitos Básicos - Monoprogramação, Multiprogramação, Processos, Arquivos, Chamadas de Sistema, Interrupção, Concorrência, Estruturas de Sistemas Operacionais.
Gerência de Processos: Conceitos. Estados de Processo. Tipos de Processo. Sincronização - semáforos, monitores. Comunicação entre processos. Escalonamento. Problemas - deadlock, starvation.
Gerência de Memória: Endereços lógicos e físicos. Alocação. Swapping. Memória Virtual. Paginação. Segmentação.
Gerência de Dispositivos: Device drivers. Dispositivos de E/S.
Sistemas de arquivos: Arquivos. Diretórios. Alocação de espaço. Proteção. Sistemas de Proteção Segurança X Proteção",,,2024.0,2.0,Presencial,
69651,MÓDULO,DIM0135,G,PROCESSAMENTO DE LINGUAGEM NATURAL,DEPARTAMENTO DE INFORMÁTICA E MATEMÁTICA APLICADA,45,15,0,60,0,0,20,True,3.0,,IMD1107 ,( ( IMD0033 OU ECT1301 OU EST0166 ) E ( DIM0117 OU IMD0039 OU DCA0204 ) ) OU IMD1101 OU DIM0416 ,,"1. Overview sobre os desafios de PLN. 2. Corpos linguísticos anotados para Inglês e Português, aprendizado supervisionado e avaliação da eficácia. 3. Módulos, componentes, tarefas de um sistema de PLN: pré-processamento; processamento ao nível das palavras; processamento ao nível das estruturas sintáticas ou de dependências; processamento ao nível semântico, pragmático, de discurso, resolução de correferência. 4. Técnicas de Aprendizado de Máquina para Processamento de Linguagem Natural 5. Representações distribuídas para palavras (vector space models, word embeddings) 6. Aplicações de PLN: os tópicos poderão variar a cada semestre; candidatos típicos são: NER (named-entity recognition), extração de tópicos relevantes e classificação de documentos, análise de sentimento, sistemas de recomendação, Q&amp;A (perguntas e respostas), aconselhadores ortográficos e sintáticos, tradução (semi-) automática, sumarização, inferência textual, reconhecedores de estilo, outros tópicos Recuperação e Extração de Informações  IR/IE",,Estudar os fundamentos do processamento de linguagem natural por computador,"1. Overview sobre os desafios de PLN.
2. Corpos linguísticos anotados para Inglês e Português, aprendizado supervisionado e avaliação da eficácia.
3. Módulos, componentes, tarefas de um sistema de PLN: pré-processamento; processamento ao nível das palavras;
processamento ao nível das estruturas sintáticas ou de dependências; processamento ao nível semântico, pragmático, de
discurso, resolução de correferência.
4. Técnicas de Aprendizado de Máquina para Processamento de Linguagem Natural
5. Representações distribuídas para palavras (vector space models, word embeddings)
6. Aplicações de PLN: os tópicos poderão variar a cada semestre; candidatos típicos são: NER (named-entity recognition),
extração de tópicos relevantes e classificação de documentos, análise de sentimento, sistemas de recomendação, Q&amp;A
(perguntas e respostas), aconselhadores ortográficos e sintáticos, tradução (semi-) automática, sumarização, inferência
textual, reconhecedores de estilo, outros tópicos Recuperação e Extração de Informações  IR/IE",,,2023.0,2.0,Presencial,
69603,MÓDULO,IMD0812,G,JOGOS EM REDE MULTIUSUÁRIOS,INSTITUTO METROPOLE DIGITAL,30,30,0,60,0,0,20,True,3.0,,,IMD0811 E ( IMD0043 OU DIM0438 OU IMD0031 OU DCA0113 ) ,,Arquiteturas de jogos multiusuários. Ambiente de programação multiplayer. Mecanismos de sincronização. Modelos de dados e protocolos de transferência. Comunicação Inter-processos. Comunicação cliente-servidor. Comunicação via troca de Mensagens. Mecanismos de segurança.,,a definir.,a definir.,,,2024.0,1.0,Presencial,
69638,MÓDULO,DIM0134,G,COMPLEXIDADE COMPUTACIONAL E PROBLEMAS INTRATÁVEIS,DEPARTAMENTO DE INFORMÁTICA E MATEMÁTICA APLICADA,60,0,0,60,0,0,20,True,3.0,,,( DIM0549 ) E ( DIM0606 ) ,,"1. Máquinas e modelos de computação, Problemas, Complexidade de Algoritmos e de
Problemas.
2. Problemas tratáveis e intratáveis e implementação por força bruta.
3. Redução polinomial e Classes de Complexidade Básicas.
4. Problemas Difíceis de várias áreas: para cada problema pode-se abordar definição geral
do problema, aplicações, status-quo atual, variantes e simplificações polinomiais,
alternativas eficientes de implementação aproximadas.
5. O que há além das Classes de Complexidade Básicas",,"1- Apresentar os fundamentos da complexidade computacional de problemas. 

2- Abordar alguns problemas intratáveis de diversas categorias, segundo uma metodologia que inclui a caracterização da complexidade do problema, aplicações, relação entre problemas reais e problemas da literatura, variantes, restrições e simplificações eficientemente implementáveis, heurísticas e algoritmos de implementação, conforme disponível na literatura atual. 

3- Desenvolver nos alunos a capacidade de análise de problemas computacionais.

4- Abordar alguns tópicos atuais de complexidade.
","1. INTRODUÇÃO À TEORIA DA COMPLEXIDADE COMPUTACIONAL
..... 1. Revisão de análise de algoritmos e de problemas (ponto de vista de linguagens de programação)
..... 2. Problemas de decisão e linguagens
..... 3. Máquinas de Turing e Modelos de Computação
............. a. Máquinas de Turing como computadoras de funções e como aceitadoras/decisoras de linguagens
............. b. Máquinas de Turing multifita. 
............. c. Configurações. Tempo e espaço de execução
............. d. Modelos de Máquinas de Turing e Máquinas RAM. Relações de tempo entre modelos de computação. (Strong Church-Turing thesis)
..... 4. Tamanho de entrada e ""reasonable encodings"". 
..... 5. Classes de complexidade TIME (f(n)) e SPACE (f(n))
..... 6. Classes de complexidade P, EXP, PSPACE
..... 7. Algoritmos não determinísticos. Classes NTIME (f(n)). Classes de complexidade NP, NPSPACE. 
..... 8. Hierarquias de tempo e espaço
..... 9. NP como verificação polinomial de certificado
..... 10. Redução entre problemas de decisão. Redução de Turing, redução polinomial.
..... 11. Problema SAT. Teorema de Cook. 
..... 12. NP-hardness. NP-Completeness.
..... 13. Exemplo de problema NP-hard, NP-completo

2. PROBLEMAS INTRATÁVEIS
..... 1. Metodologia de abordagem dos problemas na unidade. Considerar o que couber dentre:
............. a. Caracterização do problema
............. b. Demonstração [detalhada] do que se sabe sobre a sua complexidade computacional
............. c. Aplicações 
............. d. Variações eficientes
............. e. Restrições, simplificações e suas características de complexidade
............. f. Algoritmos de aproximação e heurísticas; 
............. g. Versões funcionais e de decisão

..... 2. Pot-pourri de problemas. Algumas categorias possíveis (ver Garey/Johnson, Cormen et alli.): 
............. a. problemas númericos, 
............. b. de conjuntos e partições, 
............. c. lógicos, 
............. d. de grafos, 
............. e. de redes, 
............. f. de teoria dos números, 
............. g. programação matemática, 
............. h. planejamento, 
............. i. autômatos, 
............. j. strings e pattern matching, 
............. k. etc.

..... 3. Escolhas dos problemas a serem desenvolvidos por cada grupo e a cargo do professor; exemplo
............. a. Idealmente: escolher um problema real de interesse particular, de competições de programação, ou em conjunto com algum outro professor ou profissional atuante na indústria de informática

..... 4. Desenvolvimento dos problemas

3. TÓPICOS EM COMPLEXIDADE: a definir com os alunos; será conduzido com a participação dos alunos
..... 1. Alguns tópicos possíveis 
............. a. Teoremas de hierarquias de tempo e espaço. Relações entre P, PSPACE, NP, co-NP, PSPACE. Possíveis configurações da hierarquia. P=NP? Outros problemas abertos.
............. b. Apresentação de resultados de grupos
............. c. Circuitos booleanos
............. d. Computação aleatorizada
............. e. Provas interativas
............. f. Criptografia
............. g. Computação quântica
............. h. Teorema PCP e soluções aproximadas a problemas NP-hard
............. i. Lower bounds para problemas (via árvores de decisão)
............. j. Complexidade de provas
............. k. Complexidade de problemas de contagem
............. l. Complexidade do caso médio
............. m. ???
",,,2023.0,1.0,Presencial,
69637,MÓDULO,DIM0133,G,INTRODUÇÃO ÀS TÉCNICAS DE PROGRAMAÇÃO,DEPARTAMENTO DE INFORMÁTICA E MATEMÁTICA APLICADA,60,30,0,90,0,0,20,True,3.0,,IMD1012 OU IMD0012 OU DIM0118 OU IMD1000 OU DIM0108 ,IMD0019 OU IMD1004 OU DIM0123 ,,"1. Introdução ao computador. 2. Ferramentas de programação. 3. Variáveis e operadores. 4. Estruturas de controle. 5. Funções. 6. Ponteiros. 7. Arranjos, matrizes e strings. 8. Registros, enumerações e uniões.",,"- Apresentar o conceitual teórico-prático de programação estruturada e ferramental para construção de programas de computador;
- Fortalecer o desenvolvimento do raciocínio algorítmico com foco em resolução de problemas;
- Exercitar a interpretação de problemas e sua respectiva modelagem computacional para construção de programas; ","- Conteúdo transversal: interpretação de problemas-contexto, modelagem de soluções computacionais com as estruturas apresentadases
- Introdução ao computador e ferramentas de programação.
- Construção de primeiros programas: instruções e expressões, variáveis e tipos de dados, operadores matemáticos, lógicos e relacionais;
- Estruturas Condicionais: controle de fluxo do programa através de estruturas condicionais e aninhamento de condicionais para construção de estruturas de verificação mais complexas.
- Estruturas de Repetição: implementação de fluxos repetitivos de instruções.
- Funções e subrotinas: conceito, escopo de função, passagem de parâmetros por valor.
- Arranjos: conceito, definição e uso de estruturas sequenciais homogêneas unidimensionais (vetores). Conceito, definição e uso de estruturas sequenciais homogêneas multidimensionais (matrizes). 
- Gestão de memória: alocação de dados na memória do computador (stack, heap). Ponteiros. Alocação dinâmica de memória. Passagem de valores por referência em funções. 
- Registros e Enumerações: conceito e uso de estrututuras sequênciais heterogêneas.
",,,2024.0,1.0,Presencial,
69636,MÓDULO,DIM0129,G,ORGANIZAÇÃO DE COMPUTADORES,DEPARTAMENTO DE INFORMÁTICA E MATEMÁTICA APLICADA,30,30,0,60,0,0,20,True,3.0,,IMD0122 OU DIM0058 OU DIM0431 OU IMD0021 ,( IMD0120 OU DIM0128 ) E ( IMD0121 OU DIM0127 ) ,,"1. Revisão de processadores programáveis
2. Monociclo
3. Multiciclo
4. Pipeline
5. Arquiteturas Avançadas
5.1 Superscalar
5.2 VLIW
6. Arquiteturas Paralelas
6.1 DSP, GPU, Multiprocessadores
6.2 Conceitos de redes em chip
6.3 Conceitos de sistemas de memória distribuída
7. Linguagem para descrição de hardware",,A definir,A definir,,,2024.0,1.0,Presencial,
69635,MÓDULO,DIM0128,G,CIRCUITOS LÓGICOS,DEPARTAMENTO DE INFORMÁTICA E MATEMÁTICA APLICADA,30,30,0,60,0,0,20,True,3.0,,IMD0120 OU DIM0109 OU ( DIM0402 E DIM0403 ) OU DCA0202 OU ELE0424 OU IMD0011 ,IMD0121 OU DIM0127 OU DIM0431 ,,"Introdução aos sistemas digitais eletrônicos, Algebra Booleana, Circuitos lógicos combinacionais, Circuitos
lógicos seqüenciais, Aritmética digital, Arquitetura de operadores aritméticos, operadores seriais e
paralelos, Análise de Máquinas Seqüenciais Síncronas: modelos de Mealy e Moore.",,A definir,A definir,,,2024.0,2.0,Presencial,
69634,MÓDULO,DIM0127,G,ARQUITETURA DE COMPUTADORES,DEPARTAMENTO DE INFORMÁTICA E MATEMÁTICA APLICADA,30,30,0,60,0,0,20,True,3.0,,IMD0121 OU DIM0058 OU DIM0431 OU DCA0104 OU DCA0404 OU IMD0041 OU IMD0021 ,IMD0012 OU DIM0118 OU IMD1012 OU DIM0133 OU DIM0151 ,,"1. Sistemas de numeração
1.1 Aritmética binária
2. Álgebra Booleana
2.1 expressões booleanas
2.2 forma soma de produtos
2.3 simplificação
2.4 mapa de karnaugh
3. Conceitos sobre circuitos
3.1 combinacionais e sequenciais
4. Modelos didáticos de processadores
4.1 organização e arquitetura
4.2 conjunto de instruções
4.3 modos de end. de operandos
4.4 modos de execução de instruções
5. Hierarquia de Memória
5.1 principal
5.2 cache
5.3 virtual
6. Barramento
7. Sistemas de Entrada/Saída
8. Estrutura de Software
8.1 Linguagem de programação, compilador, interpretador, assembler, linker, loader, controle de fluxo
8.2 Linguagem Assembly",,Estudar os princípios de arquitetura de computadores,"1. Sistemas de numeração
1.1 Aritmética binária
2. Álgebra Booleana
2.1 expressões booleanas
2.2 forma soma de produtos
2.3 simplificação
2.4 mapa de karnaugh
3. Conceitos sobre circuitos
3.1 combinacionais e sequenciais
4. Modelos didáticos de processadores
4.1 organização e arquitetura
4.2 conjunto de instruções
4.3 modos de end. de operandos
4.4 modos de execução de instruções
5. Hierarquia de Memória
5.1 principal
5.2 cache
5.3 virtual
6. Barramento
7. Sistemas de Entrada/Saída
8. Estrutura de Software
8.1 Linguagem de programação, compilador, interpretador, assembler, linker, loader, controle de fluxo
8.2 Linguagem Assembly",,,2024.0,2.0,Presencial,
69624,MÓDULO,IMD1125,G,TÓPICOS ESPECIAIS EM INTELIGÊNCIA COMPUTACIONAL F,INSTITUTO METROPOLE DIGITAL,0,30,0,30,0,0,20,True,3.0,,,,,Tópicos de interesse da área Inteligência Computacional.,,,,,,,,Presencial,
69623,MÓDULO,IMD1124,G,TÓPICOS ESPECIAIS EM INTELIGÊNCIA COMPUTACIONAL E,INSTITUTO METROPOLE DIGITAL,0,30,0,30,0,0,20,True,3.0,,,,,Tópicos de interesse da área Inteligência Computacional.,,.,.,,,2024.0,2.0,Presencial,
69622,MÓDULO,IMD1123,G,TÓPICOS ESPECIAIS EM INTELIGÊNCIA COMPUTACIONAL D,INSTITUTO METROPOLE DIGITAL,30,30,0,60,0,0,20,True,3.0,,,,,Tópicos de interesse da área Inteligência Computacional.,,a definir,a definir,,,2024.0,2.0,Presencial,
69621,MÓDULO,IMD1122,G,TÓPICOS ESPECIAIS EM INTELIGÊNCIA COMPUTACIONAL C,INSTITUTO METROPOLE DIGITAL,30,30,0,60,0,0,20,True,3.0,,,,,Tópicos de interesse da área Inteligência Computacional.,,topicos especiais em inteligência artificial,topicos especiais em inteligência artificial,,,2020.0,2.0,Presencial,
69619,MÓDULO,IMD1120,G,TÓPICOS ESPECIAIS EM INTELIGÊNCIA COMPUTACIONAL A,INSTITUTO METROPOLE DIGITAL,30,30,0,60,0,0,20,True,3.0,,,,,Tópicos de interesse da área Inteligência Computacional.,,a definir,a definir,,,2020.0,1.0,Presencial,
69602,MÓDULO,IMD0802,G,DESIGN DE NÍVEIS DE JOGOS,INSTITUTO METROPOLE DIGITAL,60,0,0,60,0,0,20,True,3.0,,,IMD0801 ,,Técnicas e ferramentas de design de níveis. Desenvolvimento de ambientes. Criação de narrativas e personagens. Construção do gameplay. Criação de Quests. Sistemas de feedback. Balanceamento. Testes.,,a definir.,a definir.,,,2024.0,1.0,Presencial,
69589,MÓDULO,IMD0911,G,APLICAÇÕES EM INTERNET DAS COISAS,INSTITUTO METROPOLE DIGITAL,30,30,0,60,0,0,20,True,3.0,,,,,"Aplicação da Internet das Coisas em diferentes contextos: automação residencial, domótica e edifício inteligente; cidades inteligentes; indústria (logística, manufatura, smart grid, agricultura, indústria 4.0); saúde; transportes e carro conectado e outras. Integração de sistemas IoT.",,A DEFINIR,"Aplicação da Internet das Coisas em diferentes contextos: automação residencial, domótica e edifício inteligente; cidades inteligentes; indústria (logística, manufatura, smart grid, agricultura, indústria 4.0); saúde; transportes e carro conectado e outras. Integração de sistemas IoT.",,,2024.0,2.0,Presencial,
69600,MÓDULO,IMD0526,G,AVALIAÇÃO DE SOFTWARE EDUCACIONAL,INSTITUTO METROPOLE DIGITAL,30,30,0,60,0,0,20,True,3.0,,,,,"1.	Conceitos relacionados a avaliação de software educacional;
2.	Classificação de Softwares Educacionais;
3.	Métodos de avaliação de softwares educacionais;
4.	Técnicas de avaliação de softwares educacionais;
5.	Instrumentos avaliativos de softwares educacionais;",,a definir,a definir,,,2024.0,1.0,Presencial,
68477,MÓDULO,IMD0905,G,CIÊNCIA DE DADOS I,INSTITUTO METROPOLE DIGITAL,30,30,0,60,0,0,20,True,3.0,,IMD1151 ,( IMD0033 OU ECT2207 OU EST0165 ) E ( IMD0012 OU DCA1202 OU DIM0151 ) ,,"Conceitos e definições sobre Ciência dos Dados; produção de dados; armazenamento; análise de dados; visualização, agrupamento e análise em rede.",,a definir.,a definir.,,,2022.0,1.0,Presencial,
68476,MÓDULO,IMD0212,G,INGLÊS NÍVEL BÁSICO,INSTITUTO METROPOLE DIGITAL,30,30,0,60,0,0,20,True,3.0,,,IMD0018 ,,Desenvolvimento da compreensão e da produção oral em língua inglesa a nível básico com ênfase à interação falante / ouvinte em contextos do dia-a-dia.,,"Compreender e usar expressões rotineiras, com enunciados não muito complexos, que visem a troca de informações simples e diretas sobre assuntos que são familiares como, por exemplo, informações pessoais, local onde vive, formação, ocupação, atividades diárias e as pessoas que conhece.","introducing yourself, alphabet / numbers, objects and prepositions, countries and nationalities, clothing / colors, clock time, family, houses and furniture, jobs and workplaces, food and meal habits, prepositions and places in a city, past tense (last weekend and vacations), future plans, etc.",,,2019.0,2.0,Presencial,
66482,MÓDULO,IMD0605,G,SEMINÁRIOS EM BIOINFORMÁTICA,INSTITUTO METROPOLE DIGITAL,30,0,0,30,0,0,20,True,2.0,,,,,Seminários em bioinformática. Genômica. Proteômica. Filogenia. Biologia de Sistemas. Modelagem de Sistemas Biológicos. Neurociência computacional. Big Data.  ,,"O objeto principal é abordar temas de Bioinformática (desenvolvimento, aplicações e análises).  No sentido de viabilizar intercâmbios de conhecimentos, relações e diálogos com ênfase em todos os aspectos relacionados com a análise da estrutura e função de genomas.",Seminários em bioinformática. Genômica. Proteômica. Filogenia. Biologia de Sistemas. Modelagem de Sistemas Biológicos. Neurociência computacional. Big Data.,,,2024.0,2.0,Presencial,
66481,MÓDULO,IMD0811,G,MOTORES DE JOGOS DIGITAIS,INSTITUTO METROPOLE DIGITAL,30,30,0,60,0,0,20,True,3.0,,,IMD0030 OU DIM0110 OU IMD0025 OU DIM0120 OU DIM0176 ,,"Padrões e estilos arquiteturais dos motores de jogos digitais. Componentes dos motores e suas
funcionalidades. Sistema de criação e manipulação de objetos. Edição e gerenciamento de cenários.
Sistema de controle de assets. Iluminação, materiais, tonalizadores e câmeras; Sistema de animação e
automatização de personagens. Sistema de gerenciamento de ventos. Sistema de modelagem física.
Tratamento de colisões.",,.,.,,,2024.0,1.0,Presencial,
66444,MÓDULO,IMD1012,G,INTRODUÇÃO ÀS TÉCNICAS DE PROGRAMAÇÃO,INSTITUTO METROPOLE DIGITAL,60,30,0,90,0,0,20,True,3.0,,( IMD0012 ) OU ( DIM0118 ) OU ( IMD1000 ) OU ( DIM0108 ) OU ( DIM0133 ) OU ( DIM0151 ) ,IMD1004 OU IMD0019 OU DIM0123 ,,"1. Introdução ao computador.
2. Ferramentas de programação.
3. Variáveis e operadores.
4. Estruturas de controle.
5. Funções.
6. Ponteiros.
7. Arranjos, matrizes e strings.
8. Registros, enumerações e uniões.
",,Introduzir conceitos e ferramentas de técnicas de programação aos estudantes.,"1. Introdução ao computador. 
2. Ferramentas de programação. 
3. Variáveis e operadores. 
4. Estruturas de controle. 
5. Funções. 
6. Ponteiros. 
7. Arranjos, matrizes e strings. 
8. Registros, enumerações e uniões.",,,2024.0,2.0,Presencial,
66443,MÓDULO,IMD0424,G,SEGURANÇA NO DESENVOLVIMENTO DE SOFTWARE,INSTITUTO METROPOLE DIGITAL,30,30,0,60,0,0,20,True,3.0,,,IMD0407 ,,"Introdução a Segurança no Desenvolvimento de Software; Conceitos básicos sobre ataques, ameaças e vulnerabilidades; Processo de desenvolvimento de software seguro: Requisitos de segurança, Arquitetura Segura de Software, Implementação Segura de Software, Testes de segurança e invasão; Segurança de aplicações Web.",,,,,,,,Presencial,
68478,MÓDULO,IMD0803,G,JOGOS SÉRIOS E SIMULAÇÕES,INSTITUTO METROPOLE DIGITAL,30,30,0,60,0,0,20,True,3.0,,,IMD0811 ,,"Introdução aos jogos sérios e simulações. Jogos educacionais. Jogos para saúde. Desenvolvimento de Jogos Sérios. Simuladores: defesa e segurança, automóveis e aeronaves, esportes, entre outros. Desenvolvimento de Simulações. Futuro dos jogos sérios e simulações.",,a definir.,a definir.,,,2024.0,2.0,Presencial,
66441,MÓDULO,IMD1001,G,MATEMÁTICA ELEMENTAR,INSTITUTO METROPOLE DIGITAL,60,0,0,60,0,0,20,True,3.0,,IMD0019 ,,,"1. Álgebra elementar:
	Relações de conjuntos;
	O conjunto R;
	Potenciação;
	Polinômios;
	Fatoração;
	Equações lineares e quadráticas;
	Inequações e valores absolutos.
2. Funções e gráficos:
	Conceitos sobre funções;
	Coordenadas em um plano cartesiano;
	Função afim;
	Função exponencial e logarítmica;
	Funções trigonométricas;
	Propriedades de funções e seus gráficos;
	Funções compostas e inversas.
3. Tópicos especiais:
	Números complexos;
	Progressão aritmética e geométrica;
Indução matemática.

",,.,.,,,2024.0,2.0,Presencial,
66438,MÓDULO,IMD1003,G,GEOMETRIA EUCLIDIANA,INSTITUTO METROPOLE DIGITAL,30,0,0,30,0,0,20,True,2.0,,IMD0019 OU MAT1502 OU MAT0349 OU CEA0241 OU LMC0007 ,,,"1.	Axiomas de incidência e ordem;
2.	Axiomas sobre medição de segmentos;
3.	Axiomas sobre medição de ângulos;
4.	Congruência;
5.	O Teorema do ângulo externo;
6.	O Axioma das paralelas;
7.	Semelhança de triângulos;
8.	Construção de demonstração com régua e compasso.
",,.,"1. Axiomas de incidência e ordem; 
2. Axiomas sobre medição de segmentos; 
3. Axiomas sobre medição de ângulos; 
4. Congruência; 
5. O Teorema do ângulo externo; 
6. O Axioma das paralelas; 
7. Semelhança de triângulos; 
8. Construção de demonstração com régua e compasso.",,,2024.0,2.0,Presencial,
66437,MÓDULO,IMD0121,G,ARQUITETURA DE COMPUTADORES,INSTITUTO METROPOLE DIGITAL,30,30,0,60,0,0,20,True,3.0,,DIM0058 OU DIM0431 OU DCA0104 OU DCA0404 OU IMD0041 OU IMD0021 OU DIM0127 ,IMD0012 OU DIM0118 OU IMD1012 OU DIM0133 OU DCA1202 OU DIM0151 ,,"1. Sistemas de numeração
    1.1 Aritmética binária
2. Álgebra Booleana
    2.1 expressões booleanas
    2.2 forma soma de produtos
    2.3 simplificação
    2.4 mapa de karnaugh
3. Conceitos sobre circuitos
    3.1 combinacionais e sequenciais
4. Modelos didáticos de processadores
    4.1 organização e arquitetura
    4.2 conjunto de instruções
    4.3 modos de end. de operandos
    4.4 modos de execução de instruções
5. Hierarquia de Memória
    5.1 principal
    5.2 cache
    5.3 virtual
6. Barramento
7. Sistemas de Entrada/Saída
8. Estrutura de Software
    8.1 Linguagem de programação, compilador, interpretador, assembler, linker, loader, controle de fluxo
    8.2 Linguagem Assembly

",,Apresentar ao aluno conceitos fundamentais da estrutura de um sistema computacional. Reforçar o entendimento e dar suporte aos conceitos que tem base na arquitetura e organização computacional que também podem ser utilizados em outros ramos da computação.,"Sistemas de Numeração: Aritmética Binária (soma, subtração e multiplicação).
Álgebra Booleana: Expressões booleanas, forma soma de produtos, forma produto de somas, simplificação, mapa de Karnaugh.
Conceitos sobre circuitos lógicos combinacionais e sequenciais: portas lógicas básicas (AND, OR, NOT, NAND, NOR, XOR, XNOR), flip-flop (SR, JK) e contador assíncrono.
Arquiteturas de computadores: Von Neumann e Harvard, execução de instruções.
Modelos didáticos de processadores: conjunto de instruções, modos de endereçamento, modo de execução de instruções.
Hierarquia de memória: principal, cache, virtual, princípio da localidade, estratégia de gravação na memória.
Barramento e Entrada/Saída: controlador, portas, modo de transmissão serial e paralelo, pooling, interrupções, DMA e arbitragem.
Estrutura de Software: linguagem assembly e instruções básicas; conceitos de compilador, interpretador, assembler, linker, loader e controle de fluxo.",,,2024.0,2.0,Presencial,
66436,MÓDULO,IMD1002,G,ANÁLISE COMBINATÓRIA,INSTITUTO METROPOLE DIGITAL,30,0,0,30,0,0,20,True,2.0,,IMD0019 OU MAT3023 OU MAT0372 ,,,"1.	Conjuntos
1.1 Representação;
1.2	Operações de união, interseção, complemento e suas propriedades.
2.	Princípios de Contagem
2.1 Princípio aditivo e princípio multiplicativo;
2.2 Fatoriais, permutações, arranjos e combinações;
2.3 Princípio da inclusão e exclusão;
2.4	Princípio da casa dos pombos.
3.	Coeficientes Binomiais
3.1.	Triângulo e fórmula de Pascal;
3.2.	Binômio de Newton.
4.	Contando recursivamente.
",,.,".
",,,2024.0,2.0,Presencial,
66374,MÓDULO,DIM0125,G,BANCO DE DADOS,DEPARTAMENTO DE INFORMÁTICA E MATEMÁTICA APLICADA,60,30,0,90,0,0,20,True,3.0,,( ( DIM0434 OU DIM0541 ) ) ,( IMD0040 OU DIM0116 ) ,,Introdução a bancos de dados. Sistemas de Gerenciamento de Banco de Dados (SGBD): Conceitos e arquiteturas. Modelagem Entidade-Relacionamento (ER) e Entidade-Relacionamento Estendida (EER) e ferramentas. Modelagem relacional e ferramentas. Álgebra e cálculo relacional e ferramentas. Mapeamento entre modelos entidade-relacionamento/relacional. Dependência funcional e normalização e ferramentas. Linguagem de consulta estruturada (SQL) e técnicas de programação. Transações. Controle de concorrência. Técnicas de recuperação de banco de dados. Projeto e desenvolvimento de sistema de banco de dados.,,"	Apresentar sistemas gerenciadores de banco de dados do ponto de vista de seu uso
	Apresentar técnicas de modelagem de dados
	Apresentar técnicas de normalização de modelos de dados
	Projetar banco de dados
	Implementar sistemas que façam uso de banco de dados

COMPETÊNCIAS E HABILIDADES 
	Desenvolver capacidades para avaliar diferentes sistemas gerenciadores de banco de dados baseados em suas características técnicas
	Desenvolver capacidades para criar modelos de dados
	Desenvolver capacidades para implementar modelos de dados
	Desenvolver capacidades para implementar sistemas que façam uso de banco de dados
","	Introdução a banco de dados
	Sistemas de Gerenciamento de Banco de Dados (SGBD): Conceitos e arquiteturas
	Modelagem Entidade-Relacionamento (ER)
	Modelagem Entidade-Relacionamento Estendida (EER)
	Ferramentas de modelagem Entidade-Relacionamento
	Modelagem relacional
	Ferramentas de modelagem relacional
	Álgebra e cálculo Relacional
	Ferramentas de álgebra relacional
	Mapeamento entre Modelos Entidade-Relacionamento/Relacional
	Dependência funcional e normalização
	Ferramentas de dependência funcional e normalização
	Linguagem de consulta estruturada (SQL)
	Técnicas de programação com linguagem de consulta estruturada (SQL)
	Transações
	Controle de concorrência
	Técnicas de recuperação de banco de dados
	Projeto e desenvolvimento de sistema de banco de dados",,,2024.0,1.0,Presencial,
66373,MÓDULO,DIM0124,G,PROGRAMAÇÃO CONCORRENTE,DEPARTAMENTO DE INFORMÁTICA E MATEMÁTICA APLICADA,30,30,0,60,0,0,20,True,3.0,,( ( DIM0542 OU DIM0612 ) ) ,( IMD0036 OU DIM0131 OU DIM0615 OU IMD0042 ) E ( IMD0040 OU DIM0116 OU ( DIM0176 E DIM0437 ) ) ,,"Conceituação sobre programação concorrente: definições, primitivas básicas, problemas clássicos. Processos e threads: conceitos e técnicas de programação. Mecanismos de sincronização e controle de acesso. Transações concorrentes. Especificação, verificação e validação de programas concorrentes. Questões de projeto, desempenho, teste e depuração de programas concorrentes.",,"	Introduzir o paradigma de programação concorrente
	Ressaltar a importância da programação concorrente no desenvolvimento dos sistemas atuais
	Discutir os principais problemas relacionados à programação concorrente
	Conhecer os mecanismos de controle de concorrência
	Apresentar algumas bibliotecas e mecanismos oferecidos pelas linguagens de programação para o desenvolvimento de programas concorrentes
	Discutir questões relacionadas ao projeto, desempenho, teste e depuração de programas concorrentes

COMPETÊNCIAS E HABILIDADES:
	Compreender os principais conceitos relacionados à programação concorrente
	Identificar problemas no contexto do desenvolvimento de programas concorrentes e como trata-los
	Desenvolver programas concorrentes fazendo uso de bibliotecas e mecanismos providos por linguagens de programação","	Revisão de conceitos relacionados a arquitetura de computadores e sistemas operacionais
	Conceituação sobre programação concorrente
	Problemas em programação concorrente
	Processos e threads
	Programação com threads
	Mecanismos de sincronização e controle de acesso
	Técnicas de sincronização: Aplicações em estruturas de dados
	Transações e memória transacional
	Introdução a álgebras de processos
	Programação concorrente em Go
	Mecanismos avançados de programação concorrente
	Projeto, desempenho, teste e depuração de programas concorrentes.",,,2024.0,2.0,Presencial,
66368,MÓDULO,DIM0123,G,PENSAMENTO COMPUTACIONAL,DEPARTAMENTO DE INFORMÁTICA E MATEMÁTICA APLICADA,30,30,0,60,0,0,20,True,3.0,,( IMD1004 ) OU ( IMD0019 ) ,,,"Introdução ao pensamento computacional: decomposição, reconhecimento de padrões, abstração, algoritmo (sequência de passos e formas de representação). Raciocínio lógico (dedutivo, indutivo e abdutivo) e lógico-matemático (problemas e jogos). Programação visual: princípios de programação, programas simples, programas intermediários, reutilização de código, compilação dos conceitos anteriores. Programação textual com linguagem procedural de alto nível: princípios de programação, programas simples, reutilização de código.",,A definir,A definir,,,2024.0,1.0,Presencial,
66440,MÓDULO,IMD1004,G,PENSAMENTO COMPUTACIONAL,INSTITUTO METROPOLE DIGITAL,30,30,0,60,0,0,20,True,3.0,,( DIM0123 ) OU ( IMD0019 ) ,,,"Introdução ao pensamento computacional: decomposição, reconhecimento de padrões, abstração, algoritmo (sequência de passos e formas de representação). Raciocínio lógico (dedutivo, indutivo e abdutivo) e lógico-matemático (problemas e jogos). Programação visual: princípios de programação, programas simples, programas intermediários, reutilização de código, compilação dos conceitos anteriores. Programação textual com linguagem procedural de alto nível: princípios de programação, programas simples, reutilização de código.",,Fornecer ao discente os elementos necessários para desenvolver o raciocínio lógico e pensamento estruturado necessários para o aprendizado da prática da programação de computadores.,"Introdução ao pensamento computacional: decomposição, reconhecimento de padrões, abstração, algoritmo (sequência de passos e formas de representação). Raciocínio lógico (dedutivo, indutivo e abdutivo) e lógico-matemático (problemas e jogos). Programação visual: princípios de programação, programas simples, programas intermediários, reutilização de código, compilação dos conceitos anteriores. Programação textual com linguagem procedural de alto nível: princípios de programação, programas simples, reutilização de código.",,,2024.0,2.0,Presencial,
68479,MÓDULO,IMD0530,G,"SOFTWARE LIVRE, EDUCAÇÃO E CULTURA",INSTITUTO METROPOLE DIGITAL,60,0,0,60,0,0,20,True,3.0,,,,,"História do movimento&#8203;Software Livre. Software Livre, inclusão digital e democratização conhecimento. Cultura Livre. Ferramentas e recursos digitais sob licenças livres  Software Educativo Livre (SEL), Objeto de Aprendizagem (OA) e Ambientes Virtuais de Aprendizagem (AVA). Recursos Educacionais Abertos (REA). Avaliação e produção de projetos educativos em &#8203;Software&#8203; e Hardware Livre ou Aberto.",,"""* Analisar o movimento Software Livre e seus desdobramentos na Sociedade da Informação;
* Conceituar Software livre (SL) e suas derivações;
* Relacionar argumentos sobre a relação SL, inclusão digital e democratização conhecimento;
* Definir Cultura Livre e sua relação com propriedade intelectual por meio de licenças e formatos abertos;
* Conhecer e utilizar ferramentas e recursos educacionais abertos (REA);
* Estabelecer critérios para avaliação e produção de projetos educativos livres.""","História do movimento Software Livre. Software Livre, inclusão digital e democratização conhecimento. Cultura Livre. Recursos Educacionais Abertos (REA). Ferramentas e recursos digitais sob licenças livres  Software Educativo Livre (SEL), Objeto de Aprendizagem (OA) e Ambientes Virtuais de Aprendizagem (AVA). Avaliação e produção de projetos educativos em Software e Hardware Livre ou Aberto.",,,2023.0,2.0,Presencial,
68482,MÓDULO,IMD0531,G,PRÁTICAS EDUCACIONAIS INOVADORAS COM TECNOLOGIAS DIGITAIS,INSTITUTO METROPOLE DIGITAL,60,0,0,60,0,0,20,True,3.0,,,,,"Habilidades e competências para o Século XXI. Inovação no contexto educacional. Tendências de tecnologias na educação: cultura maker, pensamento computacional, robótica educacional e tecnologias móveis. Metodologias ativas: Aprendizagem Baseada em Projetos; Aprendizagem por Pares; Design Thinking; Ensino Híbrido e Sala de Aula Invertida. Desenvolvimento de práticas e projetos inovadores em Educação.",,"""* Descrever habilidades e competências necessárias aos cidadãos do Século XXI;
* Reconhecer experiências inovadoras no contexto educacional;
* Identificar tendências de tecnologias na educação;
* Aplicar metodologias ativas com tecnologias digitais;
Desenvolver práticas e projetos inovadores em Educação com suporte de tecnologias digitais.""","Habilidades e competências para o Século XXI. Inovação no contexto educacional. Tendências de tecnologias na educação: cultura maker, pensamento computacional, robótica educacional e tecnologias móveis. Metodologias ativas: Aprendizagem Baseada em Projetos; Aprendizagem por Pares; Design Thinking; Ensino Híbrido e Sala de Aula Invertida. Desenvolvimento de práticas e projetos inovadores em Educação.",,,2024.0,2.0,Presencial,
68510,MÓDULO,IMD0821,G,TÉCNICAS AVANÇADAS PARA MOTORES DE JOGOS DIGITAIS,INSTITUTO METROPOLE DIGITAL,30,30,0,60,0,0,20,True,3.0,,,IMD0811 ,,Geração procedural. Iluminação volumétrica. Multithread. Física customizada. Estatísticas de performance e otimização. Carregamento assíncrono de assets. Níveis de detalhes dinâmicos .,,a definir.,a definir.,,,2024.0,2.0,Presencial,
69599,MÓDULO,IMD0525,G,ANÁLISE COMPUTACIONAL DA APRENDIZAGEM,INSTITUTO METROPOLE DIGITAL,30,30,0,60,0,0,20,True,3.0,,,,,"1. Conceitos de Learning Analytics;
2. Análise estatística aplicada à Educação;
3. Mineração de dados Educacionais;
4. Análise do sentimento;
5. Visualização de dados educacionais;",,a definir,a definir,,,2024.0,1.0,Presencial,
69598,MÓDULO,IMD0912,G,METODOLOGIA DE PROJETO DE IOT,INSTITUTO METROPOLE DIGITAL,30,30,0,60,0,0,20,True,3.0,,,,,"- Introdução aos sistemas embarcados e Internet das Coisas (IoT).
- Camadas em IoT: Coisas/Fog, Comunicação e Cloud/Aplicações.
- Conceitos em gerenciamento de projetos. &#8232;- Metodologias de projetos em sistemas embarcados para IoT. &#8232;- Especificação e modelagem de sistemas embarcados para IoT.&#8232;- Ferramentas para implementação e acompanhamento de projetos em IoT. &#8232;- Particionamento entre hardware e software e camada de interfaceamento.
- Implementação e validação.",,a definir,a definir,,,2020.0,1.0,Presencial,
69597,MÓDULO,IMD0295,G,TÓPICOS ESPECIAIS EM INTERNET DAS COISAS F,INSTITUTO METROPOLE DIGITAL,0,30,0,30,0,0,20,True,3.0,,,,,Tópicos de interesse da área de Internet das Coisas.,,a definir,a definir,,,2020.0,2.0,Presencial,
69596,MÓDULO,IMD0294,G,TÓPICOS ESPECIAIS EM INTERNET DAS COISAS E,INSTITUTO METROPOLE DIGITAL,0,30,0,30,0,0,20,True,1.0,,,,,Tópicos de interesse da área de Internet das Coisas.,,Capacitar os estudantes em Tópicos de interesse da área de Internet das Coisas.,Tópicos de interesse da área de Internet das Coisas.,,,2024.0,2.0,Presencial,
69595,MÓDULO,IMD0293,G,TÓPICOS ESPECIAIS EM INTERNET DAS COISAS D,INSTITUTO METROPOLE DIGITAL,30,30,0,60,0,0,20,True,3.0,,,,,Tópicos de interesse da área de Internet das Coisas.,,a definir,a definir,,,2024.0,2.0,Presencial,
69594,MÓDULO,IMD0292,G,TÓPICOS ESPECIAIS EM INTERNET DAS COISAS C,INSTITUTO METROPOLE DIGITAL,30,30,0,60,0,0,20,True,3.0,,,,,Tópicos de interesse da área de Internet das Coisas.,,.,.,,,2024.0,2.0,Presencial,
69593,MÓDULO,IMD0291,G,TÓPICOS ESPECIAIS EM INTERNET DAS COISAS B,INSTITUTO METROPOLE DIGITAL,30,30,0,60,0,0,20,True,3.0,,,,,Tópicos de interesse da área de Internet das Coisas.,,a definir,a definir,,,2023.0,2.0,Presencial,
69592,MÓDULO,IMD0290,G,TÓPICOS ESPECIAIS EM INTERNET DAS COISAS A,INSTITUTO METROPOLE DIGITAL,30,30,0,60,0,0,20,True,3.0,,,,,Tópicos de interesse da área de Internet das Coisas.,,a definir.,a definir.,,,2024.0,2.0,Presencial,
69591,MÓDULO,IMD0908,G,COMPUTAÇÃO ELÁSTICA PARA INTERNET DAS COISAS,INSTITUTO METROPOLE DIGITAL,30,30,0,60,0,0,20,True,3.0,,,,,"Conceitos e modelos de serviços: SaaS (Softaware as a Service), PaaS (Plataform as a Service), IaaS (Infraestructe as a Service); Nuvem pública, privada ou híbrida. Infraestruturas e mecanismos; Fog Computing (""Computação em Névoa""); Aspectos de implementação, segurança, armazenamento, custo/preço, qualidade de serviço e SLA; Padrões de mercado; Estudos de caso. Melhores práticas, estratégias de adoção e padrões de maturidade de adoção da nuvem. ",,,,,,,,Presencial,
69590,MÓDULO,IMD0910,G,SEGURANÇA E PRIVACIDADE EM INTERNET DAS COISAS,INSTITUTO METROPOLE DIGITAL,30,30,0,60,0,0,20,True,3.0,,,,,"Impacto do conceito de IoT para a segurança computacional. Conceitos gerais de Criptografia. Vulnerabilidades, ataques e contramedidas em IoT; Preservação da Privacidade em IoT; Confiança e Autenticação em IoT; Segurança de Dados em IoT; Preocupações de segurança na integração de dados na nuvem.",,,,,,,,Presencial,
69693,MÓDULO,IMD0122,G,ORGANIZAÇÃO DE COMPUTADORES,INSTITUTO METROPOLE DIGITAL,30,30,0,60,0,0,20,True,3.0,,DIM0129 OU DIM0058 OU DIM0431 OU IMD0021 ,( IMD0120 OU DIM0128 ) E ( IMD0121 OU DIM0127 ) ,,"1. Revisão de processadores programáveis
2. Monociclo
3 . Multiciclo
4. Pipeline
5. Arquiteturas Avançadas
5.1 Superscalar   
5.2 VLIW
6. Arquiteturas Paralelas
6.1 DSP, GPU, Multiprocessadores
6.2 Conceitos de redes em chip
6.3 Conceitos de sistemas de memória distribuída
7. Linguagem para descrição de hardware",,,,,,,,Presencial,
69588,MÓDULO,IMD0903,G,DISPOSITIVOS PARA INTERNET DAS COISAS,INSTITUTO METROPOLE DIGITAL,30,30,0,60,0,0,20,True,3.0,,,,,"Conceitos de Circuitos Elétricos: Elementos de circuitos; Leis fundamentais dos circuitos ; Teoremas: superposição, Thevenin e Norton; Capacitores; Indutores; e Resolução de Circuitos. Conceitos de Circuitos Eletrônicos: Introdução Semicondutores; Diodos (Funcionamento, Zener, LED, Retificadores e Circuitos com diodos); TBJ (Funcionamento; Análise DC; Configurações EC, BC, CC); Amplificadores Operacionais (Funcionamento; Configurações com opamp (comparador, inversor, somador, subtrator); Análise de circuitos com opamp); Sensores e Componentes básicos: Componentes (Relé, Circuitos integrados [Temporizadores e Contadores]), Motor, Buzzer, Microfone e Alto falantes); Sensores (Fototransistor, LDR, Sensor de temperatura, Sensor de peso, Sensor de vibração, Sensor de distância ultrassônico e Célula fotovoltaica).",,"""Criar a base para os alunos poderem analisar e propor soluções de eletrônica analógica
Ensinar técnincas de análise de circuitos analógicos a fim de promover o entendimento do funcionamento de sensores e atuadores
Ensinar os principais elementos de circuito analógico bem como suas aplicações
Ensinar como aplicar e dimensionar elementos de circuito analógico em aplicações simples""","""1. Conceitos de Circuitos Elétricos 
1.1. Elementos de circuitos 
1.2. Leis fundamentais dos circuitos 
1.3. Teoremas: superposição, Thevenin e Norton.
        1.4. Capacitores 
        1.5. Indutores 
        1.6. Resolução de Circuitos
2. Conceitos de Circuitos Eletrônicos
        2.1 Introdução Semicondutores
        2.2 Diodos
                2.2.1 Funcionamento
                2.2.2 Zener
                2.2.3 LED
                2.2.4 Retificadores
                2.2.5 Circuitos com diodos
        2.3 TBJ
                2.3.1 Funcionamento
                2.3.2 Análise DC
                2.3.3 Configurações EC, BC, CC
        2.4 Amplificadores Operacionais
                2.4.1 Funcionamento
                2.4.2 Configurações com opamp (comparador, inversor, somador, subtrator)
                2.4.3 Análise de circuitos com opamp
3. Sensores e Componentes básicos
3.1 Componentes 
3.1.1 Relé
3.1.2 Circuitos integrados (Temporizadores e Contadores)
3.1.3 Motor
3.1.4 Buzzer
3.1.5 Microfone
3.1.6 Alto falantes
3.2 Sensores
3.2.1 Fototransistor
3.2.2 LDR
3.2.3 Sensor de temperatura
3.2.4 Sensor de peso
3.2.5 Sensor de vibração
3.2.6 Sensor de distância ultrassônico
                3.2.7 Célula fotovoltaica
""""						""",,,2024.0,1.0,Presencial,
69587,MÓDULO,IMD0902,G,INTRODUÇÃO A INTERNET DAS COISAS,INSTITUTO METROPOLE DIGITAL,30,30,0,60,0,0,20,True,3.0,,,,,"O conceito de Internet das Coisas (do inglês Internet o Things ou simplesmente IoT); Histórico, conceitos e definições gerais; Visão geral do estado da arte e principais tecnologias envolvidas; Arquiteturas dos sistemas; Cenários e aplicações: área industrial, planejamento urbano, cidades inteligentes, sistemas de transporte, sistemas logísticos, monitoramento interno e ambiental, sustentabilidade, gerenciamento inteligente, área de saúde, automação predial e residencial, sistemas elétricos, segurança, espaços inteligentes, agronegócio, etc; Visão geral das plataformas de desenvolvimento; Ética, privacidade e segurança; Perspectivas futuras e estratégias para a evolução. ",,"""Explicar e discutir os conceitos princiapais relacionados com a internet das coisas e suas aplicações
Ensinar os conceitos tecnologicos relacionados com iot (Frontend, Plataforma de Iot/Backend, inteligencia/business model)
Ensinar técnicas e tecnologias relacionadas ao desenvolvivmento de aplicações de IoT usando sistemas pré montados (plataformas de iot, sensores simples e microprocessador)
Ensinar técnicas de desenvolvimento de plataformas de IoT/backend IoT usando tecnologias de prototipagem web (Node.js, node red, etc)
Consolidar os conhecimentos adquiridos através de projetos desenvolvidos no semestre""","O conceito de Internet das Coisas (do inglês Internet o Things ou simplesmente IoT); Histórico, conceitos e definições gerais; Visão geral do estado da arte e principais tecnologias envolvidas; Arquiteturas dos sistemas; Cenários e aplicações: área industrial, planejamento urbano, cidades inteligentes, sistemas de transporte, sistemas logísticos, monitoramento interno e ambiental, sustentabilidade, gerenciamento inteligente, área de saúde, automação predial e residencial, sistemas elétricos, segurança, espaços inteligentes, agronegócio, etc; Visão geral das plataformas de desenvolvimento; Ética, privacidade e segurança; Perspectivas futuras e estratégias para a evolução.",,,2024.0,2.0,Presencial,
69586,MÓDULO,IMD0904,G,PLATAFORMAS DE HARDWARE PARA INTERNET DAS COISAS,INSTITUTO METROPOLE DIGITAL,30,30,0,60,0,0,20,True,3.0,,,,,"Arquitetura de Microcontroladores e microprocessadores, Definições e aplicações das plataformas de IoT, Programação em C para IoT, Programação em Python IoT, Projeto em Plataformas, Práticas em plataforma Arduino, Práticas em plataforma ESP, Práticas em plataforma Raspberry.",,"""Ensinar conceitos básicos de eletrônica, para alunos iniciantes na área
Ensinar conceitos básicos relacionados com as plataformas de hardware mais usadas no contexto de IoT (arduino e ESP)
Ensinar os discentes a usar sensores e atuadores junto das plataformas de hardware
Ensinar os discentes a programar aplicações para plataformas de hardware
Ensinar conceitos de comunicação entre plataformas de hardware, tornando possivel o desenvolvimento de aplicações compostas por uma ou mais plataformas microcontroladas
Ensinar técnicas que permitam comunicação com as aplicações nas plataformas de hardware através da internet ou de aplicativos móveis
Consolidar o conhecimento usando projetos desenvolvidos durante a disciplinas""","Arquitetura de Microcontroladores mais usados em IoT, aplicações de plataformas de hardware para IoT,  Programação em Python e C++/C em plataformas de hardware, Projeto com Plataformas de Hardware, Práticas em plataforma Arduino, Práticas em plataforma ESP",,,2024.0,2.0,Presencial,
69585,MÓDULO,IMD0907,G,TECNOLOGIAS DE COMUNICAÇÃO PARA INTERNET DAS COISAS,INSTITUTO METROPOLE DIGITAL,30,30,0,60,0,0,20,True,3.0,,,,,"Fundamentos de comunicação de dados. Técnicas de transmissão de dados. Protocolos em camadas. Tecnologias de comunicação para dispositivos IoT: Bluetooth, ZigBee, 6LoWPAN, Wi-Fi, 3G & 4G, NFC, RFID , Ethernet e outras.",,A DEFINIR,A DEFINIR,,,2024.0,1.0,Presencial,
69601,MÓDULO,IMD0607,G,MODELAGEM E SIMULAÇÃO COMPUTACIONAL,INSTITUTO METROPOLE DIGITAL,30,30,0,60,0,0,20,True,3.0,,,,,"1.	Filosofia da ciência e princípios teóricos de modelagem e simulação;
2.	Princípios de metodologia científica;
3.	Princípios teóricos de sistemas complexos;
4.	Granularidade na análise de sistemas;
5.	Aspectos de cálculo numérico aplicado a simulação computacional;
6.	Modelagem baseada em eventos;
7.	Modelos de sistemas dinâmicos lineares e não-lineares;
8.	Modelagem baseada em agentes;
9.	Modelagem estrutural;
10.	Modelos determinísticos e estocásticos;
11.	Exemplos de aplicações práticas de modelagem e simulação computacional; 
12.	Projeto de modelagem e simulação computacional.",,Introduzir aos alunos os conceitos e técnicas de modelagem e simulação computacional.,"""1.	Filosofia da ciência e princípios teóricos de modelagem e simulação; 
2.	Princípios de metodologia científica; 
3. Princípios teóricos de sistemas complexos; 
4.	Granularidade na análise de sistemas; 
5.	Aspectos de cálculo numérico aplicado a simulação computacional; 
6.	Modelagem baseada em eventos; 
7.	Modelos de sistemas dinâmicos lineares e não-lineares; 
8.	Modelagem baseada em agentes; 
9.	Modelagem estrutural; 
10.	Modelos determinísticos e estocásticos; 
11.	Exemplos de aplicações práticas de modelagem e simulação computacional; 
12.	Projeto de modelagem e simulação computacional.""",,,2023.0,2.0,Presencial,
66439,MÓDULO,IMD0425,G,INFRAESTRUTURA WEB,INSTITUTO METROPOLE DIGITAL,60,0,0,60,0,0,20,True,3.0,,,IMD0404 ,,"Instalação, configuração e administração de servidores de aplicações Web; Atualização de informações em sites web; Configuração de serviços em servidores de aplicação Web; Metodologias de análise de acesso, tráfego na Web;",,"""Familiarizar o aluno com conceitos relativos à servidores de aplicação Java, possibilitando que ele tenha condições de projetar arquiteturas para a implantação de aplicações desenvolvidas na plataforma Java, incluindo balanceamento de carga, replicação de sessão e noções de segurança aplicadas aos servidores de aplicação. 
Para isso o aluno irá:
Desenvolver a capacidade de projetar um ambiente para a implantação de aplicações desenvolvidas na plataforma Java;
Desenvolver a capacidade de descrever os componentes de um servidor de aplicação para a plataforma Java;
Desenvolver a capacidade de analisar o tráfego do servidor de aplicação;
""","Instalação, configuração e administração de servidores de aplicações Web; Atualização de informações em sites web; Configuração de serviços em servidores de aplicação Web; Metodologias de análise de acesso, tráfego na Web;",,,2019.0,2.0,Presencial,
76382,MÓDULO,DIM0163,G,ASPECTOS SOCIAIS DA CIÊNCIA DA COMPUTAÇÃO,DEPARTAMENTO DE INFORMÁTICA E MATEMÁTICA APLICADA,0,0,0,30,0,0,20,True,3.0,,IMD0020 OU IMD0015 ,DIM0161 ,,"Impactos da computação na sociedade moderna. Sustentabilidade e responsabilidade socioambiental. Computação e desenvolvimento humano, justiça e inclusão social, democracia e cidadania. Direitos Humanos. Relações étnico-raciais. História e cultura afro-brasileira, africana e indígena. Acessibilidade digital. A profissão do cientista da computação. Academia e mercado de trabalho nos âmbitos regional, nacional e internacional. A globalização da computação. Criatividade, interdisciplinaridade, visão empreendedora e de inovação. Trabalho em equipe e cooperação.  Soft skills. Ética e questões legais da computação.  Discriminação algorítmica.
",,A definir,A definir,,,2024.0,2.0,Presencial,
69696,MÓDULO,IMD0718,G,FORENSE COMPUTACIONAL,INSTITUTO METROPOLE DIGITAL,30,30,0,60,0,0,20,True,3.0,,,IMD0043 OU DCA0130 ,,Conceitos básicos sobre perícia forense computacional/digital; técnicas de investigação forense computacional; legislação de crimes cibernéticos; políticas de boas práticas de segurança; conceitos e os principais tipos de ataques digitais; persistência e volatilidade da informação; ferramentas forenses computacionais.,,a definir.,Conceitos básicos sobre perícia forense computacional/digital; técnicas de investigação forense computacional; legislação de crimes cibernéticos; políticas de boas práticas de segurança; conceitos e os principais tipos de ataques digitais; persistência e volatilidade da informação; ferramentas forenses computacionais.,,,2024.0,2.0,Presencial,
76371,MÓDULO,DIM0151,G,INTRODUÇÃO ÀS TÉCNICAS DE PROGRAMAÇÃO,DEPARTAMENTO DE INFORMÁTICA E MATEMÁTICA APLICADA,0,45,0,90,0,0,20,True,3.0,,DIM0133 OU DIM0118 OU IMD1012 OU IMD0012 ,,,"Introdução ao pensamento computacional: decomposição, reconhecimento de padrões, abstração, algoritmo. Princípios de programação. Variáveis e tipos de dados. Arranjos. Matrizes. Strings. Funções. Conceito de  Recursão. Uso de estruturas de dados básicas: filas, pilhas, deques e dicionários. Resolução de problemas de programação.
",,a definir,a definir,,,2024.0,2.0,Presencial,
76370,MÓDULO,DIM0152,G,MATEMÁTICA PARA A COMPUTAÇÃO I,DEPARTAMENTO DE INFORMÁTICA E MATEMÁTICA APLICADA,0,0,0,60,0,0,20,True,3.0,,( ( DIM0115 OU IMD0028 ) E ( DIM0121 OU IMD0038 ) ) OU ( DIM0177 E DIM0178 ) ,,,"Os naturais e o tipo de dados correspondente; seus construtores (zero, succ) e sua teoria: implementação recursiva das suas principais operações, e verificação indutiva das suas principais propriedades. O tipo de dados dos boolianos. Ordens sobre os naturais: especificação e verificação de suas propriedades. Outras funções e relações, e suas propriedades. Indução como princípio e técnica de demonstração em matemática. A unicidade dos naturais (a menos de isomorfismo). Tipos de dados das listas: implementação recursiva e verificação indutiva de suas principais propriedades. Outros tipos de dados recursivos: árvores; expressões aritméticas; fórmulas; termos do cálculo lambda. Numerais binários, definição de semântica e seu uso para verificação de corretude.

Axiomas sobre os inteiros (domínio de integridade bem-ordenado). Demonstrações de teoremas usando os axiomas sobre as operações e sobre a ordem. A relação de divisibilidade: verificação de suas principais propriedades. Infinitude dos primos: demonstração construtiva de Euclides. Lema de divisão. Sistemas posicionais para numerais: demonstração da sua corretude. mdc & mmc: demonstrações das suas propriedades. Algoritmo estendido de Euclides: corretude & terminação. Demonstração do teorema Fundamental de Aritmética. Congruência módulo um inteiro: demonstrações das suas propriedades. Aritmética modular e propriedades do Z/mZ. Teoremas de Fermat e de Euler. Conjecturas & aplicações. 
",,"Objetivos de aprendizagem: 
Compreensão de como definir recursivamente tipos de dados, funções, e relações, e de como demonstrar propriedades sobre tais coleções de dados por indução. Familiarização com o uso da linguagem matemática e das principais técnicas de demonstração e refutação. Prática com a escrita de definições por recursão e de demonstrações por indução. Prática de recursão e indução estrutural sobre tipos de dados recursivos. Apreciação de coleções potencialmente infinitas do ponto de vista implementacional, recursivo, e verificação matemática de suas propriedades de interesse. Familiarização com o casamento de padrões e seu uso em definições, demonstrações, e cálculos. Prática de recursão mútua e indução aninhada. Familiarização com a inferência de tipos e sensibilização acerca de como evitar erros de tipagem. Familiarização com as notações e nomenclaturas matemáticas e computacionais usuais.  Apreciação da diferença e da conexão entre sintaxe e semântica.
","1. Os naturais e o tipo Nat; seus construtores (zero, sucessor) e sua teoria: implementação recursiva das suas principais operações, e verificação indutiva das suas principais propriedades.
.... definição de adição, multiplicação, exponenciação
.... precedência e associatividade sintática vs associatividade
.... como calcular usando definições recursivas
.... demonstração por casos (zero ou sucessor) vs por indução
.... demonstração de propriedades das operações
.... .... associatividade da (+)
.... .... comutatividade da (+)
.... .... 0 é a (+)-identidade
.... .... relação entre aplicar o sucessor e adicionar 1
.... .... 1 é a (·)-identidade
.... .... associatividade da (·)
.... .... distributividade da (+) sobre a (·)
.... .... comutatividade da (·)
.... .... a&#8319;&#8314;&#7504; = a&#8319;a&#7504;
.... .... a&#8319;&#7504; = (a&#8319;)&#7504;
.... .... (ab)&#8319; = a&#8319;b&#8319;
.... .... leis de cancelamento para a (+)
.... .... leis de cancelamento para a (·)
.... demonstração do lema da divisão de Euclides para os naturais


2. O tipo dos booleanos, Bool.
.... operações e suas propriedades
.... predicados como funções com co-domínio Bool
.... recursão mutual e as funções de paridade even e odd nos naturais
.... if_then_else_


3. Ordens sobre os naturais: especificação e verificação de suas propriedades.
.... definição da ordem &#8804; recursiva e usando existencial; equivalência
.... definição da ordem < recursiva e usando &#8804;; equivalência
.... demonstrar que &#8804; é uma ordem total e < é tricotômica
.... demonstrar que a ordem nos naturais é uma boa ordem


4. Outras funções e relações, e suas propriedades.
.... quot, rem, log
.... fibonacci
.... ackermann e suas seções


5. Indução como princípio e técnica de demonstração em matemática.
.... indução finita e indução forte para demonstrar propriedades de números
.... indução no tamanho de, na soma de, no max/min de
.... indução a partir da relação a divide b.


6. A unicidade dos naturais (a menos de isomorfismo).


7. List Nat e List &#945;: tipos de dados de listas: implementação recursiva e verificação indutiva de suas principais propriedades (veja cap. 5 de [Bird&Wadler]).
.... funções: head ; tail ; length ; append ; concatenation ; reverse ; take ; drop ; sum ; product
.... exemplos de propriedades para demonstrar:
.... .... reverse &#8728; reverse = id
.... .... length &#8728; reverse = length
.... .... length (xs ++ ys) = length xs + length ys
.... .... reverse (xs ++ ys) = reverse ys ++ reverse xs
.... somatório e produtório definidos recursivamente na estrutura da lista; demonstração das suas propriedades por indução estrutural


8. Outros tipos de dados recursivos.
.... tipos de árvores; tipos de expressões aritméticas; tipos de fórmulas; termos de cálculo-&#955;.
.... Notação BNF; árvore sintática.


9. Numerais binários, definição de semântica e seu uso para verificação de corretude.

10. Axiomas sobre os inteiros (domínio de integridade bem ordenado).
11. Demonstrações dos primeiros teoremas pelos axiomas, sobre as operações e as relações de ordem nos inteiros:
.... unicidade da (+)-identidade (0)
.... unicidade da (&#8901;)-identidade (1)
.... leis de (+)-cancelamento
.... unicidade dos (+)-inversos (opostos)
.... 0 é um (&#8901;)-anulador: 0&#8901;x=0=x&#8901;0
.... &#8722;(&#8722;x)=x
.... (&#8722;1)x=&#8722;x
.... (&#8722;x)y=&#8722;(xy)=x(&#8722;y)
.... (&#8722;x)(&#8722;y)=xy
.... leis de (&#8901;)-cancelamento
.... as relações de ordem (<,&#8804;,>,&#8805;) e o módulo |&#8722;|: definições e propriedades
.... x&#8800;0&#10233;x2>0
.... não existe inteiro entre 0 e 1

12. A relação de divisibilidade e a verificação de suas principais propriedades.
.... | é uma preordem
.... qualquer inteiro divide o 0
.... os 1,&#8722;1 dividem qualquer inteiro
.... d&#8739;a & d&#8739;b&#10233;d&#8739;ax+by
.... a&#8739;b & b&#8739;a&#10233;|a|=|b|

13. Teorema de Euclides sobre infinidade de primos e sua demonstração construtiva.

14. Lema de divisão de Euclides.

15. Números, numerais, dígitos: demonstração que qualquer inteiro b > 1, serve como base para um sistema posicional de numerais para inteiros.

16. Lema de Euclides e sua generalização.

17. Teorema Fundamental da Aritmética.

18. mdc e mmc e demonstrações das suas propriedades:
.... unicidade dos mdc e mmc e dualidade
.... (a,b)=(a,&#8722;b)=(&#8722;a,b)=(&#8722;a,&#8722;b)
.... (a,a)=a
.... (a,0)=a
.... (a,1)=1
.... a&#8739;b&#10233;(a,b)=a
.... (a,b)=(a&#8722;b,b)
.... (a,b)=(a,na+b)
.... comutatividade: (a,b)=(b,a)
.... associatividade: (a,(b,c))=((a,b),c)

19. Conjunto fechado sob operações
.... se C é fechado sobre subtração então existe a&#8712;C tal que C={ai&#8739;i&#8712;Z}
.... Corolário: existência de mdc e os coeficientes Bézout

20. Algoritmo de Euclides: corretude e terminação

21. Algoritmo estendido de Euclides

22. Demonstração do teorema Fundamental de Aritmética

23. Congruência módulo um inteiro e demonstrações das suas propriedades

24 Aritmética modular e propriedades do Z/mZ
.... classes de congruência
.... invertibilidade módulo m
.... unicidade de inverso módulo m

25. Algumas conjecturas da teoria dos números: Collatz; Goldbach; Primos gêmeos; Fermat (teorema Wiles).
",,,2024.0,2.0,Presencial,
76144,MÓDULO,IMD0611,G,APRENDIZADO DE MÁQUINA EM BIOINFORMÁTICA,INSTITUTO METROPOLE DIGITAL,0,0,0,60,0,0,20,True,3.0,,,,,Introdução a Aprendizado de máquina; Bancos de dados e dados biológicos; Aprendizado supervisionado; Aprendizado não supervisionado; Redução de Dimensionalidade; Seleção de atributos; Aplicações em problemas de bioinformática.,,a definir,a definir,,,2024.0,2.0,Presencial,
76143,MÓDULO,IMD0610,G,MÉTODOS DE BIOINFORMÁTICA PARA ANÁLISE DE SEQUÊNCIAS BIOLÓGICAS,INSTITUTO METROPOLE DIGITAL,0,30,0,60,0,0,20,True,3.0,,( IMD0602 ) ,( ICE1024 ) ,,"Alinhamento de Sequências Biológicas. Algoritmos de alinhamento de sequências. Busca de Similaridade em Bancos de Dados Biológicos. Montagem de Sequências Biológicas. Reconhecimento de Padrões e assinaturas em Sequências. Métodos preditivos. Identificação de Genes, de Promotores e de Regiões Reguladoras. Anotação de Genes. Detecção de Polimorfismos. Cálculo de Distâncias entre sequências. Métodos de agrupamento de sequências.",,a definir,a definir,,,2022.0,2.0,Presencial,
76142,MÓDULO,IMD0609,G,PROGRAMAÇÃO EM BIOINFORMÁTICA,INSTITUTO METROPOLE DIGITAL,0,60,0,60,0,0,20,True,3.0,,( ( IMD1012 ) OU ( ECT2203 ) OU ( BEZ0145 ) OU ( DIM0320 ) OU ( DBF0029 ) OU ( DEB1108 ) OU ( ECT2303 ) OU ( ECT2203 ) OU ( DBQ0052 ) ) ,,,"Introdução ao computador; algoritmos, programas e linguagens de programação; tipos primitivos de dados; variáveis e operadores; estruturas condicionais; estruturas de repetição; funções e recursividade; arranjos; manipulação de cadeias de caracteres; registros, enumerações e uniões; manipulação de arquivos.",,,,,,,,Presencial,
76141,MÓDULO,IMD0913,G,BLOCKCHAIN E APLICAÇÕES DESCENTRALIZADAS,INSTITUTO METROPOLE DIGITAL,0,30,0,60,0,0,20,True,3.0,,,,,"Histórico e primeiras implementações; Introdução: imutabilidade, descentralização e registro distribuído; Conceitos criptográficos: hash e assinatura digital; Problema dos generais bizantinos, consenso e votação distribuída; Arquitetura: bloco, transação e encadeamento; Aplicações comuns: criptomoedas, livro razão e em sistemas distribuídos; Smart contracts; Tokens fungíveis e não fungíveis; Desenvolvimento de aplicações descentralizadas (DApps).",,a definir,a definir,,,2023.0,2.0,Presencial,
76140,MÓDULO,IMD0534,G,ESTATÍSTICAS EDUCACIONAIS E INDICADORES,INSTITUTO METROPOLE DIGITAL,0,0,0,60,0,0,20,True,3.0,,,,,"Introdução a Estatísticas Educacionais. Conceito e tipos de Indicadores. Diferenças entre medidas construídas e
derivadas. Diferença na construção e uso de taxas, índices, etc. Medidas estatísticas de posição, de variabilidade e de associação. Estatísticas oficiais na educação. Acompanhamento de indicadores. O uso de indicadores na gestão escolar. Monitoramento e plano de ação baseado em indicadores. Sistemas auxiliares em monitoramento de indicadores.",,,,,,,,Presencial,
76137,MÓDULO,IMD1316,G,INOVAÇÃO EM SAÚDE,INSTITUTO METROPOLE DIGITAL,0,30,0,60,0,0,20,True,3.0,,( ( IMD0822 ) OU ( IMD1307 ) ) ,,,"Inovação e tecnologia aplicada à saúde, ecossistemas de saúde, oficina de problemas na área da saúde, modelagem de problemas, persona, segmento de cliente, proposta de solução e prototipação do MVP. Validação de ideias e produto. Apresentação de pitches. Metodologias utilizadas como referência: Design Thinking, Startup Enxuta, Lean Inception, Design Sprint.",,A definir,A definir,,,2023.0,1.0,Presencial,
76136,MÓDULO,IMD1317,G,MARKETING DIGITAL,INSTITUTO METROPOLE DIGITAL,0,30,0,60,0,0,20,True,3.0,,,,,"Introdução ao Marketing digital, funil de vendas, estratégias de marketing digital, tipos de produtos digitais, email-marketing, remarketing, copywriting, SEO e SEM, Mídia paga e orgânica, Marketing de conteúdo, Métricas Digitais.",,A definir,A definir,,,2023.0,2.0,Presencial,
76135,MÓDULO,IMD1320,G,PROCESSO CRIATIVO,INSTITUTO METROPOLE DIGITAL,0,30,0,60,0,0,20,True,3.0,,,,,"Criatividade, mudança e inovação; características e atributos da personalidade criativa; processo criativo; influência do ambiente de trabalho na criatividade e inovação; técnicas para desenvolvimento de soluções criativas; economia criativa.Design thinking.",,a definir,"Criatividade, mudança e inovação; características e atributos da personalidade criativa; processo criativo; influência do ambiente de trabalho na criatividade e inovação; técnicas para desenvolvimento de soluções criativas; economia criativa.Design thinking.",,,2024.0,2.0,Presencial,
76134,MÓDULO,IMD1319,G,GESTÃO DE DESENVOLVIMENTO DE SERVIÇOS,INSTITUTO METROPOLE DIGITAL,0,0,0,30,0,0,20,True,3.0,,,,,Introdução à Gestão de Serviços e aos novos paradigmas da competição: Conceitos e definições de serviços; Natureza dos Serviços; Tipos e formas de serviços e o processo da difusão tecnológica; O cliente como consumidor e como participante do processo de prestação do serviço; Usando a tecnologia para tornar a prestação do serviço mais eficaz e eficiente; Introdução à gestão da operação de serviços; Gestão do desenvolvimento de novos serviços. Planejamento estratégico do serviço; projeto da concepção do serviço; projeto do processo do serviço; projeto das instalações do serviço; validação e lançamento do serviço; Sistemas Produto-Serviço e Servitização. Processo de desenvolvimento de soluções Produto-Serviço.,,,,,,,,Presencial,
76133,MÓDULO,IMD1318,G,SISTEMA DE DESENVOLVIMENTO DE PRODUTOS,INSTITUTO METROPOLE DIGITAL,0,0,0,60,0,0,20,True,3.0,,,,,Contexto histórico do SDP no Brasil e conceitos chave; Complexidade no desenvolvimento de produto; Processo de Desenvolvimento de Produtos (Modelos); Processo de Desenvolvimento de Produto Orientado ao Cliente (PD-POC) e métodos auxiliares nível projeto; Planejamento Estratégico de Produtos; Programa de Geração de Ideias; Gestão de Portfólio de projetos; Gestão de Plataformas de Produto e Modularidade; Roadmapping; Organização do trabalho: nível programa e projeto / Melhores práticas.,,A definir,A definir,,,2022.0,2.0,Presencial,
72732,MÓDULO,IMD1315,G,TÓPICOS ESPECIAIS EM INOVAÇÃO E EMPREENDEDORISMO F,INSTITUTO METROPOLE DIGITAL,60,0,0,60,0,0,20,True,3.0,,,,,Tópicos relacionados a inovação e empreendedorismo.,,,,,,,,Presencial,
72731,MÓDULO,IMD1314,G,TÓPICOS ESPECIAIS EM INOVAÇÃO E EMPREENDEDORISMO E,INSTITUTO METROPOLE DIGITAL,60,0,0,60,0,0,20,True,3.0,,,,,Tópicos relacionados a inovação e empreendedorismo.,,,,,,,,Presencial,
72730,MÓDULO,IMD1313,G,TÓPICOS ESPECIAIS EM INOVAÇÃO E EMPREENDEDORISMO D,INSTITUTO METROPOLE DIGITAL,60,0,0,60,0,0,20,True,3.0,,,,,Tópicos relacionados a inovação e empreendedorismo.,,,,,,,,Presencial,
76372,MÓDULO,DIM0154,G,MÉTODOS DE ESTUDO NO ENSINO SUPERIOR,DEPARTAMENTO DE INFORMÁTICA E MATEMÁTICA APLICADA,0,0,0,30,0,0,20,True,3.0,,( IMD1004 OU DIM0123 ) E IMD1001 ,,,"Habilidades, competências e necessidades específicas individuais e os impactos nas estratégias e hábitos de estudo no ensino superior. Técnicas de estudos e planejamento das atividades que permitam potencializar o aprendizado e sucesso acadêmico, minimizando questões que possam interferir (ansiedade, ausência de motivação, procrastinação, dificuldade de organização do tempo, de concentração e memória, entre outros). Inclusão e acessibilidade no ensino/aprendizagem. Ações, projetos e serviços da universidade que auxiliam na identificação de necessidades específicas e fornecem serviços para devidas soluções e adaptações acadêmicas no processo de ensino/aprendizagem. Acompanhamento da orientação acadêmica e do andamento dos discentes nos componentes no período letivo.
",,a definir,a definir,,,2024.0,1.0,Presencial,
72729,MÓDULO,IMD1312,G,TÓPICOS ESPECIAIS EM INOVAÇÃO E EMPREENDEDORISMO C,INSTITUTO METROPOLE DIGITAL,60,0,0,60,0,0,20,True,3.0,,,,,Tópicos relacionados a inovação e empreendedorismo.,,,,,,,,Presencial,
76373,MÓDULO,DIM0155,G,MATEMÁTICA PARA A COMPUTAÇÃO II,DEPARTAMENTO DE INFORMÁTICA E MATEMÁTICA APLICADA,0,0,0,60,0,0,20,True,3.0,,DIM0121 OU IMD0038 OU ( DIM0179 E DIM0180 ) ,DIM0152 OU ( DIM0177 E DIM0178 ) ,,"Especificações e implementações matemáticas de coleções (conjuntos, ênuplas, multiconjuntos, sequências), e de suas principais operações e predicados. Implementação da noção de cardinalidade, no caso finito. Operações generalizadas sobre conjuntos, finitos ou não. Famílias de conjuntos e indexadas. Coberturas e partições. Conjunto potência. Especificações e implementações matemáticas de associações (funções parciais e totais). Restrições e extensões de funções. Iterações de funções. Classes notáveis de funções. [Sub]conjuntos vistos como predicados unários, transformação (função total com domínio e codomínio idênticos). Composição. Imagem direta e pré-imagem de conjuntos e de ênuplas de indivíduos do domínio e do codomínio. Inversão de uma função (a inversa de uma função e a função inversa). Curryficação e aplicação parcial de funções. Funções de ordem superior. Aplicações.

Funções injetivas e sobrejetivas, monos e epis. Retrações e seções. Condições de invertibilidade de uma função. Teorema de Cantor sobre a cardinalidade do conjunto potência, e cardinalidades transfinitas. Breve introdução à teoria da computabilidade: funções e conjuntos computáveis, semi-decidibilidade e decidibilidade. Relações. Operações sobre relações. Descrição e propriedades do fecho transitivo. Relações de equivalência e partições, classes de equivalência e o conjunto quociente. Equivalências mais finas e mais grossas, e relação de equivalência induzida pelo núcleo de uma função. Relações de ordem: pré-ordens, ordens parciais e ordens estritas, ordens totais, elementos minimais e elementos maximais, supremos e ínfimos. Cadeias e funções que preservam ordem. Relações bem-fundadas, relações bem-fundadas induzidas pela imagem inversa de uma relação bem-fundada, pelo produto lexicográfico de relações bem-fundadas, e pelo fecho transitivo de uma relação arbitrária. Fundamentos da Matemática: breve introdução à Teoria Axiomática de Conjuntos. Aplicações.
",,A definir,A definir,,,2024.0,2.0,Presencial,
76376,MÓDULO,DIM0157,G,INTRODUÇÃO À LÓGICA,DEPARTAMENTO DE INFORMÁTICA E MATEMÁTICA APLICADA,0,0,0,60,0,0,20,True,3.0,,DIM0610 ,DIM0155 OU IMD0038 OU DIM0121 ,,"Sintaxe, sistema dedutivo (dedução natural) e semântica formal para a lógica clássica proposicional e para a lógica clássica de primeira ordem (multi-gênero) com igualdade.  Formalização lógica de teorias e das principais técnicas de demonstração e de refutação matemática. Definições formais de consequência e de equivalência lógica. Principais meta-propriedades da noção de consequência. Teorema de Herbrand. Teorema de Skolem. Formas clausais e método da resolução.



",,A definir.,A definir.,,,2024.0,2.0,Presencial,
77889,MÓDULO,DIM0446,G,APRENDIZADO PROFUNDO,DEPARTAMENTO DE INFORMÁTICA E MATEMÁTICA APLICADA,0,30,0,60,0,0,20,True,3.0,,( IMD1104 OU IMD1114 ) ,( EST0165 OU IMD0033 OU DIM0132 OU EST0322 OU ECT2207 ) E ( MAT0421 OU MAT0309 OU MAT0313 OU ECT2202 ) ,,"Introdução aprendizado profundo (AP): definições e histórico. Aprendizado de máquina. Redes neurais. Redes recorrentes. Redes convolucionais. Revisão de conceitos básicos: probabilidade, álgebra linear e otimização. Otimização, treinamento e regularização de modelos de AP. Mecanismos de atenção e transformadores. Fine-tuning e transfer learning. Modelos geradores: autocodificadores variacionais (variational autoencoders, VAE), redes geradoras adversárias (generative adversarial networks, GAN) e modelos probabilísticos difusores. Modelos de linguagem gigantes. Aplicações de AP.",,"Introduzir conceitos e aplicações de aprendizado profundo.
"," Introdução a inteligência artificial.
 Introdução a aprendizado de máquina.
 Introdução a aprendizado profundo.
 Aprendizado supervisionado: classificadores.
 Aprendizado supervisionado: regressão.
 Aprendizado não-supervisionado
 Probabilidade para aprendizado de máquina.
 Álgebra linear e otimização para aprendizado de máquina.
 Redes neurais.
 Redes neurais profundas.
 Redes recorrentes.
 Redes convolucionais.
 Mecanismos de atenção.
 Transformadores.
 Autocodificadores variacionais (variational autoencoders, VAE).
 Redes geradoras adversárias (generative adversarial networks, GAN).
 Modelos probabilísticos difusores.
 Modelos de linguagem gigantes: BERT, GPT-2, GPT-3 e GPT-4.
 Aplicações de AP a visão computacional.
 Aplicação de AP a processamento de fala.
",,,2024.0,2.0,Presencial,
76837,MÓDULO,DIM0319,G,ALGORÍTMO E PROGRAMAÇÃO DE COMPUTADORES - P,DEPARTAMENTO DE INFORMÁTICA E MATEMÁTICA APLICADA,0,30,0,60,0,0,20,True,3.0,,( DEM0102 ) ,,,"DESCRIÇÃO DE ALGORITMOS. CONSTRUÇÃO DE ALGORITMOS. ESTUDO DOS RECURSOS DE LINGUAGENS DE PROGRAMAÇÃO DE ALTO NÍVEL COM FOCO EM PYTHON: VARIÁVEIS, TIPOS, COMANDOS, SUBPROGRAMAS, ARQUIVOS. DESENVOLVIMENTO SISTEMÁTICO DE PROGRAMAS. MODELAGEM DE PROBLEMAS E SUA RESPECTIVA RESOLUÇÃO ATRAVÉS DO USO DE BIBLIOTECAS EM PYTHON.
",,A definir,A definir,,,2024.0,2.0,Presencial,
76395,MÓDULO,DIM0176,G,PROGRAMAÇÃO I,DEPARTAMENTO DE INFORMÁTICA E MATEMÁTICA APLICADA,0,30,0,60,0,0,20,True,3.0,,DIM0120 OU IMD0030 ,DIM0151 OU DIM0133 OU IMD1012 OU IMD0012 OU DIM0118 ,,Modelagem de problemas utilizando linguagem de programação. Utilização de bibliotecas. Introdução à Programação Orientada a Objetos. Classes e Objetos. Atributos e Métodos. Alocação Dinâmica e Gerenciamento de Memória. Composição. Encapsulamento. Herança. Classes abstratas e interfaces. Modularização. Tratamento de Exceções. Funções e Classes Genéricas. Funções de alta ordem. Depuração e Profiling.,,A definir,A definir,,,2024.0,2.0,Presencial,
76392,MÓDULO,DIM0173,G,LÓGICAS MODAIS,DEPARTAMENTO DE INFORMÁTICA E MATEMÁTICA APLICADA,0,0,0,60,0,0,20,True,3.0,,,( DIM0157 ) ,,"Lógica modal proposicional: Linguagem. Semântica de Kripke. Sistemas modais. Semântica de Vizinhança. Multi-modalidade. Lógica modal de primeira ordem. Linguagem. Semântica. Métodos computacionais para sistemas modais.
",,,,,,,,Presencial,
76391,MÓDULO,DIM0172,G,LÓGICAS MULTI-VALORADAS E FUZZY,DEPARTAMENTO DE INFORMÁTICA E MATEMÁTICA APLICADA,0,0,0,60,0,0,20,True,3.0,,,( DIM0157 ) ,,"Lógicas multi-valoradas: Lukasiewicz logics, Post Logic, Lógicas Fuzzy: conectivos fuzzy (T-normas, T-conormas, negações, implicações e bi-implicações). Conjuntos Fuzzy. Raciocínio aproximado. Extensões da Lógica Fuzzy.",,,,,,,,Presencial,
76390,MÓDULO,DIM0171,G,ESPECIFICAÇÕES ALGÉBRICAS PARA TIPOS DE DADOS ABSTRATOS,DEPARTAMENTO DE INFORMÁTICA E MATEMÁTICA APLICADA,0,0,0,60,0,0,20,True,3.0,,DIM0601 ,( DIM0155 ) ,,"Estruturas de dados: especificação matemática, geração recursiva, verificação indutiva de propriedades. Conjuntos estruturados, gerados pelo fecho de operações ou relações, ou por especificações recursivas. Teoremas de Ponto Fixo [bottom-up & top-down]. Preservação de propriedades e hereditariedade. Árvores de derivação. Relações bem-fundadas e indução estrutural sobre linguagens e gramáticas regulares, conjuntos indutivamente definidos, fechos transitivos, e RecTypes. Decomposição única e conjuntos livremente gerados. Versão conjuntista do Teorema da Única Extensão Homomórfica. Elementos de Álgebra Universal (sobre assinaturas multi-gênero): Sigma-álgebras, Sigma-homomorfismos, Sigma-subálgebras. Imagens homomórficas. Subálgebras geradas minimais. Álgebras livremente geradas. Versão algébrica do Teorema da Única Extensão Homomórfica. Álgebras iniciais e álgebra dos termos. Núcleo de homomorfismos e álgebras quociente. Primeiro Teorema do Isomorfismo. Classes equacionais e quase-equacionais. Sistemas dedutivos equacionais e sua semântica. Congruências induzidas por especificações equacionais.",,,,,,,,Presencial,
76389,MÓDULO,DIM0170,G,METODOLOGIA DE PROJETO DE IOT,DEPARTAMENTO DE INFORMÁTICA E MATEMÁTICA APLICADA,0,30,0,60,0,0,20,True,3.0,,IMD0912 ,( DIM0129 ) ,,"Introdução aos sistemas embarcados e Internet das Coisas (IoT).Camadas em IoT: coisas/borda/fog, comunicação e aplicações/nuvem. Conceitos em gerenciamento de projetos. Metodologias de projetos em sistemas embarcados para IoT. Especificação e modelagem de sistemas embarcados para IoT. Ferramentas para implementação e acompanhamento de projetos em IoT. Particionamento entre hardware e software e camada de interfaceamento. Prototipagem, implementação e validação.
",,,,,,,,Presencial,
76388,MÓDULO,DIM0169,G,META-HEURÍSTICAS,DEPARTAMENTO DE INFORMÁTICA E MATEMÁTICA APLICADA,0,0,0,60,0,0,20,True,3.0,,IMD1105 ,( DIM0117 ) ,,"Introdução ao estudo de heurísticas e meta-heurísticas. Algoritmos gulosos e aproximativos. Vizinhanças e busca local. Busca em Vizinhança Variável. Busca Tabu. Simulated Annealing. GRASP. Path relinking. Meta-heurísticas evolucionárias. Swarm Intelligence. Outras técnicas meta-heurísticas. Hiper-heurísticas. Meta-heurísticas Híbridas. Aplicações a problemas de otimização NP-difíceis. Metodologias para experimentos computacionais em meta-heurísticas.
",,,,,,,,Presencial,
76387,MÓDULO,DIM0168,G,INTRODUÇÃO COMPUTACIONAL À TEORIA DOS NÚMEROS,DEPARTAMENTO DE INFORMÁTICA E MATEMÁTICA APLICADA,0,15,0,60,0,0,20,True,3.0,,,( DIM0152 E DIM0156 ) ,,"Fundamentos de Teoria dos Números. Algoritmos e Problemas Computacionais envolvendo Teoria dos Números. Divisibilidade e Teorema da divisão. Primalidade. Teorema Fundamental da  Aritmética. MDC e MMC.  Algoritmo de Euclides e Lema de Bèzout. Algoritmos eficientes para exponenciação e logaritmo discreto. Congruência módulo e aritmética modular. Resolução de congruências, equações diofantinas e sistemas de congruências.
Sistemas de resíduos independentes. Pequeno Teorema de Fermat e Teorema de Euler. Teorema Chinês dos restos. Algoritmo RSA de criptografia. Tópicos em Teoria dos Números.

",,,,,,,,Presencial,
76386,MÓDULO,DIM0167,G,ESTRUTURAS ALGÉBRICAS,DEPARTAMENTO DE INFORMÁTICA E MATEMÁTICA APLICADA,0,0,0,60,0,0,20,True,3.0,,,( DIM0155 ) ,,"Conjuntos fechados sob operações: álgebras e suas sub-álgebras. A subálgebra gerada por um conjunto e sua construção. A teoria de algumas álgebras notáveis:  semigrupos, monóides,  grupos e anéis. Homomorfismos, isomorfismos, endomorfismos e imersões das álgebras notáveis.  Álgebras Booleanas, anéis booleanos e propriedades. Categorias: definição, diagramas, diagramas comutativos, cones e co-cones, objetos inicial e terminal, produtos, co-produtos, equalizadores, co-equalizadores, pullbacks e pushouts. Categorias e propriedades universais das álgebras notáveis.
",,A definir.,A definir.,,,2024.0,1.0,Presencial,
76384,MÓDULO,DIM0165,G,PROGRAMAÇÃO FUNCIONAL,DEPARTAMENTO DE INFORMÁTICA E MATEMÁTICA APLICADA,0,30,0,60,0,0,20,True,3.0,,IMD0211 ,DIM0120 OU IMD0030 OU DIM0176 ,,"Conceitos de programação funcional, introdução ao lambda calculus, o modelo de computação de programação funcional, tipos de dados, recursão, programação de ordem superior, avaliação preguiçosa, dados infinitos, I/O, classes de tipos.
",,A definir,A definir,,,2024.0,1.0,Presencial,
76383,MÓDULO,DIM0164,G,COMPILADORES,DEPARTAMENTO DE INFORMÁTICA E MATEMÁTICA APLICADA,0,30,0,60,0,0,20,True,3.0,,( DIM0442 OU DIM0611 ) ,( ( DIM0606 OU DCA3705 ) E ( DIM0120 OU DIM0176 OU DCA3303 OU DCA1202 ) ) ,,"Introdução à compilação. Fases da compilação. Gramáticas, linguagens e autômatos. Linguagens regulares e livres de contexto. Ambigüidade. Relações sobre gramáticas. Análise sintática ascendente e descendente. Análise léxica. Lex e Yacc. Tabelas de símbolos. Tratamento semântico dos programas e geração de código. Introdução à otimização de código.
Objetivos: Familiarizar o aluno com as principais técnicas de construção de compiladores.
Conteúdo: Análise léxica, Análise sintática, Semântica estática, Árvores de parsing, código intermediário, geração e otimização de código.
",,A definir,A definir,,,2024.0,2.0,Presencial,
65104,MÓDULO,IMD0211,G,PROGRAMAÇÃO FUNCIONAL,INSTITUTO METROPOLE DIGITAL,30,30,0,60,0,0,20,True,3.0,,,,,"Conceitos de programação funcional, introdução ao lambda calculus, o modelo de computação de programação funcional, tipos de dados, recursão, programação de ordem superior, avaliação preguiçosa, dados infinitos, I/O, classes de tipos, monads, raciocinando sobre programas, indução, parsing, programação paralela e concorrente, programação com tipos dependentes.",,Aprender como programar bem no paradigma da programação funcional: prática e teoria.   Virar um programador melhor até quando programando com linguagens imperativas.,"""Conceitos de programação funcional, introdução ao lambda calculus,
o modelo de computação de programação funcional, tipos de dados, recursão,
programação de ordem superior, evaluação preguiçosa, dados infinitos, I/O,
classes de tipos, monads, raciocinando sobre programas, indução, parseando,
programação paralela e concorrente, programação com tipos dependentes.""",,,2023.0,1.0,Presencial,
76381,MÓDULO,DIM0162,G,ENGENHARIA DE SOFTWARE,DEPARTAMENTO DE INFORMÁTICA E MATEMÁTICA APLICADA,0,30,0,60,0,0,20,True,3.0,,DIM0138 ,( DIM0501 ) ,( DIM0114 ) ,"Introdução à Engenharia de Software: Definições e Histórico. Ciclo de vida. Modelos de Processo de Software. Requisitos de Software. Arquitetura de Software. Projeto de Software: Princípios de Projeto de Software, Padrões de Projeto. UML. Verificação e Validação de Software. Testes de Software. Prática em desenvolvimento e evolução de software utilizando métodos e técnicas de engenharia de software.
",,,,,,,,Presencial,
76380,MÓDULO,DIM0161,G,SEMINÁRIOS DE COMPUTAÇÃO E ORIENTAÇÃO CURRICULAR,DEPARTAMENTO DE INFORMÁTICA E MATEMÁTICA APLICADA,0,0,0,30,0,0,20,True,3.0,,,( DIM0151 E DIM0152 ) ,,"Apresentação do Curso de Bacharelado em Ciência da Computação (BCC). Projeto Pedagógico: perfil do egresso, habilidades e competências. Estrutura curricular: obrigatórias, grupos de flextórias, optativas,,atividades complementares, atividades extensionistas, trabalho de conclusão de curso. Formação continuada, integração com a pós-graduação e perspectivas de atuação no mercado de trabalho. Oportunidades de empreendedorismo. Educação ambiental. Apresentação das áreas da Ciência da Computação, de temas específicos e das linhas e grupos de pesquisa. Integração com o corpo docente e temas específicos de pesquisa.

",,A definir.,A definir.,,,2024.0,1.0,Presencial,
76375,MÓDULO,DIM0156,G,INTRODUÇÃO À ANÁLISE DE ALGORITMOS,DEPARTAMENTO DE INFORMÁTICA E MATEMÁTICA APLICADA,0,0,0,60,0,0,20,True,3.0,,IMD1002 E ( IMD0028 OU DIM0115 ) E ( IMD0029 OU DIM0119 ) E ( IMD0039 OU DIM0117 ) ,( DIM0151 ) ,,"Princípios de Contagem. Somatórios: modelagem de problemas e resolução exata. Recorrências lineares e de divisão e conquista: modelagem de problemas e resolução exata. Introdução à análise de complexidade de algoritmos: algoritmos e problemas; noções básicas de análise; análise de pior caso, melhor caso e caso médio.  Análise assintótica: crescimento de funções, notações big Theta, big O, big Omega, little o, little omega. Técnicas de análise assintótica de somatórios e recorrências. Teorema mestre. Introdução à análise do caso médio. Análise de problemas. Noção de análise amortizada.


",,"Os objetivos deste componente curricular são:
- Introduzir o aluno às notações e principais técnicas de análise de complexidade assintática de algoritmos
- Treinar o aluno a se comunicar usando a linguagem das notações assintóticas
- Capacitar o aluno a analisar algoritmos de média complexidade e capacitá-lo a enfrentar algoritmos novos e mais desafiadores
- Capacitar o aluno a modelar problemas de contagem envolvendo somatórios e relações de recorrência (lineares e de divisão e conquista) de forma exata e simplificada
- Ampliar a capacidade do aluno de lidar com problemas de contagem envolvidos na computação
- Estimular no aluno uma visão pragmática de análise de algoritmos cujo objetivo é buscar informações úteis e viáveis sobre a complexidade dos algoritmos e problema para guiar a tomada de decisões

",". Apresentação da disciplina, introdução, motivação para a análise de complexidade de algoritmos

. Introdução à Análise de Complexidade de Algoritmos
. Algoritmos e Problemas
. Recursos objetos de análise: tempo, espaço, outros
. Noções básicas de análise de tempo: tempo, passos, parâmetros envolvidos na análise
. Análise de pior caso, melhor caso e caso médio
. Análise assintótica: funções de complexidade, notações Big-Theta, Big-Oh, Big-Omega, little-oh, little-omega.
. Álgebra das notações assintóticas. Funções de complexidade mais comuns
. Como se comunicar usando a linguagem das notações assintóticas

. Análise de Algoritmos Iterativos
. Sequências e Somatórios
. Estudo de Caso: contagem de número de nodos em árvores
. Estudo de casos de algoritmos iterativos

. Análise de Algoritmos Recursivos (Parte 1):
. Revisão Princípios de Contagem, Diagrama de Árvore (técnica de contagem)
. Sequências e Relações de Recorrência:
. Modelagem de problemas utilizando recorrências
. Técnicas ad-hoc de resolução exata de recorrências 
. Resolução exata de Recorrências Lineares
. Estudo de casos de algoritmos recursivos com análise de complexidade modelada por recorrência linear
. Análise assintótica de algoritmos com análise de complexidade modelada por recorrência linear

. Análise de Algoritmos Recursivos (Parte 2):
. Relações de Recorrência tipo Divisão e Conquista (sem floor/ceiling)
. Modelagem simplificada de algoritmos de Divisão e Conquista
. Análise usando formas fechadas exatas
. Relações de Recorrência tipo Divisão e Conquista (com floor/ceiling)
. Floor e ceiling
. Modelagem de recorrências usando floor e ceiling
. Dificuldade de resolução exata de recorrências usando floor e ceiling
. Análise assintótica de algoritmos de Divisão e Conquista
. O Teorema Mestre para análise assintótica de algoritmos recursivos
. Estudo de casos de algoritmos recursivos com análise de complexidade modelada por recorrência divisão e conquista

. Noções de Análise Amortizada
. Introdução à Análise do Caso Médio
. Introdução à Complexidade de Problemas
",,,2024.0,2.0,Presencial,
72728,MÓDULO,IMD1311,G,TÓPICOS ESPECIAIS EM INOVAÇÃO E EMPREENDEDORISMO B,INSTITUTO METROPOLE DIGITAL,60,0,0,60,0,0,20,True,3.0,,,,,Tópicos relacionados a inovação e empreendedorismo.,,a definir,a definir,,,2022.0,1.0,Presencial,
72727,MÓDULO,IMD1310,G,TÓPICOS ESPECIAIS EM INOVAÇÃO E EMPREENDEDORISMO A,INSTITUTO METROPOLE DIGITAL,60,0,0,60,0,0,20,True,3.0,,,,,Tópicos relacionados a inovação e empreendedorismo.,,a definir,a definir,,,2021.0,2.0,Presencial,
72726,MÓDULO,IMD1309,G,TRANSFORMAÇÃO DIGITAL,INSTITUTO METROPOLE DIGITAL,40,20,0,60,0,0,20,True,3.0,,,,,"voluções entre as eras agrícola, industrial e da informação. Mentalidade Digital x Mentalidade Industrial. Organizações Exponenciais; Revolução Digital; Impactos econômicos, educacionais, profissionais e sociais provocados pelas transformações digitais. Conceitos, tecnologias e negócios em nuvem, inteligência artificial, big data, Internet das coisas e industria 4.0. O fim da lei de Moore e a computação quântica. Investigação das possibilidades (potenciais alternativos) de futuros emergentes e pós-emergentes a partir de um corpo de literatura aprendida, conceitos, metodologias, práticas e processos encontrados na ciência, tecnologia e nos negócios, em contextos relacionados às Transformações Digitais. Aumentar a consciência sobre os fatos correntes para dar suporte à tomada de decisões a fim de promover um impacto positivo no mundo atual e futuro. ",,a definir,"Evoluções entre as eras agrícola, industrial e da informação. Mentalidade Digital x Mentalidade Industrial. Organizações Exponenciais; Revolução Digital; Impactos econômicos, educacionais, profissionais e sociais provocados pelas transformações digitais. Conceitos, tecnologias e negócios em nuvem, inteligência artificial, big data, Internet das coisas e industria 4.0. O fim da lei de Moore e a computação quântica. Investigação das possibilidades (potenciais alternativos) de futuros emergentes e pós-emergentes a partir de um corpo de literatura aprendida, conceitos, metodologias, práticas e processos encontrados na ciência, tecnologia e nos negócios, em contextos relacionados às Transformações Digitais. Aumentar a consciência sobre os fatos correntes para dar suporte à tomada de decisões a fim de promover um impacto positivo no mundo atual e futuro.",,,2024.0,2.0,Presencial,
72274,MÓDULO,IMD1204,G,"PESQUISA, INOVAÇÃO E EMPREENDEDORISMO EM TECNOLOGIA DA INFORMAÇÃO",INSTITUTO METROPOLE DIGITAL,30,0,0,30,0,0,20,True,1.0,,,,,Etapas da elaboração de um projeto de pesquisa. Concepção e Desenvolvimento de ideias. Apresentação de pesquisas e projetos.,,a definir,a definir,,,2023.0,1.0,Presencial,
72273,MÓDULO,IMD1203,G,INTERDISCIPLINARIDADE E TRANSVERSALIDADE EM TECNOLOGIA DA INFORMAÇÃO,INSTITUTO METROPOLE DIGITAL,30,0,0,30,0,0,20,True,1.0,,,,,Interfaces da tecnologia da informação com diferentes áreas da produção de conhecimento. ,,a definir,a definir,,,2023.0,1.0,Presencial,
72272,MÓDULO,IMD1202,G,"O MUNDO DA TECNOLOGIAS DA INFORMAÇÃO: ONTEM, HOJE E AMANHÃ",INSTITUTO METROPOLE DIGITAL,30,0,0,30,0,0,20,True,1.0,,,,,O surgimento da tecnologia da informação. Principais conceitos e ferramentas da tecnologia da informação. Desafios Atuais da tecnologia da informação.,,a definir,a definir,,,2022.0,2.0,Presencial,
72206,MÓDULO,IMD1111,G,MACHINE LEARNING,INSTITUTO METROPOLE DIGITAL,30,30,0,60,0,0,20,True,3.0,,IMD1101 ,,,"The data science process: stages, tools, and data preparation. Regression and classification: bias and variance, (non)linear models, metrics, validation, hyperparameters, and regularization. Ensembles. Machine learning task variants and applications.",,a definir,a definir,,,2020.0,1.0,Presencial,
72205,MÓDULO,IMD1110,G,PROCESSAMENTO DIGITAL DE IMAGENS,INSTITUTO METROPOLE DIGITAL,60,0,0,60,0,0,20,True,3.0,,,IMD0034 E IMD0030 E IMD0029 ,,"Introdução: fundamentos de imagens digitais. Transformações de imagens. Melhoramento de imagens. Restauração de imagens. Segmentação, análise, representação e descrição de imagens. Aplicações e interpretação de imagens. ",,,,,,,,Presencial,
72204,MÓDULO,IMD0608,G,LABORATÓRIO DE MODELAGEM E SIMULAÇÃO COMPUTACIONAL,INSTITUTO METROPOLE DIGITAL,10,50,0,60,0,0,20,True,3.0,,,IMD0607 ,,"Desenvolvimento de uma proposta de projeto; Execução de projeto de modelagem e simulação computacional; Apresentação de projeto de forma oral e escrita
",,a definir.,a definir,,,2020.0,1.0,Presencial,
72187,MÓDULO,DIM0141,G,VISÃO COMPUTACIONAL,DEPARTAMENTO DE INFORMÁTICA E MATEMÁTICA APLICADA,30,30,0,60,0,0,20,True,3.0,,IMD1108 ,( MAT0345 OU IMD0024 ) E ( IMD0039 OU DIM0117 ) E ( IMD0040 OU DIM0116 OU DIM0176 ) ,,"Representação de Imagens. Operadores Pontuais, Filtragem e Equalização de Histogramas. Processamento de Imagens no Domínio da Frequência. Pirâmides e Processamento Multiescala. Template Matching. Features. Motion. Cores. Geometria em Visão Computacional (câmera pin-hole, perspectiva, calibração, visão estéreo, registro de imagens, reconstrução 3D). Detecção de objetos. Reconhecimento de objetos.",,A definir,A definir,,,2022.0,2.0,Presencial,
72186,MÓDULO,DIM0140,G,OTIMIZAÇÃO HEURÍSTICA,DEPARTAMENTO DE INFORMÁTICA E MATEMÁTICA APLICADA,30,30,0,60,0,0,20,True,3.0,,IMD1102 ,( IMD0030 OU DIM0120 OU DIM0176 ) E ( IMD0039 OU DIM0117 ) ,,"Busca como um problema de otimização. Técnicas heurísticas e suas aplicações. Análise empírica de algoritmos heurísticos. Busca local e metaheurísticas: projeto, configuração e aplicações. Variantes de metaheurísticas: hibridização e paralelização. Variantes de problemas: múltiplos objetivos, informação dinâmica e/ou incerta.",,A definir,A definir,,,2021.0,1.0,Presencial,
70970,MÓDULO,IMD0112,G,PRÁTICAS DE LEITURA E ESCRITA EM PORTUGUÊS III,INSTITUTO METROPOLE DIGITAL,60,0,0,60,0,0,20,True,3.0,,ECT1530 ,,,"Noções gerais sobre pesquisa científica. Leitura e escrita de gêneros discursivos acadêmicos: fichamento, resumo, resenha, projeto de pesquisa, artigo científico. Aspectos linguístico-textuais na prática de escrita acadêmica. Adequação às normas brasileiras (NBRs) da Associação Brasileira de Normas Técnicas.",,a definir.,a definir,,,2024.0,2.0,Presencial,
70926,MÓDULO,IMD1130,G,BANCOS DE DADOS NOSQL,INSTITUTO METROPOLE DIGITAL,30,30,0,60,0,0,20,True,3.0,,,,,"Visão geral sobre formas de armazenamento de dados. Características de bancos relacionais. Principais bancos relacionais. Principais bancos NoSQL. Bancos orientados a colunas. Bancos orientados a documentos; Bancos orientados a chave/valor. Características das soluções NoSQL. Propriedades ACID vs BASE. Teorema CAP. Armazenamento distribuído de dados. Características, arquitetura e operação em ambiente robusto e de alta disponibilidade.",,"""- Compreender os diferentes tipos e tecnologias para armazenamento de dados;
- Escolher e selecionar ferramenta adequada;
- Compreender como operar e implantar bancos de dados em ambiente distribuído.
- Compreender as particularidades para modelar estrutura de armazenamento de dados em diferentes cenários;""","Visão geral sobre formas de armazenamento de dados. Características de bancos relacionais. Principais bancos relacionais. Principais bancos NoSQL. Bancos orientados a colunas. Bancos orientados a documentos. Bancos orientados a chave/valor. Características das soluções NoSQL. Propriedades ACID vs BASE. Teorema CAP. Modelagem de dados em bancos NoSQL. Armazenamento distribuído de dados. Características, arquitetura e operação em ambiente robusto e de alta disponibilidade.",,,2024.0,2.0,Presencial,
70885,MÓDULO,IMD1108,G,VISÃO COMPUTACIONAL,INSTITUTO METROPOLE DIGITAL,30,30,0,60,0,0,20,True,3.0,,DIM0141 ,,,"Representação de Imagens. Operadores Pontuais, Filtragem e Equalização de Histogramas. Processamento de Imagens no Domínio da Frequência. Pirâmides e Processamento Multiescala. Template Matching. Features. Motion. Cores. Geometria em Visão Computacional (câmera pin-hole, perspectiva, calibração, visão estéreo, registro de imagens, reconstrução 3D). Detecção de objetos. Reconhecimento de objetos.",,,,,,,,Presencial,
70884,MÓDULO,IMD0711,G,REDES MÓVEIS,INSTITUTO METROPOLE DIGITAL,60,0,0,60,0,0,20,True,3.0,,,IMD0702 E IMD0707 ,,"Comunicação sem fio; Redes sem fio; computação móvel (VANETs, WSNs, WMNs, redes celulares); Gerenciamento e Controle de mobilidade; Mobilidade IP; IEEE 802.21.",,,,,,,,Presencial,
70883,MÓDULO,IMD0710,G,REDES DE PRÓXIMA GERAÇÃO,INSTITUTO METROPOLE DIGITAL,15,45,0,60,0,0,20,True,3.0,,,IMD0707 ,,Redes convergentes; Redes de alta velocidade; Redes Óticas; Novos modelos de comunicação e desafios; Redes de sensores sem fio e internet das coisas; Redes definidas por software; Virtualização de Serviços de Rede; Internet do futuro.,,a definir,a definir,,,2019.0,2.0,Presencial,
69701,MÓDULO,DIM0139,G,INTELIGÊNCIA ARTIFICIAL PARA JOGOS II,DEPARTAMENTO DE INFORMÁTICA E MATEMÁTICA APLICADA,30,30,0,60,0,0,20,True,3.0,,IMD0814 ,DIM0126 OU ( ( IMD0033 OU DIM0132 OU EST0165 ) E DIM0549 ) ,,Técnicas de Aprendizado de Máquina. Personagens Adaptativos. Geração procedural de conteúdo. Tipos de conteúdos de jogos. Métodos para geração procedural de conteúdo. Modelagem de jogadores. Comportamento e experiência dos jogadores. Métodos para geração de modelos de jogadores. Prática de concepção e desenvolvimento de geradores de conteúdo. Prática de concepção e desenvolvimento de modeladores de jogadores. Prática de desenvolvimento de soluções para competições.,,A definir,A definir,,,2019.0,1.0,Presencial,
69698,MÓDULO,DIM0138,G,PROJETO DETALHADO DE SOFTWARE,DEPARTAMENTO DE INFORMÁTICA E MATEMÁTICA APLICADA,45,15,0,60,0,0,20,True,3.0,,( DIM0600 ) OU ( DIM0506 ) ,IMD0040 OU DIM0116 ,,"Introdução ao Projeto Detalhado de Software. Princípios de Projeto de Software: herança x delegação, acoplamento, coesão, definição de contratos/interfaces. Padrões de Projeto Orientado a Objetos. Métricas e ferramentas para avaliação da qualidade do projeto detalhado. Engenharia direta e reversa. Projeto de Bibliotecas e Frameworks OO. Introdução a técnicas de Refatoração.
Obs.: Caso o Componente Curricular seja do Tipo Bloco, informar para cada Subunidade: Nome, Código, Tipo (Disciplina ou Módulo), Carga Horária Teórica, Carga Horária Prática, Número de Avaliações e Ementa.
",,"	Capacitar em projeto orientado a objetos, através do aprendizado de princípios e técnicas de projeto orientado a objetos
	Capacitar quanto a aplicação de técnicas orientadas a objeto no projeto de sistemas de software
	Capacitar o aluno na avaliação de seu projeto orientado a objetos, através do uso de métricas de código

COMPETÊNCIAS E HABILIDADES
	Entender e aplicar princípios e padrões de projeto orientado a objetos
	Desenvolver frameworks orientados a objetos usando as principais técnicas de projeto orientado a objetos
	Avaliar a qualidade de projeto orientado a objetos tendo em vista princípios e métricas de orientação a objetos","	Visão geral de projeto detalhado
	Revisão de conceitos de Orientação a Objetos (OO)
	UML - Linguagem de Modelagem Unificada
	Mapeamento de Diagramas de Classes UML para código Java
	Princípios de projeto OO
	Padrões de projeto OO
	Frameworks OO
	Refatoração de programas
	Métricas de Software",,,2024.0,2.0,Presencial,
72275,MÓDULO,IMD0527,G,INTRODUÇÃO À INTERAÇÃO HUMANO-COMPUTADOR,INSTITUTO METROPOLE DIGITAL,30,30,0,60,0,0,20,True,3.0,,,,,Características Humanas empregadas no uso de sistemas computacionais interativos. Características Computacionais que influenciam o uso. Interação Humano-Computador (IHC). Interface. Qualidade de Uso. Abordagens Teóricas em IHC. Análises Práticas da interação humano-computador.,,a definir,a definir,,,2024.0,2.0,Presencial,
72707,MÓDULO,IMD1151,G,CIÊNCIAS DE DADOS,INSTITUTO METROPOLE DIGITAL,30,30,0,60,0,0,20,True,3.0,,IMD0905 ,,,Conceitos e definições sobre Ciência dos Dados; produção de dados; armazenamento e coleta; análise exploratória dos dados; visualização e ferramentas. ,,a definir,a definir,,,2024.0,2.0,Presencial,
72708,MÓDULO,IMD1152,G,COLETA E RASPAGEM DE DADOS,INSTITUTO METROPOLE DIGITAL,30,30,0,60,0,0,20,True,3.0,,,,,Conceitos e definições sobre Ciência dos Dados; produção de dados; armazenamento e coleta; análise exploratória dos dados; visualização e ferramentas. ,,,,,,,,Presencial,
72709,MÓDULO,IMD1153,G,ANÁLISE VISUAL DE DADOS,INSTITUTO METROPOLE DIGITAL,30,30,0,60,0,0,20,True,3.0,,,,,"Percepção e interpretação visual; Representação e Significado; Comunicação Visual; Dado, informação e conhecimento; Conceitos e relações; Tipos de dados simples e compostos; Análise de Dados; Tipos de análise de dados; Representação de dados simples e compostos: símbolos, características visuais individuais e do conjunto, contexto de interpretação; Tipos de gráficos; Interação com visualizações de dados; Design de visualização de dados para apoiar sua análise por seres humanos; Avaliação de visualização de dados por seres humanos.",,a definir,a definir,,,2024.0,2.0,Presencial,
72725,MÓDULO,IMD1308,G,LANÇAMENTO DE STARTUPS II,INSTITUTO METROPOLE DIGITAL,30,30,0,60,0,0,20,True,3.0,,ECT2602 ,( ( IMD1307 ) OU ( IMD1316 ) ) ,,Validação do MVP; Estratégias de validação de negócio; Constituição de empresa; Técnicas de captação; Seleção e gestão de time; Ferramentas de desenvolvimento de negócio; Ferramentas de escalabilidade; Vendas e rentabilidade; Vivência nas startups.,,A definir,Validação do MVP; Estratégias de validação de negócio; Constituição de empresa; Técnicas de captação; Seleção e gestão de time; Ferramentas de desenvolvimento de negócio; Ferramentas de escalabilidade; Vendas e rentabilidade; Vivência nas startups.,,,2024.0,2.0,Presencial,
72724,MÓDULO,IMD1305,G,GESTÃO E INOVAÇÃO E ATRAÇÃO DE CAPITAL,INSTITUTO METROPOLE DIGITAL,30,0,0,30,0,0,20,True,3.0,,,,,"Prática de implantação da gestão de Inovação em uma empresa a partir de: 1.Direcionamento estratégico: monitoramento do ambiente externo; planejamento para inovação; acompanhamento dos resultados estratégicos e de inovação. 2.Gestão de recursos: desenvolvimento de pessoas para inovação; mobilização de recursos; captação de recursos externos e incentivos; gestão de propriedade intelectual, acompanhamento da alocação de recursos. 3.Exploração e ideação; Priorização e seleção de ideias; Desenvolvimento; Implementação e perenização das Provas de Conceito. 4.Rede de parcerias: captação e seleção de parceiros; mecanismos de colaboração; gestão das parcerias. 5.Cultura e Organização de equipes: equipes para a execução de projetos de inovação; estruturas organizacionais para inovação; cultura inovadora. Investimentos de Riscos. Relação entre empreendedores e investidores, editais de subvenção, plano de captação e aplicação de recursos externos e planejamento financeiro.	",,a definir,a definir,,,2024.0,2.0,Presencial,
72723,MÓDULO,IMD1307,G,LANÇAMENTO DE STARTUPS I,INSTITUTO METROPOLE DIGITAL,30,30,0,60,0,0,20,True,3.0,,( IMD0822 ) OU ( IMD1316 ) OU ( ECT2601 ) ,,,"Prática de lançamento de uma startup, na fase prototipação e teste, no mercado. Modelagem de negócios inovadores. A partir da seguinte literatura: Design thinking; Startup Enxuta; Modelos de negócios; Prática de trabalho em grupo; Ciclos de validação de modelos de negócios: validação de Ideias, validação de produto no mercado e validação de produto no negócio; e pitches. 	",,A definir,A definir,,,2024.0,1.0,Presencial,
72722,MÓDULO,IMD1301,G,EMPREENDEDORISMO E FORMAÇÃO EMPREENDEDORA,INSTITUTO METROPOLE DIGITAL,30,30,0,60,0,0,20,True,3.0,,( ( IMD0513 ) E ( ECT1553 ) ) ,,,"Conceitos de Empreendedorismo e Empreendedor. Antecedentes do movimento empreendedorismo atual. Características, tipos e habilidades do empreendedor. Identificação e aproveitamento de oportunidades. Gestão Empreendedora, Liderança e Motivação. Empreendedorismo no Brasil. Prática Empreendedora. Ferramentas úteis ao empreendedor. Ambientes e instituições de apoio ao empreendedor. Tendências em empreendedorismo.	",,a definir,a definir,,,2024.0,1.0,Presencial,
72721,MÓDULO,IMD1306,G,GESTÃO DE PROJETOS E METODOLOGIAS ÁGEIS,INSTITUTO METROPOLE DIGITAL,30,30,0,60,0,0,20,True,3.0,,,,,Iniciação de projetos; planejamento de projetos (tempo e escopo); gestão de riscos em projetos; outras ferramentas de planejamento; Life cycle canvas; execução ágil de projetos; monitoramento e controle; encerramento de projetos.	,,a definir,a definir,,,2022.0,2.0,Presencial,
72720,MÓDULO,IMD1304,G,BRANDING,INSTITUTO METROPOLE DIGITAL,30,30,0,60,0,0,20,True,3.0,,,IMD1303 ,,"Marca: definições, dimensões, importância. Brand key: identidade, posicionamento, proposta de valor. Brand persona. Branding. Stakeholders: definição e estudo. Estratégias e ações de marca. Growth Hacking.		",,,,,,,,Presencial,
72719,MÓDULO,IMD1303,G,ESTUDOS DE MERCADO,INSTITUTO METROPOLE DIGITAL,30,30,0,60,0,0,20,True,3.0,,,,,"Mercado: definições, componentes, necessidade do estudo. Macro e micro ambientes. Pesquisa de mercado. Bussiness Intelligence. Concorrência e importância do benchmarking. Mapeamento de hábitos, comportamentos e jornada dos consumidores. ",,a definir,a definir,,,2023.0,1.0,Presencial,
69695,MÓDULO,IMD0713,G,REDES MULTIMIDIA,INSTITUTO METROPOLE DIGITAL,30,30,0,60,0,0,20,True,3.0,,,IMD0043 ,,"Conteúdo multimídia e aplicações (VoIP, IP TV, VoD, etc.), comunicação em grupo (Multicast) e difusão (broadcast), protocolos de camada de aplicação para suporte de aplicações multimídia (RTP, RSTP, SDP, SCTP, SIP), Qualidade de Serviço (QoS), Qualidade de Experiência (QoE), alocação de recursos multimídia.",,a definir.,a definir.,,,2019.0,1.0,Presencial,
72718,MÓDULO,IMD1302,G,PROCESSO CRIATIVO,INSTITUTO METROPOLE DIGITAL,15,15,0,30,0,0,20,True,3.0,,,,,"Criatividade, mudança e inovação; características e atributos da personalidade criativa; processo criativo; influência do ambiente de trabalho na criatividade e inovação; técnicas para desenvolvimento de soluções criativas; economia criativa.",,a definir,a definir,,,2021.0,1.0,Presencial,
72716,MÓDULO,IMD1117,G,ÁLGEBRA COMPUTACIONAL,INSTITUTO METROPOLE DIGITAL,30,30,0,60,0,0,20,True,3.0,,,,,"Algebra linear - Vetores e matrizes, Tipos de Matrizes, Operações elementares com Vetores e Matrizes, Matrizes esparsas, Tensores, Fatorização, Ortogonalidade e Ortonormalidade, Matrizes de Correlação e Covariância, Formulação matricial para modelos lineares e modelos lineares generalizados, ponderação e normalização, Convolução, Conceitos elementares na teoria dos grafos",,,,,,,,Presencial,
72715,MÓDULO,IMD1116,G,COMPUTAÇÃO DE ALTO DESEMPENHO,INSTITUTO METROPOLE DIGITAL,30,30,0,60,0,0,20,True,3.0,,,,,"Noções de programação paralela, concorrente e distribuída; Computação em nuvem e supercomputação; arquiteturas de hardware para computação de alto desempenho no contexto de aprendizado profundo.",,,,,,,,Presencial,
72714,MÓDULO,IMD1115,G,PROCESSAMENTO DIGITAL DE IMAGENS,INSTITUTO METROPOLE DIGITAL,30,30,0,60,0,0,20,True,3.0,,,IMD1101 ,,"Fundamentos de processamento de imagens digitais; Transformações de imagens. Melhoramento de imagens: Filtros e Atributos; Restauração de imagens. Segmentação, análise, representação e descrição de imagens; Aplicações e interpretação de imagens.",,,,,,,,Presencial,
72713,MÓDULO,IMD1114,G,APRENDIZADO PROFUNDO,INSTITUTO METROPOLE DIGITAL,30,30,0,60,0,0,20,True,3.0,,DIM0446 ,IMD1101 ,,Aprendizado com redes neurais artificiais; Arquiteturas de redes neurais artificiais; Redes neurais artificiais profundas; e Aplicações de redes neurais artificiais profundas.,,a definir,a definir,,,2024.0,2.0,Presencial,
72712,MÓDULO,IMD1113,G,PROBABILIDADE E INFERÊNCIA,INSTITUTO METROPOLE DIGITAL,30,30,0,60,0,0,20,True,3.0,,IMD0033 OU ( EST0165 E EST0166 ) ,IMD0024 E ( IMD1002 OU IMD0019 ) ,,Distribuições de probabilidade; Noções de Inferência clássica e Bayesiana; Testes de hipóteses; e Introdução de processos estocásticos.,,Preparar os estudantes para os conteúdos vistos nos componentes curriculares da área de Ciência de Dados e Inteligência Artificial.,"Distribuições de probabilidade; 
Noções de Inferência clássica e Bayesiana; 
Testes de hipóteses; e 
Introdução de processos estocásticos.",,,2024.0,2.0,Presencial,
72711,MÓDULO,IMD1112,G,ÉTICA E DADOS,INSTITUTO METROPOLE DIGITAL,30,30,0,60,0,0,20,True,3.0,,,,,"Ética e algoritmos; Governança de dados; Frameworks de avaliação ética e tomada de decisão; Os 5 Cs (consentimento, clareza, consistência, controle, consequências). Códigos de ética internacionais. Estudo de casos. ",,A DEFINIR,"Ética e algoritmos; Governança de dados; Frameworks de avaliação ética e tomada de decisão; Os 5 Cs (consentimento, clareza, consistência, controle, consequências). Códigos de ética internacionais. Estudo de casos.",,,2024.0,2.0,Presencial,
72710,MÓDULO,IMD1155,G,ANÁLISE DE REDES,INSTITUTO METROPOLE DIGITAL,30,30,0,60,0,0,20,True,3.0,,,,,Fundamentos de análise de redes; redes regulares e complexas; análise estatística em redes; mineração em redes sociais; e ferramentas. ,,a definir,a definir,,,2023.0,1.0,Presencial,
72717,MÓDULO,IMD1154,G,MODELAGEM ESTATÍSTICA DE DADOS,INSTITUTO METROPOLE DIGITAL,30,30,0,60,0,0,20,True,3.0,,,IMD1113 OU EST0166 ,,Modelagem estatística de dados; Modelos de regressão linear;  Modelos de regressão não linear/ modelos lineares generalizados; Medidas de diagnóstico para ajuste de modelos; Modelos com componentes espaciais; Nocões de Georreferenciamento,,,,,,,,Presencial,
65103,MÓDULO,IMD0920,G,TECNOLOGIA DA INFORMAÇÃO NA SAÚDE,INSTITUTO METROPOLE DIGITAL,30,30,0,60,0,0,20,True,3.0,,,,,O aluno deverá adquirir competências para trabalhar e dialogar com equipes multidisciplinares na área da saúde. Para isso deverá desenvolver não somente habilidades conceituais e práticas na concepção de sistemas computacionais mas também um entendimento básico dos processos e riscos associados dos problemas biomédicos por ele tratado.,,Introdução de conceitos relacionados a TI em Saúde. Entendimento do sistema de saúde e como a tecnologia pode melhorar os processos.,"""Introdução a TI em Saúde
Sistemas de saúde (SUS)
Prontuários Eletrônicos e protocolos (Pacs, HL7...)
Inovações aplicadas à saúde
Conceitos de Bioinformática 
Conceitos de processamento de Imagens
Conceitos de Design Thinking aplicados à saúde
Seminários 
Projeto inovador aplicado à saúde""",,,2019.0,2.0,Presencial,
61107,MÓDULO,IMD0235,G,TÓPICOS ESPECIAIS EM SISTEMAS EMBARCADOS F,INSTITUTO METROPOLE DIGITAL,60,0,0,60,0,0,20,True,3.0,,,,,A definir.,,,,,,,,Presencial,TECNOLOGIA DA INFORMAÇÃO
65101,MÓDULO,IMD0712,G,GERÊNCIA DE REDES,INSTITUTO METROPOLE DIGITAL,30,30,0,60,0,0,20,True,3.0,,,IMD0043 OU DCA0130 ,,Introdução ao gerenciamento de redes; arquitetura e modelos de gerência de redes; Plataformas de gerência de redes; MIB; Gerência de redes TCP/IP com SNMP; RMON; NETCONF.,,a definir,a definir,,,2019.0,2.0,Presencial,
52797,MÓDULO,IMD0305,G,PROJETO INTEGRADO I,INSTITUTO METROPOLE DIGITAL,90,0,0,90,0,0,20,True,3.0,,,,IMD0301 E IMD0302 E IMD0303 E IMD0304 ,"Projeto integrador baseado em problema, dentro de um dos temas disponíveis no período que for oferecido em co-requisito com as disciplinas deste período.
Observação: O projeto pedagógico prevê que serão realizadas 90h de atividades a distância nesta disciplina.",,,,,,,,Presencial,TECNOLOGIA DA INFORMAÇÃO
52796,MÓDULO,IMD0414,G,SISTEMA DE INFORMAÇÃO DISTRIBUÍDO,INSTITUTO METROPOLE DIGITAL,45,15,0,60,0,0,20,True,3.0,,,IMD0410 ,,Interoperabilidade entre sistemas de informações; Formas e arquiteturas de integração de sistemas; Arquitetura orientada a serviços (SOA); Web Services; Protocolos de invocação remota; Sistemas Orientados a Mensagens; Prática com integração de sistemas de informação;,,A definir,A definir,,,2023.0,1.0,Presencial,TECNOLOGIA DA INFORMAÇÃO
52795,MÓDULO,IMD0410,G,PROGRAMAÇÃO CONCORRENTE E DISTRIBUÍDA,INSTITUTO METROPOLE DIGITAL,45,15,0,60,0,0,20,True,3.0,,( DIM0542 E DIM0502 ) OU ( DIM0553 E DIM0502 ) ,( ( IMD0032 ) E ( IMD0031 ) ) OU ( ( IMD0040 ) E ( IMD0043 ) E ( IMD0042 OU IMD0036 OU DIM0615 ) ) ,,"Programação Concorrente: definições, primitivas básicas e  problemas clássicos. Sincronização via Semáforos; Multiprogramação via Threads; Monitores; Comunicação via troca de Mensagens (Sockets)",,A definir,A definir,A definir,,2015.0,2.0,Presencial,TECNOLOGIA DA INFORMAÇÃO
52794,MÓDULO,IMD0509,G,DESENVOLVIMENTO PARA DISPOSITIVOS MÓVEIS,INSTITUTO METROPOLE DIGITAL,30,30,0,60,0,0,20,True,3.0,,,IMD0040 OU DCA1202 ,,"Motivação para o Desenvolvimento de Sistemas para Dispositivos Móveis (SDM). Características, Desafios e Princípios para o desenvolvimento de SDMs. Arquiteturas de software para SDMs. Padrões de projeto para SDMs. Plataformas, linguagens de programação e ambientes de desenvolvimento para SDMs.",,"Capacitar o aluno para aplicação de boas práticas em arquiteturas de sistemas móveis, através do uso de princípios, boas práticas e tecnologias voltadas para este tipo de ambiente;
Capacitar o aluno para o desenvolvimento de aplicações móveis usando tecnologias modernas;
Capacitar o aluno para fazer uso dos serviços presentes nas plataformas de dispositivos móveis;
Identificar o processo de construção e implantação de uma aplicação móvel;
Integrar de dispositivos móveis com sistemas de informação utilizando serviços web.","Introdução a plataforma Android e sua arquitetura;
Componentes da plataforma Android: Activities, Content Providers, Services e Broadcast Receivers;
Conhecendo e Configurando o Android Studio;
Aplicações no Android (AndroidManifest.xml, Activities, Resources, Logging, API de compatibilidade, Permissões de acesso);
Activities e seu ciclo de vida;
Threads no Android (UI thread, Handlers e AsyncTask (Tarefas assíncronas));
Introdução a material Design;
Interface Gráfica com Layouts, Views, Adapters, Dialogs, Actions Bar e Menus;
Interface Gráfica com Fragments;
Intents - Integrando componentes;
Broadcast Receivers e seu ciclo de vida;
Recursos do dispositivo: Notificação, Toasts e Alarms;
Services e seu ciclo de vida;
Serviços de Localização;
Integração de aplicativos com o Google Maps;
Armazenamento em Arquivo e Banco de Dados (SQLite);
Content Providers e seu ciclo de vida;
Web Service consumo de API (Integrando com sistemas JSON);
Publicando no Google Play Store.",,,2024.0,2.0,Presencial,TECNOLOGIA DA INFORMAÇÃO
52793,MÓDULO,IMD0413,G,DESENVOLVIMENTO PARA AMBIENTE DESKTOP,INSTITUTO METROPOLE DIGITAL,30,30,0,60,0,0,20,True,3.0,,,( IMD0040 ) ,,"Introdução ao desenvolvimento Desktop; Ferramentas e API para desenvolvimento de interfaces com usuário; Componentes gráficos; Gerenciadores de layout; Gestão de interfaces desktops em SOs; Arquiteturas de software para sistemas desktop; Padrões de projeto para sistemas desktop; Plataformas, linguagens de programação e ambientes de desenvolvimento para Desktop; Prática com sistemas Desktop;",,"A disciplina DESENVOLVIMENTO PARA AMBIENTE DESKTOP tem como objetivos utilizar Ferramentas e API's para desenvolvimento de interfaces com usuário, aplicar Arquiteturas e Padrões de projeto para sistemas desktop e por último, desenvolver aplicações que façam uso de dispositivos dos mais gerais.","""Apresentação da disciplina - Aula de Ensino Individual
Contextualização do caso de uso - Aula de Ensino Individual
Ferramentas para desenvolvimento de interfaces com usuário - 1 - Aula de Ensino Individual
Ferramentas para desenvolvimento de interfaces com usuário - 2 - Aula de Ensino Individual        
Componentes gráficos - Aula de Ensino Individual
Gerenciadores de layout - Aula de Ensino Individual
Gestão de interfaces desktops em SOs - 1 - Aula de Ensino Individual
Gestão de interfaces desktops em SOs - 2 - Aula de Ensino Individual
Arquiteturas de software para sistemas desktop - Aula de Ensino Individual
Padrões de projeto para sistemas desktop - Aula de Ensino Individual
Plataformas e ambientes de desenvolvimento para Desktop - Aula de Ensino Individual
Desenvolvimento de projeto - 1 - Aula de Ensino Individual
Desenvolvimento de projeto - 2 - Aula de Ensino Individual
Desenvolvimento de projeto - 3 - Aula de Ensino Individual
Desenvolvimento de projeto - 4 - Aula de Ensino Individual
Desenvolvimento de projeto - 5 - Aula de Ensino Individual
Apresentação do projeto - 1 - Aula de Ensino Individual
Apresentação do projeto - 2 - Aula de Ensino Individual""",,,2024.0,2.0,Presencial,TECNOLOGIA DA INFORMAÇÃO
52792,MÓDULO,IMD0403,G,PROGRAMAÇÃO COM BANCO DE DADOS,INSTITUTO METROPOLE DIGITAL,30,30,0,60,0,0,20,True,3.0,,,IMD0401 ,,Acesso a Banco de Dados com Linguagem de Programação OO; Criação de modelos de dados relacionais; Mapeamento de Bancos de Dados Relacionais em linguagens Orientada a Objetos; Prática com framework de mapeamento Objeto-Relacional; Prática de projetos de banco de dados,,"A disciplina de Programação com Banco de Dados tem como objetivos aplicar os mecanismos de acesso a banco de dados através de uma linguagem de programação orientada a objetos, mostrar como funciona o mapeamento de Bancos de Dados Relacionais em linguagens Orientada a Objetos, utilizar na prática um framework de mapeamento Objeto-Relacional, e por último, desenvolver projetos de banco de dados.","""1.	Programação Desktop
o	APIs Desktop
o	Tratamento de eventos
o	Desenvolvimento de interface
2.	Acesso a Banco de Dados com Linguagem de Programação OO:
o	Java DataBase Conectivity (JDBC)
o	Controle de Transações
o	Data Access Object (DAO)
3.	Mapeamento Objeto Relacional (MOR)
o	Conceitos
o	Framework de mapeamento objeto relacional
o	Mapeando Associações
4.	Java Persistence API
o	Herança
o	Consulta
o	Controle de Transação
o	Cache
o	Interceptor
5.	Implementação ORM:
o	Hibernate (ver na prática)
o	EclipseLink (seminário)
o	OpenJPA (seminário)
o	Castor (seminário)
o	Cayenme Apache (seminário)
o	Carbonado Amazon (seminário)
6.	Projeto de Banco de Dados
o	Desenvolvimento de projetos""",,,2019.0,2.0,Presencial,TECNOLOGIA DA INFORMAÇÃO
52791,MÓDULO,IMD0409,G,DESENVOLVIMENTO DE SISTEMAS WEB II,INSTITUTO METROPOLE DIGITAL,30,30,0,60,0,0,20,True,3.0,,( DIM0547 ) ,,( IMD0404 ) ,"Padrão Model-View-Controler: interface com usuário, negócio e dados; Arquitetura de multicamadas e middleware; Programação da parte servidor; Desenvolvimento Web MVC, preferencialmente com framework JSF; Processamento de Negócio, preferencialmente com EJB e/ou Spring; Serviços Web.",,"- Introduzir os conceitos e características associado ao
desenvolvimento de uma aplicação corporativa
- Apresentar uma plataforma de desenvolvimento de aplicações
corporativas, incluindo ferramentas de desenvolvimento (frameworks), e
servidores de aplicação
- Capacitar o aluno para aplicação de boas práticas em arquiteturas de
aplicações corporativas baseado no uso de padrões de arquitetura e de
projeto
- Apresentar ao aluno um processo de desenvolvimento ágil aplicado no
contexto de aplicações corporativas
- Capacitar o aluno para o desenvolvimento de aplicações corporativas
usando tecnologias modernas
","- Introdução a aplicações corporativas (Histórico, Arquitetura de
referência em camadas, Padrão MVC)
- Componentes de software
- Plataforma de desenvolvimento para sistemas corporativos (JavaEE)
- Servidores de Aplicação e Deploy
- Ferramentas para Camada de Apresentação (Tecnologias: Servlets, JSP, JSF)
- Ferramentas para Camada de Negócio (Tecnologias: EJB - Enterprise Java
Beans)
- Ferramentas para Camada de Acesso a Dados (integração)
- Mapeamento O/R (JPA)
- Padrões de projeto arquiteturais (corporativos)
- Introdução a Serviços Web",,,2024.0,2.0,Presencial,TECNOLOGIA DA INFORMAÇÃO
52790,MÓDULO,IMD0401,G,BANCO DE DADOS,INSTITUTO METROPOLE DIGITAL,45,15,0,60,0,0,20,True,3.0,,( DIM0434 ) OU ( DIM0114 ) ,IMD0040 OU DIM0116 OU DCA1202 OU DIM0176 ,,"Modelo de dados: rede, hierárquico e relacional; Álgebra relacional; Linguagem de consulta SQL; Projeto de banco de dados; Prática com um Sistema Gerenciador de Banco de Dados; Otimização de Consultas SQL; Índices; Transações; Backup e Recuperação de banco de dados;",,"A disciplina de Banco de Dados tem como objetivo mostrar aos alunos os conceitos fundamentais de gerenciamento de banco de dados, através de atividades práticas e teóricas.","""1.	Introdução
o	Conceitos básicos
o	Arquitetura de um sistema de banco de dados
o	Sistemas de gerência de banco de dados
2.	Modelo Conceitual de Banco de Dados
o	Modelo Entidade Relacionamento
o	Diagrama de Entidades e Relacionamentos
3.	Modelo Relacional
o	Álgebra Relacional
4.	Normalização
o	Formas Normais
5.	Linguagem SQL
o	Histórico
o	Linguagem DDL
o	Linguagem DML
o	Visões 
o	Gatilhos e Procedimentos Armazenados
6.	Projeto Físico de Banco de Dados
o	Estruturas de armazenamento
o	Indexação e Hashing
o	Segurança em Banco de Dados
7.	Gerenciamento de Transações
o	Propriedades ACID
o	Serialização
o	Níveis de Isolamento
8.	Controle de Concorrência
o	Protocolos com Base em Bloqueio
o	Protocolos com Base em Registro de Tempo""",,,2024.0,2.0,Presencial,TECNOLOGIA DA INFORMAÇÃO
52789,MÓDULO,IMD0404,G,DESENVOLVIMENTO DE SISTEMAS WEB I,INSTITUTO METROPOLE DIGITAL,30,30,0,60,0,0,20,True,3.0,,( DIM0546 ) ,( IMD0030 OU DCA1202 ) ,,"Conceitos, Arquitetura e Tecnologias da Web. Tecnologias Lado-Cliente. Linguagens HTML, CSS, JavaScript. Modelo de Objetos de Documento (DOM). Arquitetura da Informação. Técnicas de Design Gráfico. Introdução à Programação Lado-Servidor.",,"Conhecimento dos conceitos de programação web, assim como de ferramentas e linguagens para o desenvolvimento de aplicações front-end. ","Conceitos de programação web
Usabilidade e acessibilidade
HTML/HTML5
CSS/CSS3
BOOTSTRAP 
JAVA SCRIPT
JQUERY",,,2024.0,2.0,Presencial,TECNOLOGIA DA INFORMAÇÃO
52788,MÓDULO,IMD0412,G,INTRODUÇÃO AO TESTE DE SOFTWARE,INSTITUTO METROPOLE DIGITAL,60,0,0,60,0,0,20,True,3.0,,DIM0507 ,( IMD0035 ) OU ( ( IMD0040 ) E ( IMD0423 OU IMD0503 ) ) ,,"Introdução e motivação ao Teste de Software. Conceitos básicos de teste: defeito, falha, casos de teste, critérios de teste. Teste de Unidade e Integração. Técnicas de Teste: funcional (caixa-preta), estrutural (caixa-branca). Testes de regressão. Testes de Sistema e Aceitação. Testes de Carga, Desempenho, Segurança. Revisão de Software: inspeção, revisão em time, walkthrough.",,A definir,A definir,,,2023.0,2.0,Presencial,TECNOLOGIA DA INFORMAÇÃO
52787,MÓDULO,IMD0032,G,ESTRUTURAS DE DADOS BÁSICAS II,INSTITUTO METROPOLE DIGITAL,90,0,0,90,0,0,20,True,3.0,,( DIM0111 OU IMD0039 ) ,( IMD0022 ) ,( IMD0035 ) ,"1. Análise de complexidade. 
2. Desempenho de algoritmos recursivos e iterativos
3. Recorrências e soluções de recorrências
4. Árvores
5. Listas de Prioridade. Heap.

Observação: O projeto pedagógico prevê que serão realizadas 30h de atividades a distância nesta disciplina
6. Árvores de busca. Árvores binárias de busca.
7. Árvores balanceadas
8. Árvores digitais		
9. Estruturas auto-ajustáveis e análise amortizada
10. Casamento de cadeias
",,"1.	Dar seguimento à formação do aluno em algoritmos e estruturas de dados.
2.	Desenvolver no aluno fluência no discurso sobre complexidade de algoritmos. 
3.	Capacitar o aluno a analisar algoritmos assintoticamente. 
4.	Desenvolver conceitos específicos sobre teoria e implementação computacional de árvores, árvores de pesquisa, heaps e conjuntos disjuntos
5.	Dar seguimento ao processo de intermediação entre a expressão de algoritmos para um problema e sua implementação em linguagens de programação
","1.	Complexidade de Algoritmos
a.	Noções de complexidade assintótica de algoritmos
i.	Algoritmos e Problemas
ii.	Noções de análise de complexidade de algoritmos
iii.	Pior caso, melhor caso e caso médio
iv.	Notações Assintóticas de Complexidade: &#61521; (Theta), &#61519; (Big-oh), &#61527; (Big-Omega), &#61551; (little o), &#61559; (little omega)
v.	Uso formal e informal da terminologia
b.	Análise Assintótica de Algoritmos
i.	Avaliação assintótica de somatórios e recorrências
1.	Técnicas de solução assintótica de somátórios 
2.	Técnicas de solução assintótica de relações de recorrência
ii.	Técnicas de análise de algoritmos iterativos e recursivos
iii.	Uso formal e informal da terminologia
iv.	Introdução à análise do caso médio
c.	Complexidade de Problemas versus Complexidade de Algoritmos

2.	Árvores
a.	Conceitos de árvores
b.	Implementação de árvores genéricas
c.	Tipos diferenciados de árvores: árvores binárias, árvores de pesquisa

3.	Árvores de Pesquisa
a.	Tipos de Dados: Conjuntos, Mapeamentos e Dicionários, Multiconjuntos
b.	Árvores de Pesquisa Binárias
c.	Árvores Balanceadas
i.	Árvores rubro-negras
ii.	Outros tipos de árvores balanceadas
d.	Árvore B
e.	Árvores Digitais

4.	Heaps
a.	Tipo de Dados: Lista de Prioridades
b.	Heaps binárias e seu uso na implementação de lista de prioridades e Heapsort

5.	Implementação de Conjuntos Disjuntos
a.	Tipo de Dados: Conjuntos Disjuntos (Union-Find)
b.	Implementação de Conjuntos Disjuntos
","O aluno deverá, ao final do semestre ser capaz de:

1.	Compreender algoritmos de média complexidade
2.	Desenvolver algoritmos de média complexidade bem como adaptar algoritmos existentes  a necessidades específicas
3.	Efetuar análise assintótica básica de algoritmos iterativos e recursivos
4.	Implementar algoritmos de média complexidade em linguagens de programação
5.	Comparar algoritmos e estabelecer trade-offs entre diferentes estruturas de dados para um mesmo tipo de dado
6.	Escolher os algoritmos e estruturas de dados adequados para a solução de um problema real de média complexidade
",,2014.0,1.0,Presencial,TECNOLOGIA DA INFORMAÇÃO
52786,MÓDULO,IMD0035,G,LABORATÓRIO DE PROGRAMAÇÃO II,INSTITUTO METROPOLE DIGITAL,0,30,0,30,0,0,20,True,3.0,,( DIM0111 OU IMD0040 ) ,( IMD0025 ) ,( IMD0032 ) ,"	Introdução a Programação Orientada a Objetos
	Classes e Objetos. Atributos e Métodos.
	Alocação dinâmica e coletor de lixo.
	Composição. Encapsulamento. Herança.
	Classes abstratas e interfaces.
	Modularização.
	Tratamento de Exceções.
	Classes Genéricas.
	Anotações.
	Depuração e Profiling 
",,a definir,a definir,a definir,,2013.0,2.0,Presencial,TECNOLOGIA DA INFORMAÇÃO
52785,MÓDULO,IMD0025,G,LABORATÓRIO DE PROGRAMAÇÃO I,INSTITUTO METROPOLE DIGITAL,0,30,0,30,0,0,20,True,2.0,,( DIM0426 OU IMD0030 ) ,( IMD0012 ) ,( IMD0022 ) ,"	Operadores de alocação dinâmica
	Formas de implementação de TADs (Tipos Abstratos de Dados).
	Funções e Recursividade. Tipos de recursão. Recursão x Interação.
	Performance, Expressividade.
	Introdução a Classes.
	Construtores e Destrutores. Tipos compostos. Tipos recursivos.
	Gerenciamento de memória.
	Modularização de Programas
	Depuração e Profiling
",,Desenvolver a capacidade de implementação de programas em laboratório utilizando a linguagem de Programação C++.,". Introdução a C++
  - Visão geral
  - Diferenças sintáticas entre C e C++
. Alocação dinâmica de memória
. Funções e Recursividade
  - Tipos de recursão
    - Em cauda, Aninhada, Indireta, etc.
  - Ordem de execução e Pilha de recursão
  - Recursão x Interação
    - Performance, Expressividade e outros aspectos
. Classes
  - Atributos
    - Atributos x variáveis globais
  - Métodos e sobrecarga
  - Classes x Registros
    - Alocação dinâmica e gerenciamento de memória
    - Operadores new e delete, escopo de variáveis, memory leak, etc.
    - Construtores e Destrutores
  - Tipos compostos
  - Tipos Recursivos
. Modularização de Programas
  - Múltiplos arquivos
  - Namespaces
  - Compilação de bibliotecas e linkedição
. Tópicos Avançados
  - Biblioteca padrão de C++
    - Templates
    - Funções de manipulação de dados
  - Depuração de código","Ao final do curso, o aluno deverá estar apto a raciocinar e utilizar a sua capacidade de abstração para desenvolver programas bem elaborados em linguagem C++.",,2013.0,2.0,Presencial,TECNOLOGIA DA INFORMAÇÃO
52784,MÓDULO,IMD0026,G,PRÁTICAS DE LEITURA E ESCRITA EM PORTUGUÊS II,INSTITUTO METROPOLE DIGITAL,45,0,0,45,0,0,20,True,3.0,,( ECT1205 OU IMD0027 ) ,( IMD0016 ) ,,"Práticas de leitura e escrita para a área de Tecnologia da Informação, concentrando-se nos aspectos enunciativo-pragmáticos (subjetividade, viés temático, gerenciamento de vozes) e nos processos de argumentação.

Observação: O projeto pedagógico prevê que serão realizadas 15h de atividades a distância nesta disciplina",,Desenvolver e aprimorar competências de leitura e de produção de textos escritos. ,"1. Aspectos enunciativo-pragmáticos do texto
1.1. Estratégias de manifestação da subjetividade
1.1.1. A dêixis
1.1.2. A modalização
1.1.3. Aspectos léxico-gramaticais
1.2. Vozes mostradas no discurso
1.2.1. As vozes demarcadas
1.2.2. As vozes não-demarcadas
2. Argumentação
2.1. Estrutura
2.2. Estratégias
2.3. Defeitos
2.4. Gêneros argumentativos
3. Processos de retextualização
4. Aspectos da norma culta 2 ","1 Leitura
 Identificar as estratégias de manifestação da subjetividade, tendo como suporte os indexadores lingüísticos (dêiticos, modalizadores e recursos léxico-gramaticais).
 Reconhecer os mecanismos de gerenciamento das vozes mostradas no texto.
 Interpretar a orientação argumentativa do discurso a partir dos movimentos de argumentação/refutação, considerando, ainda, sua pertinência e os operadores argumentativos utilizados.
2 Escrita
 Produzir textos em diferentes gêneros escritos, considerando os seguintes requisitos:
a) preservação do gênero discursivo e de sua macroestrutura textual, conforme solicitado;
b) manutenção da coerência temática e da unidade de sentido do texto;
c) atenção à progressão discursiva, observando a conectividade entre os segmentos textuais, bem como a divisão formal dos parágrafos;
d) clareza de posicionamento e uso de argumentação bem fundamentada;
e) domínio das estratégias de subjetividade e de manifestação da heterogeneidade discursiva;
f) adequação dos recursos lingüísticos (lexicais e gramaticais) ao gênero e à situação sociointerativa.",,2013.0,1.0,Presencial,
52783,MÓDULO,IMD0304,G,PROJETO DE SISTEMAS OPERACIONAIS,INSTITUTO METROPOLE DIGITAL,60,0,0,60,0,0,20,True,3.0,,,,,"Processadores embarcados e DSP. Estrutura de Assembly. Mecanismos de E/S (serial/paralelo). Mecanismos de interrupção, coprocessador e pipeline. Memórias caches; Plataformas embarcadas. Aplicações embarcadas considerando: montadores, ligadores, compiladores e análise de performance (elementos em laços, cache, etc). Análise de energia e consumo para diferentes programas e tamanho de programas. Validação e teste de software embarcado. RTOS, interfaces (drivers) e API. Particionamento entre hardware e software. Virtualização de sistemas operacionais.
Observação: O projeto pedagógico prevê que serão realizadas 30h de atividades a distância nesta disciplina.",,,,,,,,Presencial,TECNOLOGIA DA INFORMAÇÃO
52782,MÓDULO,IMD0037,G,PRÁTICAS DE LEITURA E ESCRITA EM INGLÊS,INSTITUTO METROPOLE DIGITAL,45,0,0,45,0,0,20,True,3.0,,( ECT1307 OU IMD0018 ) ,,,"Introdução ao uso de estratégias de leitura em gêneros discursivos variados e práticas de leitura e escrita em língua inglesa na área de Tecnologia da Informação (TI).

Observação: O projeto pedagógico prevê que serão realizadas 15h de atividades a distância nesta disciplina",,"Desenvolver as capacidades de leitura, interpretação, reflexão crítica e exposição de ideias em textos de diferentes gêneros discursivos em língua inglesa na área de TI, produzir textos de pequena extensão nessa língua, além de aprimorar conhecimentos teóricos e práticos que favoreçam a pesquisa como um processo contínuo de construção do conhecimento na área de","1. Fundamentos gerais para leitura e escrita
1.1. Língua inglesa como meio de divulgação de conhecimentos na área de ciências e tecnologia.
1.2. Leitura como processo de semiotização.
1.3. Principais estratégias de leitura em língua inglesa (skimming, scanning, guessing, predicting).
1.4. Noções de gênero discursivo e de sequências textuais.
1.5. Modos de organização de determinados gêneros (acadêmicos e técnicos), do ponto de vista de sua estrutura organizacional, relações temáticas e estilo.
1.6. Uso eficiente do dicionário.


2. Organização do texto
2.1. Noções básicas de estrutura da língua inglesa.
2.2. Conectivos intra e interfrasais.
2.3. Viés temático, progressão discursiva e segmentação textual.
2.4. Cognatos.
2.5. Noções de reescrita.","Leitura
 Perceber a importância da língua inglesa como instrumento de divulgação de diferentes inovações e teorias na área de Ciências e Tecnologia.
 Conhecer e utilizar as diferentes estratégias de leitura em língua inglesa (skimming, scanning, guessing, predicting).
 Distinguir os conceitos de gêneros discursivos e sequências textuais.
 Conceber o texto como unidade multissemiótica de sentido.
 Diferenciar os modos de organização de determinados gêneros (acadêmicos e técnicos), do ponto de vista de sua estrutura composicional, relações temáticas e estilo.
 Conhecer e utilizar os cognatos.
 Utilizar o dicionário de forma eficiente.
 Apreender noções básicas da estrutura da língua inglesa (Word Order / SVO).
 Conhecer e utilizar os conectivos intra e interfrasais.
 Apreender a progressão discursiva do texto, observando os segmentos e a paragrafação, bem como os componentes linguísticos (léxico-gramaticais) responsáveis por sua constituição.
Escrita
 Produzir textos em diferentes gêneros escritos, considerando os seguintes requisitos:
a) Preservação do gênero discursivo e de sua macroestrutura textual.
b) Manutenção da coerência temática e da unidade de sentido do texto.
c) Atenção à progressão discursiva, observando a conectividade entre os segmentos textuais, bem como a divisão formal dos parágrafos.
d) Adequação dos recursos linguísticos (lexicais e gramaticais) ao gênero e à situação sociointerativa. ",,2014.0,1.0,Presencial,TECNOLOGIA DA INFORMAÇÃO
52780,MÓDULO,IMD0311,G,PROJETO INTEGRADO II,INSTITUTO METROPOLE DIGITAL,90,0,0,90,90,0,20,True,3.0,,,,IMD0306 E IMD0307 E IMD0308 E IMD0309 E IMD0310 ,"Projeto integrador baseado em problema, dentro de um dos temas disponíveis no período que for oferecido em co-requisito com as disciplinas deste período.
Observação: O projeto pedagógico prevê que serão realizadas 90h de atividades a distância nesta disciplina.",,,,,,,,Presencial,
52779,MÓDULO,IMD0317,G,PROJETO INTEGRADO III,INSTITUTO METROPOLE DIGITAL,90,0,0,90,90,0,20,True,3.0,,,,IMD0312 E IMD0313 E IMD0314 E IMD0315 E IMD0316 ,"Projeto integrador baseado em problema, dentro de um dos temas disponíveis no período que for oferecido em co-requisito com as disciplinas deste período.
Observação: O projeto pedagógico prevê que serão realizadas 90h de atividades a distância nesta disciplina.",,,,,,,,Presencial,
52778,MÓDULO,IMD0022,G,ESTRUTURA DE DADOS BÁSICAS I,INSTITUTO METROPOLE DIGITAL,90,0,0,90,0,0,20,True,3.0,,( DIM0013 OU IMD0029 ) ,( IMD0012 ) ,( IMD0025 ) ,"1. Algoritmos de busca 
2. Algoritmos de ordenação 
3. Complexidade de algoritmos (abordagem experimental) 
4. Verificação de corretude e término 
5. Vetores dinâmicos
6. Arranjos com sentinelas 
7. Listas sequenciais com alocação estática; casos especiais (restrições): filas, pilhas e deques 
8. Listas encadeadas com alocação dinâmica
9. Estruturas auto-ajustáveis (listas e conjuntos disjuntos) 
10. Tabelas de dispersão.

Observação: O projeto pedagógico prevê que serão realizadas 15h de atividades a distância nesta disciplina",,"Introdução à análise de complexidade de algoritmos: notações O, &#8486; e &#920;.
Técnicas de projeto de algoritmos eficientes. Estruturas lineares: listas,
pilhas e filas. Algoritmos de busca e ordenação em estruturas lineares.
Ponteiros. Alocação dinâmica de memória. Encadeamento em listas e em tabelas.
Tabelas de dispersão.","Análise de complexidade de algoritmos

1. Conceitos
2. Notações O, &#8486; e &#920;
3. Pior caso, melhor caso, caso médio
4. Algoritmos ótimos

# Tipos de Dados

1. Primitivos, Estáticos e Dinâmicos

# Estruturas Lineares (Listas Lineares)

1. Definição
2. Pilhas, Filas e Deques
3. Representação física: alocação sequencial
1. Listas Lineares em geral
2. Pilha
3. Fila
4. Deque
4. Representação fíisica: alocação encadeada
1. LED: Lista de Espaço Disponível
2. Lista simplesmente encadeada
1. Lista Linear em geral
2. Pilha
3. Fila
3. Listas circulares simplesmente encadeadas
4. Listas duplamente encadeadas
1. Lista Linear geral
2. Deque
5. Combinação de Listas
6. Aplicação: ordenação topológica

# Análise da complexidade de algoritmos em lista

1. Análise da complexidade da busca linear
2. Análise da complexidade da busca binária
3. Comparação entre a busca linear e a binária

# Algoritmos de Ordenação em estruturas lineares

1. Ordenação por inserção
2. Ordenação por seleção
3. Ordenação por troca
4. Ordenação por distribuição
5. Quick Sort
6. Outros Métodos
7. Comparação dos métodos e análise da complexidade

# Tabelas de Dispersão (Hashing)

1. Princípio de funcionamento
2. Funções de Dispersão
3. Tratamento das colisões por encadeamento
1. Encadeamento exterior
2. Encadeamento interior
4. Tratamento das colisões por endereçamento aberto
1. Tentativa linear
2. Tentativa quadrática
3. Dispersão dupla
5. Tabela de Dimensão Dinâmica

# Árvores

1. Conceitos Básicos
2. Árvores Binárias
3. Árvores Binárias de busca",a definir,,2013.0,2.0,Presencial,TECNOLOGIA DA INFORMAÇÃO
52702,MÓDULO,IMD0515,G,TÓPICOS ESPECIAIS EM INFORMÁTICA EDUCACIONAL I,INSTITUTO METROPOLE DIGITAL,60,0,0,60,0,0,20,True,3.0,,,,,"Variável, de acordo com o tópico escolhido.",,a definir,a definir,a definir,,2014.0,2.0,Presencial,TECNOLOGIA DA INFORMAÇÃO
52700,MÓDULO,IMD0513,G,EMPREENDEDORISMO,INSTITUTO METROPOLE DIGITAL,60,0,0,60,0,0,20,True,3.0,,DIM0345 ,,,"Perfil do empreendedor; Identificação e aproveitamento de oportunidades; Planos de negócios; Aquisição e gestão de recursos necessários aos negócios; Assessoria para o Negócio (incubadoras); Marcas, patentes e proteção de software; Criação de empresas de Tecnologia da Informação.",,A definir,A definir,,,2020.0,2.0,Presencial,TECNOLOGIA DA INFORMAÇÃO
52811,MÓDULO,DIM0550,G,MÉTODOS EXPERIMENTAIS EM ENGENHARIA DE SOFTWARE,DEPARTAMENTO DE INFORMÁTICA E MATEMÁTICA APLICADA,40,20,0,60,60,0,20,True,3.0,,,IMD0033 OU DIM0132 OU EST0323 ,,"Visão geral dos métodos de experimentação em engenharia de software e aplicações na indústria. Uso de estudos experimentais para avaliação do impacto de tecnologias na qualidade e produtividade do desenvolvimento de software. Tratamento de dados: medição, sumarização de dados, testes de hipóteses, apresentação e interpretação de dados. Métodos qualitativos e quantitativos de análise.",,A definir.,A definir.,,,2020.0,1.0,Presencial,ENGENHARIA DE SOFTWARE
52813,MÓDULO,DIM0548,G,ENGENHARIA DE LINGUAGENS,DEPARTAMENTO DE INFORMÁTICA E MATEMÁTICA APLICADA,40,20,0,60,60,0,20,True,3.0,,,( IMD0039 OU DIM0117 ) E ( IMD0040 OU DIM0016 ) ,,"Conceitos de Linguagens de Programação: Sintaxe, Semântica e Pragmática. Paradigmas de linguagens de programação. Construção de processadores de linguagens de programação.",,"	Apresentar princípios e conceitos relativos a linguagens de programação
	Permitir ao aluno conceber e projetar linguagens de programação imperativas
	Apresentar conceitos, notações, técnicas e ferramentas de implementação de reconhecedores léxicos, sintáticos e semânticos de linguagens de programação
	Desenvolver compiladores considerando a abordagem baixo-cima

COMPETÊNCIAS E HABILIDADES
	Possuir domínio de conceitos, elementos, técnicas e abordagens relativas ao uso, ao projeto e à implementação de linguagens de programação
	Conceber novas linguagens de programação
	Possuir domínio acerca das etapas do processo de compilação, incluindo a compreensão de máquinas conceituais, técnicas e ferramentas utilizadas para geração de compiladores considerando a abordagem baixo-cima
","	Critérios para concepção e avaliação de linguagens de programação
	Nomes, variáveis, valores e tipos
	Vinculações e sistema de tipos
	Estruturação do código e gerenciamento de escopos
	Descrições léxicas, sintáticas e semânticas
	Análise léxica
	Análise sintática ascendente
	Análise de contexto e geração de código
",,,2024.0,2.0,Presencial,ENGENHARIA DE SOFTWARE
52814,MÓDULO,DIM0551,G,DESENVOLVIMENTO DISTRIBUÍDO DE SOFTWARE,DEPARTAMENTO DE INFORMÁTICA E MATEMÁTICA APLICADA,40,20,0,60,60,0,20,True,3.0,,,DIM0510 ,,"Introdução ao Desenvolvimento Distribuído de Software (DDS). Conceitos básicos Sistemas Colaborativos. Comunicação, coordenação e awareness entre desenvolvedores de software distribuídos globalmente. Teste e integração em times distribuídos. Ferramentas para desenvolvimento distribuído de software. Gestão de projetos distribuídos. Mídias sociais e Engenharia de Software. Prática na experimentação através do uso de ferramentas para suporte ao desenvolvimento distribuído de software.",,,,,,,,Presencial,ENGENHARIA DE SOFTWARE
52815,MÓDULO,DIM0552,G,DESENVOLVIMENTO ÁGIL DE SOFTWARE,DEPARTAMENTO DE INFORMÁTICA E MATEMÁTICA APLICADA,40,20,0,60,60,0,20,True,3.0,,,DIM0510 ,,"Metodologias Ágeis, Manifesto Ágil, Princípios e Práticas Ágeis, Extreme Programming (XP), Desenvolvimento Rápido de Aplicação (R.A.D), Scrum, Padrões para adoção do Scrum, Estrutura da equipe Scrum, Equipe auto-organizada, Backlog do produto, Sprints, Jogo do Planejamento, Estórias do Usuários, Programação em Pares, Integração Contínua, Reuniões Diárias, Qualidade de Software.",,,,,,,,Presencial,ENGENHARIA DE SOFTWARE
55030,MÓDULO,IMD0042,G,INTRODUÇÃO A SISTEMAS OPERACIONAIS,INSTITUTO METROPOLE DIGITAL,60,0,0,60,0,0,20,False,3.0,,( IMD0036 OU DIM0615 OU DIM0432 ) ,( IMD0041 ) ,,"1.Introdução: conceitos básicos, visão do usuário e projeto, histórico tendências atuais
2. Multiprogramação: processos, thread, ciclos de vida, estado e relacionamento entre processos; gerência de filas; mecanismo de interrupção, proteção, escalonamento
3. Programação concorrente: seção crítica, controle de concorrência, deadlock
4. Dispositivos de entrada/saída
5. Gerência de memória
6. Sistemas de arquivos
7. Segurança
8. Noções de Virtualização
9. Estudo de casos (por exemplo, Linux, Windows, Android, Ios)
",,a definir,a definir,a definir,,2014.0,1.0,Presencial,TECNOLOGIA DA INFORMAÇÃO
55029,MÓDULO,IMD0041,G,INTRODUÇÃO A ORGANIZAÇÃO E ARQUITETURA DE COMPUTADORES,INSTITUTO METROPOLE DIGITAL,60,0,0,60,0,0,20,False,3.0,,( IMD0021 OU DIM0058 OU DIM0431 OU IMD0121 OU DIM0127 ) ,( IMD0012 ) ,,"1. Introdução: noções de circuitos lógicos e revisão sobre sistemas de numeração, breve histórico da computação, tendências atuais
2. Noções básicas de arquitetura e organização de computadores: componentes básicos do computador, estrutura e funcionamento da CPU, conjunto de instruções,  pipeline, arquiteturas CISC e RISC, estudo de caso
3. Estrutura de software: linguagem de programação, compilador, interpretador, assembler, linker loader, controle de fluxo, estudo de caso
4. Organização de memória: hierarquia de memória e introdução à memória virtual
5. Noções básicas de Entrada/Saída e barramento
6. Suporte ao sistema operacional
7. Introdução a paralelismo
",,a definir ,"1. Introdução: noções de circuitos lógicos e revisão sobre sistemas de numeração, breve histórico da computação, tendências atuais 2. Noções básicas de arquitetura e organização de computadores: componentes básicos do computador, estrutura e funcionamento da CPU, conjunto de instruções, pipeline, arquiteturas CISC e RISC, estudo de caso 3. Estrutura de software: linguagem de programação, compilador, interpretador, assembler, linker loader, controle de fluxo, estudo de caso 4. Organização de memória: hierarquia de memória e introdução à memória virtual 5. Noções básicas de Entrada/Saída e barramento 6. Suporte ao sistema operacional 7. Introdução a paralelismo. ",a definir,,2014.0,1.0,Presencial,TECNOLOGIA DA INFORMAÇÃO
55028,MÓDULO,IMD0043,G,REDES DE COMPUTADORES,INSTITUTO METROPOLE DIGITAL,45,15,0,60,0,0,20,False,3.0,,( DIM0438 OU IMD0031 ) OU ( DCA0113 ) ,( IMD0021 OU IMD0041 OU IMD0121 OU DCA0104 ) ,,"1. Histórico e cenário atual.
2. Topologia de redes.
3. Arquiteturas e padrões: órgãos de padronização, arquitetura em camadas, modelos de referência, modelo TCP/IP
4. Protocolos das camadas: de aplicação, de transporte, de rede
5. Conceitos de redes locais: ethernet e wi-fi
6. Conceitos de redes de acesso
7. Perspectivas sobre o futuro das redes de computadores, tais como:  Internet das coisas, Internet do futuro
",,"Apresentar ao aluno os conceitos, abstrações, nomenclaturas e tecnologias existentes em redes de computadores, bem como perspectivas para o futuro na área. Por meio de uma abordagem top-down, o aluno irá trilhar sua evolução nos conhecimentos em redes de computadores partindo daquilo que lhe é familiar, a camada de aplicação, avançando sobre as demais camadas (modelos OSI e Internet) ao longo da disciplina.","1. Histórico e cenário atual
2. Topologia de redes
3. Arquiteturas e padrões: órgãos de padronização, arquitetura em camadas, modelos de referência, modelo TCP/IP
4. Protocolos das camadas: de aplicação, de transporte, de rede
5. Conceitos de redes locais: ethernet e wi-fi
6. Conceitos de redes de acesso
7. Perspectivas sobre o futuro das redes de computadores, tais como: Internet das coisas, Internet do futuro, redes definidas por software (SDN)",,,2024.0,2.0,Presencial,TECNOLOGIA DA INFORMAÇÃO
55027,MÓDULO,IMD0040,G,LINGUAGEM DE PROGRAMAÇÃO II,INSTITUTO METROPOLE DIGITAL,0,60,0,60,0,0,20,False,3.0,,( DIM0111 ) OU ( IMD0035 ) OU ( DIM0116 ) ,( IMD0030 OU DIM0120 OU DIM0176 ) ,,"	Introdução a Programação Orientada a Objetos
	Classes e Objetos. Atributos e Métodos.
	Alocação dinâmica e coletor de lixo.
	Composição. Encapsulamento. Herança.
	Classes abstratas e interfaces.
	Modularização.
	Tratamento de Exceções.
	Classes Genéricas.
	Anotações.
	Depuração e Profiling 
	Aplicações em estruturas e algoritmos presentes em EDB2
",,"Apresentar ao aluno os princípios de programação orientada a objetos, assim como uma linguagem de programação de alto-nível orientada a objetos.
Apresentar ferramentas e técnicas de desenvolvimento orientado a objetos.
","Introdução a OO (objetos e classes, atributos e métodos)
Interação entre objetos
Agrupando objetos
Comportamento mais sofisticado
Objetos bem-comportados (teste de software)
Design de Classes (responsabilidade, acoplamento, coesão, refatoração)
Herança e Polimorfismo
Interfaces e classes abstratas
Tratando erros
Ferramentas de Desenvolvimento (IDE Eclipse)
Design de aplicações (padrões de projeto)
Desenvolvimento de projeto.",,,2024.0,2.0,Presencial,TECNOLOGIA DA INFORMAÇÃO
55026,MÓDULO,IMD0039,G,ESTRUTURAS DE DADOS BÁSICAS II,INSTITUTO METROPOLE DIGITAL,60,0,0,60,0,0,20,False,3.0,,( DIM0111 ) OU ( IMD0032 ) OU ( DIM0117 ) ,( IMD0029 OU DIM0119 ) ,,"1. Complexidade assintótica
2. Análise de algoritmos
3. Recorrências e soluções de recorrências.
4. Árvores.
5. Listas de Prioridade. Heap.
6. Árvores de busca. Árvores binárias de busca.
7. Árvore balanceadas
8. Árvores digitais
9. Conjuntos disjuntos
",,"Apresentar os algoritmos e as estruturas de dados básicas para o desenvolvimento de programas de computador. Possibilitar aos alunos a utilização otimizada das diversas estruturas de dados apresentadas, levando em consideração o problema a ser resolvido ou otimizado, e também o contexto no qual ocorre esse problema. ",1. Complexidade assintótica 2. Análise de algoritmos 3. Recorrências e soluções de recorrências. 4. Árvores. 5. Listas de Prioridade. Heap. 6. Árvores de busca. Árvores binárias de busca. 7. Árvore balanceadas 8. Árvores digitais 9. Conjuntos disjuntos,,,2024.0,2.0,Presencial,TECNOLOGIA DA INFORMAÇÃO
55025,MÓDULO,IMD0038,G,FUNDAMENTOS MATEMÁTICOS DA COMPUTAÇÃO II,INSTITUTO METROPOLE DIGITAL,60,30,0,90,0,0,20,False,3.0,,( DIM0450 OU IMD0023 OU DIM0121 ) ,( IMD0028 ) ,,"T0. Conteúdo transversal: (i) linguagem da matemática ; (ii) notação conjuntista ; (iii) raciocínio hipotético, demonstrações diretas e indiretas, refutações ; (v) recursão & indução
T1. Teoria ingênua dos conjuntos.
T2. Relações.
T3. Funções.
T4. Ordens.
T5. Elementos de Álgebra.	
",,"Proporcionar ao aluno as bases matemáticas necessárias para cursar diversas disciplinas do curso, como Lógica aplicada à computação, teoria da computação, entre outras. Além disso, ajuda a desenvolver no aluno a sua capacidade de lidar com objetos abstratos e formalismos. ","1. Métodos de demonstração: construtiva, existenciais, por contraposição, por
redução ao absurdo, por casos.
2. Teoria dos conjuntos: operações básicas, paradoxos, conceito de relações
(relações n-árias, relações sobre um conjunto, tipos de relações: reflexiva,
simétrica, etc) e funções (tipos de funções: injetora, sobrejetora, bijetora),
cardinalidade (diagonalização).
3. Relações de ordem e equivalência.
4. Recursão e indução: conjuntos bem-fundados, tipos de recursão, tipos de
indução.
5. Noções de estruturas algébricas: álgebras homogêneas e álgebras heterogêneas,
homomorfismos, congruências, reticulados, álgebra booleana.
6. Representação numérica e elementos de Teoria dos Números: representação e
operações em diferentes bases, divisibilidade e congruência nos números
inteiros, primalidade, teorema fundamental da Aritmética.
7. Contagem. ",,,2024.0,2.0,Presencial,TECNOLOGIA DA INFORMAÇÃO
55024,MÓDULO,IMD0030,G,LINGUAGEM DE PROGRAMAÇÃO I,INSTITUTO METROPOLE DIGITAL,0,60,0,60,0,0,20,False,3.0,,( DIM0110 ) OU ( IMD0025 ) OU ( DIM0120 ) OU ( DIM0176 ) ,IMD0012 OU DIM0118 OU IMD1012 OU DIM0133 OU DIM0151 ,,"	Operadores de alocação dinâmica
	Formas de implementação de TADs (Tipos Abstratos de Dados).
	Funções e Recursividade. Tipos de recursão. Recursão x Interação.
	Performance, Expressividade.
	Introdução a Classes.
	Construtores e Destrutores. Tipos compostos. Tipos recursivos.
	Gerenciamento de memória.
	Modularização de Programas
	Depuração e Profiling
	Aplicações em estruturas e algoritmos presentes em EDB1
",,a definir,a definir,,,2024.0,2.0,Presencial,TECNOLOGIA DA INFORMAÇÃO
55023,MÓDULO,IMD0029,G,ESTRUTURA DE DADOS BÁSICAS I,INSTITUTO METROPOLE DIGITAL,60,0,0,60,0,0,20,False,3.0,,( DIM0110 ) OU ( IMD0022 ) OU ( DIM0119 ) ,IMD0012 OU DIM0118 OU IMD1012 OU DIM0133 OU DIM0151 ,,"1. Algoritmos de busca.
2. Algoritmos de ordenação.
3. Complexidade de algoritmos (abordagem experimental).
4. Verificação de corretude e término.
5. Listas sequenciais e encadeadas, casos especiais: filas, pilhas e deque
6. Tabelas de dispersão.
",,"Desenvolver o raciocínio lógico e a capacidade de abstração do aluno permitindo-lhe identificar, analisar, implementar e adaptar, com sucesso, algoritmos e estruturas de dados básicas para a resolução de problemas computacionais.","- Tipos abstratos de dados e estruturas de dados.
- Análise empírica de algoritmos e noções de complexidade algorítmica.
- Algoritmos de busca e ordenação.
- Estruturas sequenciais: listas encadeadas, pilhas, filas e deques.
- Estruturas associativas: tabelas de dispersão.",,,2024.0,2.0,Presencial,TECNOLOGIA DA INFORMAÇÃO
55022,MÓDULO,IMD0028,G,FUNDAMENTOS MATEMÁTICOS DA COMPUTAÇÃO I,INSTITUTO METROPOLE DIGITAL,60,30,0,90,0,0,20,False,3.0,,( IMD0013 OU DIM0400 OU DIM0115 ) ,( IMD0019 ) OU ( IMD1001 E IMD1002 ) ,,"Conteúdo transversal: a linguagem da matemática; estratégias básicas de argumentação e demonstração; Indução e recursão sobre os naturais. Sistemas de Numeração. Representação computacional de números. Divisibilidade. Números primos, Aritmética modular. Contagem. Relações de recorrência. ",,"Capacitar o aluno a compreender e utilizar adequadamente a linguagem, os conceitos e os fundamentos de matemática. Capacitar ao aluno a operar com números em diversas representações, aritmética modular, problemas de contagem e relações de recorrência. ","0. Conteúdo transversal: (i) a linguagem da matemática (variáveis,
conjuntos, relações, funções, conectivos lógicos) ; (ii) estratégias
básicas de argumentação e demonstração (asserções condicionais e suas
recíprocas, modus ponens e transitividade do condicional, condições
necessárias e suficientes, asserções universais e suas rejeições por
contra-exemplo, contrapositivas, demonstrações por casos e por redução
ao absurdo); (iii) indução (simples e completa) e boa ordem nos
naturais

1. Sistemas de numeração. Bases posicionais notáveis: binário, octal,
duodecimal, hexadecimal, sexagesimal. Aritmética. Conversão entre
bases. Aplicações: bits e bytes

2. Representação computacional de números. Inteiros: representação
sinalizada, complemento-de-dois. Racionais e irracionais:
representações finitas e infinitas, em diferentes bases numéricas.
Sistemas de ponto flutuante, erros absoluto e relativo, ulps.
Problemas: não fechamento aritmético, perda de propriedades
aritméticas

3. Aritmética modular. Divisibilidade. Congruências e resíduos:
operações e propriedades. Teorema de Euler e pequeno teorema de
Fermat. Teorema chinês dos restos. Aplicações: calendários ; dígitos
de verificação ; testes de primalidade

4. Elementos de Teoria dos Números. Teorema Fundamental da
Aritmética. Infinidade dos primos. Aplicações: algoritmos para
divisão ; MDC ; encriptação

5. Relações de recorrência & recursão sobre os naturais. Sequências
finitas e infinitas, definições recursivas. Séries, somatórios,
produtórios. Elementos mínimos e quocientes. Outros exemplos:
fatorial, fibonacci, juros compostos. Funções geradoras e soluções
explícitas de relações de recorrência. Aplicações: correção e
terminação de algoritmos (pré- e pós-condições, invariantes de laço)

6. Contagem. Arranjos, permutações, combinações com e sem repetição.
Regras de adição e de multiplicação, regra de inclusão-exclusão.
Princípio da casa do pombo. Fórmula de Pascal e teorema do binômio de
Newton. Aplicações: partições ; colorações ; elementos de
probabilidade ",,,2024.0,2.0,Presencial,TECNOLOGIA DA INFORMAÇÃO
55021,MÓDULO,IMD0027,G,PRÁTICAS DE LEITURA E ESCRITA EM PORTUGUÊS II,INSTITUTO METROPOLE DIGITAL,30,0,0,30,0,0,20,False,2.0,,( IMD0026 OU ECT1205 OU ECT2205 ) ,( IMD0017 ) ,,"Práticas de leitura e escrita para a área de Tecnologia da Informação, concentrando-se nos aspectos enunciativo-pragmáticos (subjetividade, viés temático, gerenciamento de vozes) e nos processos de argumentação.",,Desenvolver e aprimorar competências de leitura e de produção de textos escritos.,"1. Aspectos enunciativo-pragmáticos do texto
1.1. Estratégias de manifestação da subjetividade
1.1.1. A dêixis
1.1.2. A modalização
1.1.3. Aspectos léxico-gramaticais
1.2. Vozes mostradas no discurso
1.2.1. As vozes demarcadas
1.2.2. As vozes não-demarcadas
2. Argumentação
2.1. Estrutura
2.2. Estratégias
2.3. Defeitos
2.4. Gêneros argumentativos
3. Processos de retextualização
4. Aspectos da norma culta 2",,,2024.0,2.0,Presencial,TECNOLOGIA DA INFORMAÇÃO
52699,MÓDULO,IMD0512,G,AVALIAÇÃO DA INTERAÇÃO HUMANO-COMPUTADOR,INSTITUTO METROPOLE DIGITAL,45,15,0,60,0,0,20,True,3.0,,,,,"Conceitos de qualidade de uso: usabilidade, comunicabilidade, acessibilidade, experiência do usuário e o respeito às diferenças culturais, sociais e às capacidades e deficiências humanas. Introdução a Avaliação de IHC. Métodos de avaliação por investigação, por inspeção e por observação. Planejamento da avaliação, considerando diferentes contextos, como informática educacional e sistemas de informação. Questões éticas sobre a participação dos usuários em avaliações de IHC.",,"Apresentar o aluno a formas de avaliar a interação humano-computador, desde a definição de critérios de qualidade, objetivos de avaliação, planejamento, execução até o relato dos resultados. ","Conceitos Básicos: interação, interface, usabilidade, experiência de uso, comunicabilidade e acessibilidade

Planejamento da Avaliação de IHC: Por que avaliar? O que avaliar? Quando avaliar? Onde coletar dados sobre experiência de uso? Que tipo de dados coletar e produzir? Como avaliar? Por onde começar? Preparação, Coleta de Dados Interpretação, Consolidação e Relato dos Resultados

Métodos de avaliação por Investigação: Entrevistas, Questionários, Grupos de Foco, Brainstorming, Classificação de Cartões, Estudos de Campo, Investigação Contextual

Métodos de Avaliação por Inspeção: Avaliação Heurística, Percurso Cognitivo e Método de Inspeção Semiótica

Métodos de Avaliação por Observação: Método de Avaliação de Comunicabilidade, Teste de usabilidade, Prototipação em Papel
",,,2023.0,2.0,Presencial,TECNOLOGIA DA INFORMAÇÃO
55020,MÓDULO,IMD0018,G,PRÁTICAS DE LEITURA EM INGLÊS,INSTITUTO METROPOLE DIGITAL,30,0,0,30,0,0,20,False,2.0,,( IMD0037 OU ECT1307 OU ECT2305 ) ,,,Introdução ao uso de estratégias de leitura em gêneros discursivos variados e práticas de leitura em língua inglesa na área de Tecnologia da Informação (TI).,,"Capacitar o aluno a ler textos em língua inglesa de interesse geral e específico, habilitando-o a interpretar diversos gêneros textuais a partir da utilização de técnicas e estratégias que facilitem o processo de compreensão e leitura.","CONTEÚDOS PROGRAMÁTICOS:

1. Fundamentos gerais para leitura e escrita
1.1. Língua inglesa como meio de divulgação de conhecimentos na área de tecnologia da informação.
1.2. Leitura como processo de semiotização.
1.3. Principais estratégias de leitura em língua inglesa (skimming, scanning, guessing, predicting, selectivity and inference).
1.4. Noções de gênero discursivo e de sequências textuais.
1.5. Modos de organização de determinados gêneros (acadêmicos e técnicos), do ponto de vista de sua estrutura organizacional, relações temáticas e estilo.
1.6. Uso eficiente do dicionário e ferramentas de tradução.

2. Organização do texto
2.1. Noções básicas de estrutura da língua inglesa. 
2.2. Conectivos intra e interfrasais.
2.3. Viés temático, progressão discursiva e segmentação textual.
2.4. Cognatos.
2.5. Noções de reescrita.
",,,2024.0,2.0,Presencial,TECNOLOGIA DA INFORMAÇÃO
52996,MÓDULO,IMD0516,G,TÓPICOS ESPECIAIS EM INFORMÁTICA  EDUCACIONAL II,INSTITUTO METROPOLE DIGITAL,60,0,0,60,0,0,20,True,3.0,,,,,"Variável, de acordo com o tópico escolhido.",,,,,,,,Presencial,TECNOLOGIA DA INFORMAÇÃO
52990,MÓDULO,DIM0611,G,COMPILADORES,DEPARTAMENTO DE INFORMÁTICA E MATEMÁTICA APLICADA,60,30,0,90,90,0,20,True,3.0,,( DIM0442 ) ,( DIM0437 E DIM0606 ) ,,"Introdução à compilação. Fases da compilação. Gramáticas, linguagens e autômatos. Linguagens regulares e livres de contexto. Ambigüidade. Relações sobre gramáticas. Análise sintática ascendente e descendente. Análise léxica. Lex e Yacc. Tabelas de símbolos. Análise semântica e geração de código para uma máquinia virtual. Introdução à otimização de código.

",,OS CONTEÚDOS DESTE CAMPO SERÃO PREENCHIDOS NO FUTURO,OS CONTEÚDOS DESTE CAMPO SERÃO PREENCHIDOS NO FUTURO,,,2023.0,2.0,Presencial,CIÊNCIA DA COMPUTAÇÃO
52975,MÓDULO,DIM0610,G,LÓGICA COMPUTACIONAL,DEPARTAMENTO DE INFORMÁTICA E MATEMÁTICA APLICADA,60,0,0,60,0,0,20,True,3.0,,DIM0157 ,IMD0038 OU DIM0121 OU DIM0155 ,,"0. Conteúdo transversal: linguagem da Lógica de Primeira Ordem; problemas de decisão. 1. Noções de inferência lógica (consequência abstrata, derivação a partir de hipóteses, semântica formal),  e  suas  principais  meta-propriedades  (correção  e  completude,  compacidade, consistência,  invariância  por  substituição,  equivalência  lógica  e  substitutividade).  2.  Teorias de  primeira  ordem  com  e  sem  igualdade.  Modelagem  de  problemas computacionais.  3. Método  da  Resolução.  Formas  normais,  unificação.  4.  Aplicações:  Programação  Lógica, demonstração  interativa  e  automática  de  teoremas,  problemas  de  satisfatibilidade,  a  lógica como linguagem de especificação e como ferramenta deverificação. 5. Limitações da lógica: limitações  expressivas  da  linguagem  clássica  de  primeira  ordem,  os  fenômenos  de indecidibilidade e de incompletude.",,Estes dados serão cadastrados posteriormente pelo professor do curso.,Estes dados serão cadastrados posteriormente pelo professor do curso.,,,2024.0,1.0,Presencial,CIÊNCIA DA COMPUTAÇÃO
52974,MÓDULO,DIM0606,G,LINGUAGENS FORMAIS E AUTÔMATOS,DEPARTAMENTO DE INFORMÁTICA E MATEMÁTICA APLICADA,60,0,0,60,0,0,20,True,3.0,,( DIM0439 ) ,DIM0601 OU DIM0323 OU DIM0422 OU MAT0227 OU DCA0100 OU DIM0450 OU DIM0155 ,,"Noções de linguagem formal, gramática e autômatos. Linguagens regulares: expressões regulares, gramáticas regulares e autômatos finitos (determinísticos e não-determinísticos). Linguagens livres de contexto: gramáticas livres de contexto e autômatos a pilha. Linguagens recursivamente enumeráveis: Gramáticas irrestritas e Máquinas de Turing. Hierarquia de Chomsky.",,Este conteúdo será definido pelo professor de acordo com o PPP e detalhado  no primeiro dia de aula,Este conteúdo será definido pelo professor de acordo com o PPP e detalhado  no primeiro dia de aula,,,2024.0,2.0,Presencial,CIÊNCIA DA COMPUTAÇÃO
52973,MÓDULO,DIM0605,G,PROJETO E ANÁLISE DE ALGORITMOS,DEPARTAMENTO DE INFORMÁTICA E MATEMÁTICA APLICADA,60,0,0,60,0,0,20,True,3.0,,( DIM0406 ) ,( DIM0549 ) ,,Ordenação em tempo linear. Estatísticas de ordem. Complexidade de problemas. Métodos de projeto de algoritmos e análise. Algoritmos probabilísticos. Introdução às metaheurísticas.,,Este conteúdo será definido pelo professor de acordo com o PPP e detalhado  no primeiro dia de aula,Este conteúdo será definido pelo professor de acordo com o PPP e detalhado  no primeiro dia de aula,,,2024.0,2.0,Presencial,CIÊNCIA DA COMPUTAÇÃO
52972,MÓDULO,DIM0601,G,FUNDAMENTOS MATEMÁTICOS DA COMPUTAÇÃO III,DEPARTAMENTO DE INFORMÁTICA E MATEMÁTICA APLICADA,60,30,0,90,90,0,20,True,3.0,,,IMD0038 OU DIM0121 ,,"T0.  Conteúdo  transversal:  (i)  notação  básica  de  linguagens  formais  e  BNF  ;  (ii)  estratégias usuais  de  demonstração  ;  (iii)  recursão  &  indução  estruturais.  T1.  Dados  estruturados.  T2.  Álgebras homogêneas e heterogêneas. Homomorfismos. T3. Lógica. T4. Estruturas algébricas. 
Álgebras definidas equacionalmente.",,T0. Conteúdo transversal: (i) notação básica de linguagens formais e BNF ; (ii) estratégias usuais de demonstração ; (iii) recursão & indução estruturais. T1. Dados estruturados. T2. Álgebras homogêneas e heterogêneas. Homomorfismos. T3. Lógica. T4. Estruturas algébricas. Álgebras definidas equacionalmente.,T0. Conteúdo transversal: (i) notação básica de linguagens formais e BNF ; (ii) estratégias usuais de demonstração ; (iii) recursão & indução estruturais. T1. Dados estruturados. T2. Álgebras homogêneas e heterogêneas. Homomorfismos. T3. Lógica. T4. Estruturas algébricas. Álgebras definidas equacionalmente.,,,2024.0,2.0,Presencial,CIÊNCIA DA COMPUTAÇÃO
52971,MÓDULO,DIM0600,G,PROJETO DE SOFTWARE,DEPARTAMENTO DE INFORMÁTICA E MATEMÁTICA APLICADA,60,0,0,60,0,0,20,True,3.0,,,IMD0040 OU DIM0116 ,,"Ciclo de desenvolvimento de software. Princípios de projeto de software: herança x delegação, acoplamento,  coesão,  definição  de  contratos/interfaces.  Padrões  de  projeto.  Refatoração (Refactoring). Automatização de processos: documentação, compilação e deploy. Controle de versões. Princípios das Metodologias Ágeis.",,Serão definidos em breve pelo professor,Serão definidos em breve pelo professor,Serão definidos em breve pelo professor,,2016.0,1.0,Presencial,CIÊNCIA DA COMPUTAÇÃO
52870,MÓDULO,DIM0547,G,DESENVOLVIMENTO DE SISTEMAS WEB II,DEPARTAMENTO DE INFORMÁTICA E MATEMÁTICA APLICADA,45,15,0,60,60,0,20,True,3.0,,( IMD0409 ) ,( DIM0546 OU IMD0404 ) E ( IMD0040 OU DIM0116 ) ,,"Padrão Model-View-Controler: interface com usuário, negócio e dados; Arquitetura de multicamadas e middleware; Programação da parte servidor; Desenvolvimento Web MVC, preferencialmente com framework JSF; Processamento de Negócio, preferencialmente com EJB e/ou Spring; Serviços Web.",,"	Introduzir os principais conceitos relacionados ao desenvolvimento de sistemas Web
	Apresentar arquiteturas utilizadas por sistema web e discutir benefícios e limitações de diferentes abordagens arquiteturais
	Introduzir os elementos dos principais arcabouços de desenvolvimento de sistemas Web
	Projetar e prototipar sistemas Web

COMPETÊNCIAS E HABILIDADES
Desenvolver competências e habilidades relacionadas a comunicação, trabalho em equipe, assertividade, gerenciamento de tempo, pensamento crítico, planejamento e estimativa, gerenciamento de riscos e gestão de projeto
","	Introdução a sistemas Web
	Arquiteturas para sistemas Web
	Arquitetura MVC e variantes
	Arquiteturas serverless
	Prototipagem rápida de sistemas Web
	Testes e integração contínua de sistemas Web
",,,2024.0,2.0,Presencial,ENGENHARIA DE SOFTWARE
52867,MÓDULO,DIM0546,G,DESENVOLVIMENTO DE SISTEMAS WEB I,DEPARTAMENTO DE INFORMÁTICA E MATEMÁTICA APLICADA,40,20,0,60,60,0,20,True,3.0,,( IMD0404 ) OU ( DIM0543 ) OU ( DIM0513 ) ,IMD0030 OU DIM0120 OU DIM0176 ,,"Conceitos, Arquitetura e Tecnologias da Web. Tecnologias Lado-Cliente. Linguagens HTML, CSS, JavaScript. Modelo de Objetos de Documento (DOM). Arquitetura da Informação. Técnicas de Design Gráfico. Introdução à Programação Lado-Servidor.",,"Ensinar conceitos, técnicas, tecnologias e métodos com vistas a competências e habilidades no desenvolvimento de sistemas de informação na plataforma Web.

COMPETÊNCIAS E HABILIDADES
	Conhecer e entender os modelos e tecnologias dos sistemas Web em uma visão ampla, com foco no lado-cliente
	Conhecer e entender as tecnologias lado-cliente como interface de usuário para sistemas Web
	Compreender os conceitos de interação humano-computador em sistemas Web
	Entender e aplicar o processo de design no desenvolvimento de soluções inovadoras
	Aplicar os conhecimentos conceituais e tecnológicos e desenvolver habilidades na modelagem, prototipação e implementação de interfaces de usuário em sistemas Web
	Aplicar os conhecimentos conceituais, métodos e técnicas e desenvolver habilidades para avaliação da Experiência do Usuário em interfaces de usuário em sistemas Web
","	Sistemas Web: Conceitos e tecnologias
	HTML 5
	JavaScript
	AJAX e JSON
	Introdução à programação lado-servidor (PHP)
	CSS e W3.CSS
	Web Design: Conceitos, princípios e padrões
	Web Design: Organização e layout
	Node.JS
	Express.JS
	Serviços Web
	Visualização da informação",,,2024.0,2.0,Presencial,ENGENHARIA DE SOFTWARE
52866,MÓDULO,DIM0549,G,GRAFOS,DEPARTAMENTO DE INFORMÁTICA E MATEMÁTICA APLICADA,60,0,0,60,60,0,20,True,3.0,,( DIM0412 ) ,( IMD0039 OU DIM0117 ) OU ( DCA0204 E DCA0434 ) ,,Contextualização da Teoria dos Grafos e Algoritmos no curso de Ciência da Computação e histórico da Teoria dos Grafos. Conceitos fundamentais em grafos. Árvores. Caminhos e ciclos. Fluxo em redes e Emparelhamento. Coloração e outros problemas NP-difíceis em grafos.,,"Introduzir os conceitos básicos de grafos e algoritmos para diversos problemas em grafos.

COMPETÊNCIAS E HABILIDADES
	Modelar problemas reais como problemas em grafos
	Analisar e solucionar problemas em grafos
	Desenvolver algoritmos eficientes para problemas modelados como grafos
","	Introdução aos conceitos básicos de grafos
	Modelando problemas reais como grafos
	Busca em grafos
	Conectividade
	Grafos Direcionados
	Árvores
	Caminhos em Grafos
	Ciclo Euleriano
	Fluxo em Redes
	Emparelhamento
	Planaridade
	Ciclo Hamiltoniano
	Coloração
	Subconjuntos de vértices e arestas
",,,2024.0,2.0,Presencial,ENGENHARIA DE SOFTWARE
55019,MÓDULO,IMD0017,G,PRÁTICAS DE LEITURA E ESCRITA EM PORTUGUÊS I,INSTITUTO METROPOLE DIGITAL,30,0,0,30,0,0,20,False,2.0,,( IMD0016 OU ECT1105 OU ECT2105 ) ,,,"Práticas de leitura e escrita para a área de Tecnologia da Informação, concentrando-se nos seguintes aspectos: escrita como tecnologia; leitura como processo de semiotização; discurso, texto e linguagem como dimensões inter-relacionadas.",, Desenvolver e aprimorar competências de leitura e de produção de textos escritos ,"1. Fundamentos gerais para leitura e escrita
1.1. Leitura como processo de semiotização
1.2. Informações implícitas e processos de inferenciação
1.3. Escrita como tecnologia e prática social
1.4. Noções de gênero discursivo e de sequências textuais
1.5. Considerações sobre discurso, texto e linguagem (como dimensões inter-relacionadas)

2. Organização do texto
2.1. Mecanismos de coesão
2.2. Coerência textual (fatores de coerência)
2.3. Progressão discursiva
2.4. Segmentação textual e paragrafação
3. Noções de reescrita
4. Aspectos da norma culta",,,2024.0,2.0,Presencial,TECNOLOGIA DA INFORMAÇÃO
52698,MÓDULO,IMD0511,G,INTELIGÊNCIA ARTIFICIAL APLICADA À EDUCAÇÃO,INSTITUTO METROPOLE DIGITAL,60,0,0,60,0,0,20,True,3.0,,,,,"Conceito e aplicações de Inteligência Artificial. Representação de Conhecimento. Agentes, Tutores e Sistemas Inteligentes: conceitos, propriedades, arquiteturas e suas aplicações na educação.",,a definir,a definir,,,2024.0,1.0,Presencial,TECNOLOGIA DA INFORMAÇÃO
52697,MÓDULO,IMD0510,G,ACESSIBILIDADE DIGITAL,INSTITUTO METROPOLE DIGITAL,45,15,0,60,0,0,20,True,3.0,,,,,"Capacidades humanas de percepção, cognição, aprendizagem e movimento envolvidos na interação humano-computador. Conceituação, legislação e importância em diferentes domínios: educação, saúde, sistemas de informação, etc.;  princípios, recomendações e normas da acessibilidade; Tecnologias assistivas: conceito, tipos, desenvolvimento; Acessibilidade no design de IHC",,"Analisar características humanas empregadas na interação com sistemas computacionais, para compreender, projetar e avaliar o uso de sistemas computacionais por pessoas com diferentes capacidades e limitações. Em particular, esta disciplina busca estudar como pessoas deficientes (visuais, auditivos, etc.) podem interagir com sistemas computacionais (computadores, smartphones, caixas automáticos, etc.).","Conceitos Básicos: interação, interface, usabilidade, experiência de uso, comunicabilidade
Acessibilidade: conceito, legislação e importância em diferentes domínios: educação, governo eletrônicos, etc.
Tecnologias Assistivas (software + hardware)
Acessibilidade no projeto de interface com usuário de sistemas computacionais
Acessibilidade na avaliação de interface com usuário de sistemas computacionais
",,,2024.0,1.0,Presencial,TECNOLOGIA DA INFORMAÇÃO
52696,MÓDULO,IMD0508,G,EDUCAÇÃO A DISTÂNCIA,INSTITUTO METROPOLE DIGITAL,60,15,0,90,0,15,20,True,3.0,,( IMD0524 ) ,( IMD0518 ) ,,"Fundamentos de EaD: conceitos, características e desafios. Elaboração, implementação e acompanhamento de projetos. Desenho instrucional: estruturação de curso a distância, materiais didáticos e uso de diferentes mídias integradas.  Plataformas de EAD. Legislação,  Políticas e programas de EAD. Aspectos a serem avaliados na EAD.",,,,,,,,Presencial,TECNOLOGIA DA INFORMAÇÃO
52669,MÓDULO,IMD0303,G,REDES DE SENSORES,INSTITUTO METROPOLE DIGITAL,45,15,0,60,0,0,20,True,3.0,,,,,"Comunicação wired e wireless. Protocolos de comunicação. Tipos, padronizações e especificações de sensores em rede.",,,,,,,,Presencial,TECNOLOGIA DA INFORMAÇÃO
52668,MÓDULO,IMD0302,G,CIRCUITOS ELETRÔNICOS,INSTITUTO METROPOLE DIGITAL,60,0,0,60,0,0,20,True,3.0,,,,,"Diodos e transistores. Circuitos grampeadores e ceifadores. Fontes não estabilizadas e estabilizadas. Transistor como chave. Polarização e estabilidade. Resposta em frequência. Circuitos amplificadores, osciladores, moduladores e demoduladores elementares. Simulação de circuitos analógicos. Amplificador diferencial. Fonte e carga de corrente constante. Espelho de corrente. Amplificador multiestágio. Estágios de saída de tensão e potência. Amplificadores realimentados. Amplificador operacional. Simulação de circuitos complexos.",,,,,,,,Presencial,TECNOLOGIA DA INFORMAÇÃO
52667,MÓDULO,IMD0301,G,ESPECIFICAÇÃO E MODELAGEM DE SISTEMAS EMBARCADOS,INSTITUTO METROPOLE DIGITAL,60,0,0,60,0,0,20,True,3.0,,,,,"Especificação de sistemas embarcados. Requisitos, linguagens, níveis de abstração, metodologias e estilos de descrição.",,,,,,,,Presencial,TECNOLOGIA DA INFORMAÇÃO
52666,MÓDULO,IMD0036,G,SISTEMAS OPERACIONAIS,INSTITUTO METROPOLE DIGITAL,60,0,0,60,0,0,20,True,3.0,,DIM0432 OU DCA0108 OU DIM0615 OU IMD0042 OU DIM0131 ,( IMD0021 OU IMD0041 OU IMD0121 OU DIM0127 OU DIM0431 OU DCA0104 ) ,,"1. Histórico e conceitos básicos.
2. Gerência de processos e programação concorrente.
3. Gerência de memória principal e auxiliar.
4. Gerência de dispositivos de entrada e saída.
5. Estudo de sistemas operacionais existentes.
6. Virtualização de Sistemas Operacionais.",,"Objetivos:
 Gerais - Fornecer ao aluno os conceitos básicos usados na concepção dos Sistemas Operacionais, capacitando-os a entender e utilizar as facilidades desses sistemas, bem como projetar novas funcionalidades.

 Específicos:
1. Fornecer ao aluno uma visão geral de um Sistema Operacional, apresentando seus componentes básicos e o relacionamento entre eles. 
2. Apresentar ao aluno as técnicas usadas na concepção e implementação de um Sistema Operacional. 
3. Realizar Estudos de Casos envolvendo os sistemas operacionais mais usados atualmente: Unix, Windows, OS/2, JavaOS. ","Conteúdo:
Introdução -o que é um Sistema Operacional? Funções do sistema operacional. Evolução dos sistemas operacionais. Componentes de um Sistema Operacional. Conceitos Básicos - Monoprogramação, Multiprogramação, Processos, Arquivos, Chamadas de Sistema, Interrupção, Concorrência, Estruturas de Sistemas Operacionais. 
Gerência de Processos: Conceitos. Estados de Processo. Tipos de Processo. Sincronização - semáforos, monitores. Comunicação entre processos. Escalonamento. Problemas - deadlock, starvation. 
Gerência de Memória: Endereços lógicos e físicos. Alocação. Swapping. Memória Virtual. Paginação. Segmentação. 
Gerência de Dispositivos: Device drivers. Dispositivos de E/S. 
Sistemas de arquivos: Arquivos. Diretórios. Alocação de espaço. Proteção. Sistemas de Proteção Segurança X Proteção ",,,2024.0,2.0,Presencial,TECNOLOGIA DA INFORMAÇÃO
52665,MÓDULO,IMD0034,G,VETORES E GEOMETRIA ANALÍTICA,INSTITUTO METROPOLE DIGITAL,60,0,0,60,0,0,20,True,3.0,,( ECT1112 E ECT1211 ) OU ( ECT2102 ) OU ( MAT0230 ) ,( IMD0019 OU IMD1001 ) ,,Vetores no plano e no espaço. Matrizes e sistemas lineares. Inversão de matrizes e determinantes. Reta e planos. Cônicas e superfícies quádricas.,,"Capacitar o aluno para o entendimento e utilização adequada da linguagem, dos conceitos e dos fundamentos introdutórios da geometria analítica e da álgebra linear, tornando-o capaz de saber como interconectar os diferentes conceitos e representações abstratas entre as duas áreas e se utilizar desse conhecimento para modelar e solucionar matematicamente problemas reais.","1. Retas e planos 
1.1. Equações do plano
1.2. Equações da reta
1.3. Ângulos e distâncias
1.4 Posições relativas de retas e planos 
2. Vetores no plano e no espaço
2.1. Soma de vetores e multiplicação por escalar
2.2. Norma e produto escalar
2.3. Projeção ortogonal
2.4. Produto vetorial
2.5. Produto misto
3. Matrizes e sistemas lineares
3.1. Matrizes e operações com matrizes
3.2. Propriedades da álgebra matricial
3.3. Sistemas de equações lineares
3.4. Método de Gauss-Jordan
3.5. Matrizes equivalentes por linha
3.6 Sistemas lineares homogêneos
3.7 Matrizes elementares
4. Inversão de matrizes e determinantes
4.1. Matriz inversa e suas propriedades
4.2. Matrizes elementares e inversão
4.3. Método para inversão de matrizes
4.4. Determinantes
4.5. Propriedades do determinante
4.6. Matrizes elementares, matriz adjunta e inversão
5. Cônicas e quádricas
5.1. Elipse, hipérbole e parábola
5.2. Caracterização das cônicas
5.3. Coordenadas polares e equações paramétricas
5.4. Elipsóides, hiperbolóides, parabolóides, cones e cilindros
5.5. Superfícies cilíndricas, cônicas e de revolução
5.6. Coordenadas cilíndricas, esféricas e equações paramétricas
",,,2024.0,2.0,Presencial,TECNOLOGIA DA INFORMAÇÃO
52664,MÓDULO,IMD0033,G,PROBABILIDADE,INSTITUTO METROPOLE DIGITAL,60,0,0,60,0,0,20,True,3.0,,DIM0132 OU EST0322 OU ( EST0032 E EST0033 ) OU ( DCT1305 E BSI1305 ) OU IMD1113 ,IMD0024 E ( IMD1002 OU IMD0019 ) ,,Introdução à Probabilidade. Variáveis aleatórias discretas. Medidas resumo. Variáveis bidimensionais. Variáveis aleatórias contínuas.,,a definir,"1. Estatística Descritiva. 
1.1. Definição. 
1.2. Variáveis qualitativas e quantitativas. 
1.3. Medidas de tendência central, de dispersão, de achatamento e separatrizes.
1.4. Representação e organização de dados. 

2. Probabilidade.
2.1. Conceitos fundamentais.
2.2. Definição de Probabilidade.
2.3. Regras e teoremas básicos da probabilidade. 
2.4. Probabilidade do evento complementar.
2.5. Teorema da soma.
2.6. Probabilidade condicional. 
2.7. Teorema do produto.
2.8. Independência probabilística.

3. Variáveis aleatórias.
3.1. Conceitos e definições.
3.2. Variável aleatória discreta.
3.2.1. Função de probabilidade.
3.2.2. Função de distribuição acumulada
3.2.3. Esperança, variância e desvio padrão.
3.3. Variável aleatória contínua.
3.3.1. Função de probabilidade.
3.3.2. Função de distribuição acumulada
3.3.3. Esperança, variância e desvio padrão.

4. Distribuições de probabilidades discretas.
4.1. Bernoulli.
4.2. Binomial.
4.3. Geométrica.
4.4. Poisson.
4.5. Hipergeométrico.

5. Distribuições de probabilidades contínuas.
5.1. Normal.
5.2. Exponencial.
5.3. Qui-quadrado.
5.4. t de Student.
",,,2024.0,2.0,Presencial,TECNOLOGIA DA INFORMAÇÃO
52663,MÓDULO,IMD0031,G,REDES DE COMPUTADORES,INSTITUTO METROPOLE DIGITAL,60,0,0,60,0,0,20,True,3.0,,( DIM0438 OU IMD0043 ) ,( IMD0021 ) ,,"1. Histórico e cenário atual.
2. Topologia de redes.
3. Transmissão de Informação: multiplexação, comutação, codificação de bits e detecção de erros.
4. Meios físicos de transmissão.
5. Modelo OSI
6. Redes Ethernet
7. Redes Wifi: Padrão 802.11
8. Arquitetura TCP/IP: endereçamento, protocolo IP, protocolo ARP, roteamento, protocolo ICMP, protocolos TCP e UDP.
9. Protocolos de aplicação: DHCP, DNS, HTTP, FTP e SMTP.",,a definir,a definir,a definir,,2013.0,2.0,Presencial,TECNOLOGIA DA INFORMAÇÃO
52662,MÓDULO,IMD0024,G,CÁLCULO DIFERENCIAL E INTEGRAL I,INSTITUTO METROPOLE DIGITAL,90,0,0,90,0,0,20,True,3.0,,MAT0311 OU MAT0318 OU MAT0345 OU MAT0228 OU MAT0004 OU MAT0340 OU ( MAT0057 E MAT0058 ) OU ECT1102 OU MAT0023 ,( IMD0019 OU IMD1001 ) ,,Limite e Continuidade. Derivada. Aplicações da Derivada. Integral. Aplicações da Integral.,,"Capacitar o aluno a entender e utilizar adequadamente a linguagem e os conceitos de cálculo diferencial e integral, como também aprimorar a sua capacidade de aplicar direta e apropriadamente esses conceitos à área da tecnologia da informação.","1. Limite e Continuidade.
1.1. Introdução ao conceito de limite.
1.2. Definição de limite. 
1.3. Propriedades.
1.4. Limites laterais.
1.5. Limites envolvendo o infinito.
1.6. Limites fundamentais.
1.7. Função contínua.

2. Derivada.
2.1. Retas tangentes e taxas de variação 
2.2. Definição de derivada
2.3. Regras de derivação.
2.4. Derivadas de funções trigonométricas, exponencial e logarítmica.
2.5. A Regra da Cadeia
2.6. Diferenciação implícita
2.7. Taxas relacionadas

3. Aplicações da Derivada.
3.1. Extremos de funções
3.2. O teorema do valor médio
3.4. O teste da derivada primeira
3.5. Concavidade e o teste da derivada Segunda-feira
3.6. Construções de gráficos.

4. Integral Indefinida.
4.1. Notação de soma e área
4.2. Definição e propriedades.
4.3. Integrais imediatas.

5. Integral Definida.
5.1. Definição e propriedades.
5.2. Integral de Riemann.
5.3. Teorema fundamental do cálculo.
5.4. Métodos de integração.
5.5. Integrais impróprias.
5.6. Aplicações da integral.",,,2024.0,2.0,Presencial,TECNOLOGIA DA INFORMAÇÃO
52661,MÓDULO,IMD0023.1,G,PRÁTICAS DE FUNDAMENTOS MATEMÁTICOS DA COMPUTAÇÃO,INSTITUTO METROPOLE DIGITAL,30,0,0,30,0,0,20,True,2.0,,,IMD0013 ,,"Aplicações práticas de: T0. Conteúdo transversal: (i) linguagem da matemática ; (ii) notação conjuntista ; (iii) raciocínio hipotético, demonstrações diretas e indiretas, refutações ; (v) recursão & indução
T1. Teoria ingênua dos conjuntos.
T2. Relações.
T3. Funções.
T4. Ordens.
T5. Elementos de Álgebra.       ",,,,,,,,Presencial,
52660,MÓDULO,IMD0023.0,G,FUNDAMENTOS MATEMÁTICOS DA COMPUTAÇÃO,INSTITUTO METROPOLE DIGITAL,60,0,0,60,0,0,20,True,3.0,,,IMD0013 ,,"T0. Conteúdo transversal: (i) linguagem da matemática ; (ii) notação conjuntista ; (iii) raciocínio hipotético, demonstrações diretas e indiretas, refutações ; (v) recursão & indução
T1. Teoria ingênua dos conjuntos.
T2. Relações.
T3. Funções.
T4. Ordens.
T5. Elementos de Álgebra.	",,,,,,,,Presencial,
52670,MÓDULO,IMD0306,G,PROJETO DE SISTEMAS DIGITAIS I,INSTITUTO METROPOLE DIGITAL,45,15,0,60,0,0,20,True,3.0,,,,,Desenvolvimento em FPGA de unidades simples a unidades complexas. Processadores em FPGA. Processadores de propósito geral e específico. Projeto combinacional e sequencial. Processadores dedicados. Processadores de propósito geral. Otimização e restrições. Megafunções. CPU: projeto top-level. Descrição do sistema. Simulação RTL. Versões atuais de processadores em FPGA. NoC (Network on Chip). SoC (System-on-Chip).,,,,,,,,Presencial,TECNOLOGIA DA INFORMAÇÃO
52659,MÓDULO,IMD0023,G,FUNDAMENTOS MATEMÁTICOS DA COMPUTAÇÃO,INSTITUTO METROPOLE DIGITAL,60,30,0,90,0,0,20,True,3.0,,( DIM0450 OU IMD0038 ) ,IMD0013 ,,"T0. Conteúdo transversal: (i) linguagem da matemática ; (ii) notação conjuntista ; (iii) raciocínio hipotético, demonstrações diretas e indiretas, refutações ; (v) recursão & indução
T1. Teoria ingênua dos conjuntos.
T2. Relações.
T3. Funções.
T4. Ordens.
T5. Elementos de Álgebra.									
",,"Proporcionar ao aluno as bases matemáticas necessárias para cursar diversas disciplinas do curso, como Lógica aplicada à computação, teoria da computação, entre outras. Além disso, ajuda a desenvolver no aluno a sua capacidade de lidar com objetos abstratos e formalismos. ","1. Métodos de demonstração: construtiva, existenciais, por contraposição, por
redução ao absurdo, por casos.
2. Teoria dos conjuntos: operações básicas, paradoxos, conceito de relações
(relações n-árias, relações sobre um conjunto, tipos de relações: reflexiva,
simétrica, etc) e funções (tipos de funções: injetora, sobrejetora, bijetora),
cardinalidade (diagonalização).
3. Relações de ordem e equivalência.
4. Recursão e indução: conjuntos bem-fundados, tipos de recursão, tipos de
indução.
5. Noções de estruturas algébricas: álgebras homogêneas e álgebras heterogêneas,
homomorfismos, congruências, reticulados, álgebra booleana.
6. Representação numérica e elementos de Teoria dos Números: representação e
operações em diferentes bases, divisibilidade e congruência nos números
inteiros, primalidade, teorema fundamental da Aritmética.
7. Contagem.","conhecimentos matemáticos básicos, habilidade de lidar com conceitos abstratos, provar propriedades, formalização de conceitos. ",,2013.0,1.0,Presencial,TECNOLOGIA DA INFORMAÇÃO
52657,MÓDULO,IMD0016,G,PRÁTICAS DE LEITURA E ESCRITA EM PORTUGUÊS I,INSTITUTO METROPOLE DIGITAL,45,0,0,45,0,0,20,True,3.0,,( ECT1105 OU IMD0017 ) ,,,"Práticas de leitura e escrita para a área de Tecnologia da Informação, concentrando-se nos seguintes aspectos: escrita como tecnologia; leitura como processo de semiotização; discurso, texto e linguagem como dimensões inter-relacionadas.

Observação: O projeto pedagógico prevê que serão realizadas 15h de atividades a distância nesta disciplina",,Desenvolver e aprimorar competências de leitura e de produção de textos escritos,"1.  Fundamentos gerais para leitura e escrita
1.1. Leitura como processo de semiotização
1.2. Informações implícitas e processos de inferenciação
1.3. Escrita como tecnologia e prática social
1.4. Noções de gênero discursivo e de sequências textuais 
1.5. Considerações sobre discurso, texto e linguagem (como dimensões inter-relacionadas)

2.   Organização do texto
2.1. Mecanismos de coesão 
2.2. Coerência textual (fatores de coerência)
2.3. Progressão discursiva
2.4. Segmentação textual e paragrafação
3. Noções de reescrita
4. Aspectos da norma culta
","(1) Leitura
- Compreender a escrita como tecnologia.
- Conceber o texto como unidade multissemiótica de sentido.
- Perceber as relações entre discurso, texto e linguagem.
- Distinguir os conceitos de sequências textuais e gêneros discursivos.
- Diferenciar os modos de organização de determinados gêneros (acadêmicos e técnicos), do ponto de vista de sua estrutura organizacional, relações temáticas e estilo.
- Conhecer os fatores de coerência textual.
- Apreender a progressão discursiva do texto, observando os segmentos e a paragrafação, bem como os componentes linguísticos (elementos de coesão) responsáveis por seu encadeamento.

(2) Escrita
- Produzir textos em diferentes gêneros escritos, considerando os seguintes requisitos:
a)	preservação do gênero discursivo e de sua macroestrutura textual, conforme solicitado;
b)	manutenção da coerência temática e da unidade de sentido do texto;
c)	atenção à progressão discursiva, observando a conectividade entre os segmentos textuais, bem como a divisão formal dos parágrafos;
d)	adequação dos recursos linguísticos (lexicais e gramaticais) ao gênero e à situação sociointerativa.
",,2013.0,1.0,Presencial,TECNOLOGIA DA INFORMAÇÃO
52656,MÓDULO,IMD0014,G,INTRODUÇÃO AO CÁLCULO,INSTITUTO METROPOLE DIGITAL,60,0,0,60,0,0,20,True,3.0,,( IMD0019 ) ,,,Elementos da Linguagem e da Lógica Matemática. Teoria de Conjuntos. Cojuntos Numéricos e Operações Aritméticas. Sequências de Números Reais. Teoria Geral de Funções. Polinômios e Funções Polinomiais. Funções Modulares. Funções Exponenciais e Logarítmicas. Função Composta. Trigonometria e Funções Trigonométricas.,,"Capacitar o aluno a entender e utilizar adequadamente a linguagem matemática e os conceitos e fundamentos da matemática relacionados às operações aritméticas básicas e às funções elementares e seus gráficos sem o uso do cálculo diferencial e integral, aprimorando sua capacidade de aplicar direta e apropriadamente esses conhecimentos à área da tecnologia da informação. Ou seja, esta disciplina tem por objetivo primário apresentar ao estudante uma revisão aprofundada e aplicada dos principais conteúdos de matemática dos ensinos fundamental e médio.","1.	Elementos da Linguagem e da Lógica Matemática
1.1	Proposições e conectivos.
1.2	Demonstrações em Matemática.
1.2.1	Demonstração direta.
1.2.2	Demonstração por absurdo.
2.	Teoria de Conjuntos 
2.1	Noções iniciais.
2.2	Relação de pertinência. Subconjuntos.
2.3	Diagrama de Venn.
2.4	Operações com conjuntos.
3.	Conjuntos Numéricos e Operações Aritméticas
3.1	Conjunto dos números naturais.
3.2	Conjunto dos números inteiros.
3.2.1	Números opostos ou simétricos
3.2.2	Módulo de um número
3.3	Conjunto dos números racionais.
3.3.1	Introdução. Representações.
3.3.2	Operações com frações
3.3.3	Operações com decimais.
3.4	Conjunto dos números irracionais
3.5	Conjunto dos números reais.
3.5.1	Ordem na reta e notação de intervalo
3.5.2	Potenciação e radiciação
4.	Sequências de Números Reais
4.1	Noções iniciais
4.2	Sequências convergentes 
5.	Teoria Geral de Funções
5.1	Definição de função
5.2	Domínio. Contra-domínio e imagem. 
5.3	Plano cartesiano.
5.4	Propriedades dos gráficos de funções
6.	Polinômios e Funções Polinomiais
6.1	Polinômios e operações com polinômios
6.2	Produtos notáveis e fatoração
6.3	Funções polinomiais
6.4	Função polinomial de 1º grau
6.5	Função polinomial de 2º grau
7.	Função Modular
7.1	Noções iniciais
7.2	Funções modulares
7.3	Equações modulares
8.	Funções Exponenciais e Logarítmicas
8.1	Função exponencial
8.1.1	Definição
8.1.2	Gráfico da função exponencial
8.1.3	Equações exponenciais
8.2	Logaritmo e função logarítmica
8.2.1	Definição
8.2.2	Função inversa. Gráfico de funções inversas.
8.2.3	Gráfico da função logarítmica
8.2.4	Equações exponenciais e equações logarítmicas
9.	Função Composta
9.1	Operações com funções
9.2	Função composta
10.	Funções trigonométricas
10.1	Noções de trigonometria
10.2	Funções trigonométricas
10.2.1	Função seno
10.2.2	Função cosseno
10.2.3	Função tangente
10.2.4	Funções secante, cossecante e cotangente
10.3	Identidades trigonométricas 
10.4	Gráficos das funções trigonométricas
10.5	Funções trigonométricas inversas
","Ao término da disciplina o estudante deve ter a habilidade de realizar as operações aritméticas com números reais, expressões numéricas e algébricas e deve entender a linguagem, os conceitos e os fundamentos da matemática relacionados às funções elementares e saber fazer o gráfico de funções elementares e de combinações delas e também deve ser capaz de interpretar, modelar e resolver problemas em termos dessas funções.",,2013.0,1.0,Presencial,TECNOLOGIA DA INFORMAÇÃO
52655,MÓDULO,IMD0013.1,G,PRÁTICAS DE ELEMENTOS DE MATEMÁTICA PARA COMPUTAÇÃO,INSTITUTO METROPOLE DIGITAL,30,0,0,30,0,0,20,True,2.0,,,,,"Aplicações práticas de:
T0. Conteúdo transversal: (i) a linguagem da matemática ; (ii) estratégias básicas de argumentação e demonstração ; (iii) indução e boa ordem nos naturais
T1. Sistemas de numeração.
T2. Representação computacional de números.
T3. Aritmética modular.
T4. Elementos de Teoria dos Números.
T5. Relações de recorrência e recursão sobre os naturais.
T6. Contagem.",,,,,,,,Presencial,
52654,MÓDULO,IMD0013.0,G,ELEMENTOS DE MATEMÁTICA PARA COMPUTAÇÃO,INSTITUTO METROPOLE DIGITAL,60,0,0,60,0,0,20,True,3.0,,,,,"T0. Conteúdo transversal: (i) a linguagem da matemática ; (ii) estratégias básicas de argumentação e demonstração ; (iii) indução e boa ordem nos naturais
T1. Sistemas de numeração.
T2. Representação computacional de números.
T3. Aritmética modular.
T4. Elementos de Teoria dos Números.
T5. Relações de recorrência e recursão sobre os naturais.
T6. Contagem.",,,,,,,,Presencial,
52653,MÓDULO,IMD0013,G,ELEMENTOS DE MATEMÁTICA PARA COMPUTAÇÃO,INSTITUTO METROPOLE DIGITAL,60,30,0,90,0,0,20,True,3.0,,( DIM0400 OU IMD0028 ) ,,,"T0. Conteúdo transversal: (i) a linguagem da matemática ; (ii) estratégias básicas de argumentação e demonstração ; (iii) indução e boa ordem nos naturais
T1. Sistemas de numeração.
T2. Representação computacional de números.
T3. Aritmética modular.
T4. Elementos de Teoria dos Números.
T5. Relações de recorrência e recursão sobre os naturais.
T6. Contagem.	
",,"Capacitar o aluno a compreender e utilizar adequadamente a linguagem, os conceitos e os fundamentos de matemática. Capacitar ao aluno a operar com números em diversas representações, aritmética modular, problemas de contagem e relações de recorrência.","0. Conteúdo transversal: (i) a linguagem da matemática (variáveis,
conjuntos, relações, funções, conectivos lógicos) ; (ii) estratégias
básicas de argumentação e demonstração (asserções condicionais e suas
recíprocas, modus ponens e transitividade do condicional, condições
necessárias e suficientes, asserções universais e suas rejeições por
contra-exemplo, contrapositivas, demonstrações por casos e por redução
ao absurdo); (iii) indução (simples e completa) e boa ordem nos
naturais

1. Sistemas de numeração.  Bases posicionais notáveis: binário, octal,
duodecimal, hexadecimal, sexagesimal.  Aritmética.  Conversão entre
bases.  Aplicações: bits e bytes

2. Representação computacional de números.  Inteiros: representação
sinalizada, complemento-de-dois.  Racionais e irracionais:
representações finitas e infinitas, em diferentes bases numéricas.
Sistemas de ponto flutuante, erros absoluto e relativo, ulps.
Problemas: não fechamento aritmético, perda de propriedades
aritméticas

3. Aritmética modular.  Divisibilidade.  Congruências e resíduos:
operações e propriedades.  Teorema de Euler e pequeno teorema de
Fermat.  Teorema chinês dos restos.  Aplicações: calendários ; dígitos
de verificação ; testes de primalidade

4. Elementos de Teoria dos Números.  Teorema Fundamental da
Aritmética.  Infinidade dos primos.  Aplicações: algoritmos para
divisão ; MDC ; encriptação

5. Relações de recorrência & recursão sobre os naturais.  Sequências
finitas e infinitas, definições recursivas.  Séries, somatórios,
produtórios.  Elementos mínimos e quocientes.  Outros exemplos:
fatorial, fibonacci, juros compostos.  Funções geradoras e soluções
explícitas de relações de recorrência.  Aplicações: correção e
terminação de algoritmos (pré- e pós-condições, invariantes de laço)

6. Contagem.  Arranjos, permutações, combinações com e sem repetição.
Regras de adição e de multiplicação, regra de inclusão-exclusão.
Princípio da casa do pombo.  Fórmula de Pascal e teorema do binômio de
Newton.  Aplicações: partições ; colorações ; elementos de
probabilidade","Desenvolver no aluno a habilidade de entender e utilizar corretamente a linguagem, os conceitos e os fundamentos da matemática, tornando-o capaz de interpretar, modelar e resolver problemas utilizando estratégias básicas de argumentação e demonstração.",,2013.0,1.0,Presencial,TECNOLOGIA DA INFORMAÇÃO
52652,MÓDULO,IMD0012.1,G,PRÁTICAS DE TÉCNICAS DE PROGRAMAÇÃO,INSTITUTO METROPOLE DIGITAL,30,0,0,30,0,0,20,True,3.0,,( DIM0108 ) OU ( IMD1000 ) ,( IMD0019 OU IMD1004 OU DIM0123 ) ,,"Aplicações práticas de: 
1. Introdução ao computador.
2. Ferramentas de programação.
3. Variáveis e operadores.
4. Estruturas de controle.
5. Funções.
6. Ponteiros.
7. Arranjos, matrizes e strings.
8. Registros, enumerações e uniões.",,"- Apresentar o conceitual teórico-prático de programação estruturada e ferramental para construção de programas de computador;
- Fortalecer o desenvolvimento do raciocínio algorítmico com foco em resolução de problemas;
- Exercitar a interpretação de problemas e sua respectiva modelagem computacional para construção de programas;","- Conteúdo transversal: interpretação de problemas-contexto, modelagem de soluções computacionais com as estruturas apresentadases
- Introdução ao computador e ferramentas de programação.
- Construção de primeiros programas: instruções e expressões, variáveis e tipos de dados, operadores matemáticos, lógicos e relacionais;
- Estruturas Condicionais: controle de fluxo do programa através de estruturas condicionais e aninhamento de condicionais para construção de estruturas de verificação mais complexas.
- Estruturas de Repetição: implementação de fluxos repetitivos de instruções.
- Funções e subrotinas: conceito, escopo de função, passagem de parâmetros por valor.
- Arranjos: conceito, definição e uso de estruturas sequenciais homogêneas unidimensionais (vetores). Conceito, definição e uso de estruturas sequenciais homogêneas multidimensionais (matrizes). 
- Gestão de memória: alocação de dados na memória do computador (stack, heap). Ponteiros. Alocação dinâmica de memória. Passagem de valores por referência em funções. 
- Registros e Enumerações: conceito e uso de estrututuras sequênciais heterogêneas.",,,2018.0,2.0,Presencial,
52651,MÓDULO,IMD0012.0,G,INTRODUÇÃO ÀS TÉCNICAS DE PROGRAMAÇÃO,INSTITUTO METROPOLE DIGITAL,60,0,0,60,0,0,20,True,3.0,,( DIM0108 ) OU ( IMD1000 ) ,( IMD0019 OU IMD1004 OU DIM0123 ) ,,"1. Introdução ao computador.
2. Ferramentas de programação.
3. Variáveis e operadores.
4. Estruturas de controle.
5. Funções.
6. Ponteiros.
7. Arranjos, matrizes e strings.
8. Registros, enumerações e uniões.
",,"- Apresentar o conceitual teórico-prático de programação estruturada e ferramental para construção de programas de computador;
- Fortalecer o desenvolvimento do raciocínio algorítmico com foco em resolução de problemas;
- Exercitar a interpretação de problemas e sua respectiva modelagem computacional para construção de programas;","- Conteúdo transversal: interpretação de problemas-contexto, modelagem de soluções computacionais com as estruturas apresentadases
- Introdução ao computador e ferramentas de programação.
- Construção de primeiros programas: instruções e expressões, variáveis e tipos de dados, operadores matemáticos, lógicos e relacionais;
- Estruturas Condicionais: controle de fluxo do programa através de estruturas condicionais e aninhamento de condicionais para construção de estruturas de verificação mais complexas.
- Estruturas de Repetição: implementação de fluxos repetitivos de instruções.
- Funções e subrotinas: conceito, escopo de função, passagem de parâmetros por valor.
- Arranjos: conceito, definição e uso de estruturas sequenciais homogêneas unidimensionais (vetores). Conceito, definição e uso de estruturas sequenciais homogêneas multidimensionais (matrizes). 
- Gestão de memória: alocação de dados na memória do computador (stack, heap). Ponteiros. Alocação dinâmica de memória. Passagem de valores por referência em funções. 
- Registros e Enumerações: conceito e uso de estrututuras sequênciais heterogêneas.",,,2018.0,2.0,Presencial,
52538,MÓDULO,IMD0011.1,G,LABORATÓRIO DE CIRCUITOS LÓGICOS,INSTITUTO METROPOLE DIGITAL,0,30,0,30,0,0,20,True,2.0,,( DIM0109 ) OU ( DIM0402 E DIM0403 ) OU ( DCA0202 ) OU ( ELE0424 ) OU ( DCA0101 E DCA0102 ) ,,( IMD0012 ) ,"- Linguagem de descrição de hardware: características da linguagem, modelo de simulação, descrição comportamental e estrutural, simulação e síntese.
- Descrição, simulação e síntese de circuitos combinacionais.
- Descrição, simulação e síntese de circuitos seqüenciais.",,"  Possibilitar o exercício dos conceitos relacionados a circuitos lógicos.

  Fornecer ao aluno um ambiente de laboratório para prática da construção de circuitos lógicos.

  Exercitar em laboratório os conceitos sobre circuitos lógicos vistos em sala de aula na disciplina IMD0011.0 (Circuitos Lógicos).
","  Linguagem de descrição de hardware: características da linguagem, modelo de simulação, descrição comportamental e estrutural, simulação e síntese.

  Descrição, simulação e síntese de circuitos combinacionais.

  Descrição, simulação e síntese de circuitos sequenciais.
","  O aluno deverá ter capacidade de desenvolver projetos de circuitos lógicos combinacionais e sequenciais utilizando linguagens de descrição de hardware.

  O aluno deverá aplicar, através de descrição, simulação e síntese, os conceitos abordados na disciplina IMD0011.0 (Circuitos Lógicos).
",,2013.0,1.0,Presencial,
52537,MÓDULO,IMD0011.0,G,CIRCUITOS LÓGICOS,INSTITUTO METROPOLE DIGITAL,60,0,0,60,0,0,20,True,2.0,,( DIM0109 ) OU ( DIM0402 E DIM0403 ) OU ( DCA0202 ) OU ( ELE0424 ) OU ( DCA0101 E DCA0102 ) ,,( IMD0012 ) ,"INTRODUÇÃO A CIRCUITOS LÓGICOS
-- Revisão de sistema numérico binário.
- Introdução aos sistemas digitais eletrônicos: tecnologia MOS, transistor MOS, lógica CMOS.
- Álgebra booleana e portas lógicas: operações lógicas, circuitos digitais a partir de expressões booleanas, teoremas.
- Circuitos lógicos combinacionais: forma soma de produtos, simplificação com mapa de karnaugh, projeto de circuitos combinacionais.
- Circuitos lógicos seqüenciais: Latchs, flip-flops, relógio e temporização, contadores, registradores.
- Aritmética digital.
- Arquitetura de operadores aritméticos, operadores seriais e paralelos.
- Análise de Máquinas Seqüenciais Síncronas: modelos de Mealy e Moore.",,"Capacitar o aluno a analisar e sintetizar circuitos lógicos combinacionais e sequenciais, bem como descreve-los em uma linguagem de descrição de hardware.","-  Introdução aos circuitos elétricos. Conceito de circuitos digitais. Diagrama de tempo. Junção PN
-  Introdução aos Sistemas Digitais. Variáveis analógicas e variáveis discretas. Conceito e exemplos de sistemas digitais. Visões do projeto e níveis de abstração.
-  Álgebra Booleana e circuitos lógicos. Funções lógicas e portas lógicas, representações canônicas: somas de produtos e produtos de somas. Circuitos lógicos de dois níveis.
-  Propriedades e teoremas da álgebra Booleana, minimização algébrica, mapas de Karnaugh.
-  Minimização com mapas de Karnaugh: funções de 3 variáveis. Cobertura para soma de produtos: circuitos e custos. Cobertura para produto de somas: circuitos e custos. 
-  Minimização com mapas de Karnaugh: funções de 4 variáveis. Cobertura para soma de produtos: circuitos e custos. Cobertura para produto de somas: circuitos e custos. 
-  Minimização com mapas de Karnaugh: funções incompletamente especificadas (exploração de dont cares).
-  Circuitos combinacionais. Circuitos de Interconexão: seletores (multiplexadores) e decodificadores.
-  Circuitos aritméticos: revisão da adição binária, o meio somador (half-adder) e o somador completo (full-adder). O somador binário ripple-carry.
-  Implementação de circuitos lógicos. Noções sobre a tecnologia MOS. Transistores NMOS e PMOS: funcionamento simplificado. Estrutura e funcionamento dinâmico simplificado de portas lógicas NMOS, PMOS e CMOS estáticas. Análise da evolução da tecnologia MOS: aspectos da fabricação e consumo de energia.
-  Comportamento dinâmico simplificado de portas lógicas CMOS estáticas: atraso de propagação, formas de onda e diagramas de tempo.
-  Mapeamento tecnológico de funções Booleanas.
-  Circuitos de Interconexão: decodificadores e codificadores.
-  Circuitos aritméticos: o meio somador (half-adder) e o somador completo (full-adder). O somador binário ripple-carry.
-  Somador para números com sinal e overflow. O somador-subtrator (para números binários em complemento de 2).
-  Arquiteturas de Somadores Rápidos.
-  Multiplicação Binária e o Circuito Multiplicador Matricial. O Deslocador. Projeto de uma ULA Completa.
-  Uso de ferramentas para descrição Síntese e simulação com VHDL: descrição e simulação de um operador aritmético.
-  Circuitos Sequenciais. Estrutura, funcionamento dinâmico e aplicações de latches SR, SR controlado e D.
-  Estrutura, funcionamento dinâmico e aplicações de flip-flops D mestre-escravo, D (disparado pela borda), JK e T.
-  Estrutura, funcionamento dinâmico e aplicações de registradores de armazenamento e registradores-deslocadores.
-  Estrutura, funcionamento dinâmico e aplicações de registradores-contadores.
-  Análise e projeto de máquinas de estados finitos (FSM): modelos de Mealy e Moore.
-  Implementação de máquinas de estado com a linguagem VHDL.
-  Projeto prático.",Ao final da disciplina o aluno será capaz de descrever circuitos lógicos utilizando uma linguagem de descrição de hardware e será capaz de analisar e sintetizar circuitos lógicos sequenciais ou combinacionais e expressões booleanas.,,2013.0,1.0,Presencial,
52535,MÓDULO,IMD0015,G,TECNOLOGIA DA INFORMAÇÃO E SOCIEDADE,INSTITUTO METROPOLE DIGITAL,30,0,0,30,0,0,20,True,2.0,,( ECT1106 OU IMD0020 ) ,,,Sociedade da Informação. Impactos da Tecnologia de Informação. Ética em Computação. Áreas da Computação. Mercado de Trabalho em TI. ,,"Conscientizar sobre as mudanças e os impactos causadas pelas TICS na sociedade da informação. 
Compreender a importância da informação e comunicação no processo de desenvolvimento de TICS. 
Orientar os futuros profissionais para atuarem de forma ética e responsável na gestão e desenvolvimento de TICs, nas diversas áreas da Computação. ","1.	Sociedade da Informação: conceitos básicos de TIC (tecnologia, técnica, sociedade, informação, conhecimento e comunicação); aspectos sociais e econômicos
2.	Tecnologia de Informação e Comunicação
3.	Sistemas Computacionais que manipulam Informação
4.	Papel da Informação e Comunicação no processo de desenvolvimento de TICS: atores, problemas e cuidados.
5.	Impactos da Tecnologia de Informação e Comunicação. TI como instrumentos de inclusão social e digital
6.	Ética em Computação: questões éticas, liberdade de expressão, privacidade, segurança, acesso não autorizado, códigos de Ética da IEEE e ACM, ética na Internet, propriedade intelectual, patentes e direito autoral 
7.	Áreas da Computação e mercado de trabalho em TI 
","	Avaliar criticamente o impacto das TICs na sociedade da informação
	Refletir sobre questões éticas relacionadas com TICS
	Adquirir uma visão geral de possíveis áreas de atuação no mercado de trabalho em TI
	Comunicar-se nas formas escrita e oral
	Trabalhar em grupo
	Realizar pesquisa bibliográfica",,2013.0,1.0,Presencial,TECNOLOGIA DA INFORMAÇÃO
52658,MÓDULO,IMD0021,G,ORGANIZAÇÃO E ARQUITETURA DE COMPUTADORES,INSTITUTO METROPOLE DIGITAL,60,0,0,60,0,0,20,True,3.0,,( DIM0058 ) OU ( DIM0431 ) OU ( DCA0104 ) OU ( DCA0404 ) ,( IMD0011 ) ,,"1. Organização básica de computadores (unidade central de processamento, memória, dispositivos de E/S).
2. Arquitetura de microprocessadores (unidade operacional e de controle, controle hardwired, controle microprogramado).
3. Programação de computadores (instruções, endereçamento, interrupções, assembly e assembler).
4. Pipelining.
5. Hierarquia de memória (princípios, caches, memória principal, alocação, substituição, paginação, memória virtual).
6. Barramento.
7. Conceitos avançados; arquiteturas paralelas, Multiprocessadores e multicomputadores, modelos UMA e NUMA.",,"O objetivo desta disciplina é permitir ao aluno compreender detalhes de funcionamento interno dos computadores em geral, e de cada uma de suas unidades básicas, como processador e memória. A disciplina também contempla a programação de baixo nível em linguagem montadora (assembly), bem como aspectos e tendências atuais de computadores tais como economia de eneriga e sistemas multi-core.","- Princípios de funcionamento de computadores e panorama das tecnologias atuais 
- Princípios de projetos de computadores
- Arquiteturas RISC, CISC, Harvard e de von Neunmann
- Tipos de operações e operandos
- Formato de Instrução e Modo de Endereçamento
- Controle de fluxo (desvio, procedimento, sub-rotinas e interrupções)
- Execução de programas, Arrays X Ponteiros
- Operações com inteiro e ponto-flutuante
- Caminho de dados monociclo e multiciclo
- Pipeline (execução, dependências e conflitos)
- Hierarquia de memória e memória cache
- Memória virtual 
- Entrada/Saída
- Barramento
- Multiprocessadores
- Clusters
- SoCs, MPSoCs e microcontroladores","O aluno deverá ter capacidade para entender e utilizar os conceitos relacionados a organização e arquitetura de computadores, bem como ser capaz especificar o computador mais adequado para cada projeto.


",,2013.0,1.0,Presencial,TECNOLOGIA DA INFORMAÇÃO
55031,MÓDULO,IMD0019,G,RESOLUÇÃO DE PROBLEMAS MATEMÁTICOS PARA TI,INSTITUTO METROPOLE DIGITAL,180,0,0,180,0,0,20,False,3.0,,( IMD0014 ) OU ( ( IMD1001 E IMD1002 E IMD1003 ) E ( IMD1004 OU DIM0123 ) ) ,,,"Interpretação e Resolução de Problemas relevantes para Tecnologia da Informação; Conceitos e cálculos matemáticos básicos importantes para a interpretação e a resolução destes problemas, tais como: conjuntos, aritmética, funções, trigonometria, polinômios e funções polinomiais, matrizes, determinantes e sistemas de equações e análise combinatória.",,"""A disciplina visa promover o amadurecimento e o conhecimento dos alunos em matemática básica atrelado à:
- Estimulação do raciocínio lógico;
- Interpretação e resolução de problemas;
- Aplicação em TI;
""","""- Reconhecer problemas matemáticos e reais que envolvam números inteiros, funções, trigonometria, funções polinomiais, matrizes, determinantes e contagem.
- Compreender os conceitos abordados no conteúdo para modelar e solucionar problemas do cotidiano e computacionais
- Compreender a linguagem matemática formal;
- Escrever as soluções de problemas utilizando a linguagem matemática formal, utilizando o raciocínio hipotético e dedutivo.
- Ser capaz de fazer demonstrações simples de maneira direta, por contrapositiva, por redução ao absurdo;
- Ser capaz de fazer refutações.
- Ser capaz de fazer demonstrações simples por indução matemática""",,,2019.0,2.0,Presencial,TECNOLOGIA DA INFORMAÇÃO
52671,MÓDULO,IMD0307,G,SISTEMAS HÍBRIDOS,INSTITUTO METROPOLE DIGITAL,15,45,0,60,0,0,20,True,3.0,,,,,Desenvolvimento em microcontroladores e kits periféricos. Desenvolvimento em FPGA e kits periféricos. Desenvolvimento de software específico para ambas as plataformas. Desenvolvimento de aplicações híbridas utilizando microcontroladores e FPGA.,,,,,,,,Presencial,TECNOLOGIA DA INFORMAÇÃO
52673,MÓDULO,IMD0309,G,INSTRUMENTAÇÃO ELETROELETRÔNICA,INSTITUTO METROPOLE DIGITAL,30,30,0,60,0,0,20,True,3.0,,,( IMD0320 ) ,,Integração de microcontrolador com diversos sensores e periféricos. Integração de FPGA com diversos sensores e periféricos. Implementação de sistemas de controle utilizando microcontroladores e FPGA. Desenvolvimento de interfaces (drivers) para sinais em escalas de micro a mili.,,A definir,A definir,A definir,,2016.0,1.0,Presencial,TECNOLOGIA DA INFORMAÇÃO
52695,MÓDULO,IMD0507,G,TECNOLOGIAS EDUCACIONAIS,INSTITUTO METROPOLE DIGITAL,75,15,0,90,0,0,20,True,3.0,,,IMD0501 ,,"Processo de Aprendizagem mediado por sistemas computacionais. Análise de Software Educacional, dentre eles: hipertexto, multimídia, instrução assistida por computador, sistemas tutores inteligentes, logo, mundos virtuais, simuladores, jogos educativos, sistemas de autoria, groupware, agentes pedagógicos e plataformas de educação a distância. Análise de Hardware Educacional, dentre eles: lousa interativa e brinquedos interativos.",,,,,,,,Presencial,TECNOLOGIA DA INFORMAÇÃO
52694,MÓDULO,IMD0506,G,SISTEMAS COLABORATIVOS DE APOIO À APRENDIZAGEM,INSTITUTO METROPOLE DIGITAL,45,15,0,60,0,0,20,True,3.0,,,,,"Teorias e Modelos de Colaboração, Coordenação e Cooperação. Características dos sistemas Colaborativos : Percepção, Comunicação, Compartilhamento e Representação dos sujeitos. Exemplos de Sistemas Colaborativos:  Sistemas de Comunicação, Redes sociais  e Ambientes virtuais colaborativos. Aprendizagem Colaborativa Suportada por sistemas computacionais. Noções de Arquitetura Distribuída de Ambientes de Aprendizagem Colaborativos.",,a definir,a definir,,,2024.0,1.0,Presencial,TECNOLOGIA DA INFORMAÇÃO
52693,MÓDULO,IMD0505,G,DESIGN DA INTERAÇÃO HUMANO-COMPUTADOR,INSTITUTO METROPOLE DIGITAL,60,0,0,60,0,0,20,True,3.0,,DIM0508 ,,,"Conceitos básicos: interação, interface, usabilidade, experiência de usuário, comunicabilidade e acessibilidade e o respeito às diferenças culturais, sociais e às capacidades e deficiências humanas. Processo de design de IHC. Métodos e representações de design de IHC. Estilos e padrões de interfaces de usuário. Princípios, diretrizes e normas de design. Conceitos de avaliação formativa e somativa.",,"Compreender o fenômeno da interação de pessoas com sistemas computacionais, tanto da perspectiva humana quanto da máquina. Compreender a atividade de design de IHC como um processo iterativo, intencional, criativo e ético. Conhecer abordagens, métodos, representações e ferramentas que guiam e apoiam a atividade de design.","O que é Interação Humano-Computador?
Conceitos básicos: sistema computacional, interação, interface, usabilidade, experiência de usuário, comunicabilidade e acessibilidade e o respeito às diferenças culturais, sociais e às capacidades e deficiências humanas.
 
O que é design de IHC?
Atividade de design. Processo de design de IHC. Espaço de problema e solução de IHC: contexto, usuário, objetivo, domínio, interação, interface, sistema.

Prática de design de IHC
Abordagens, métodos, representações e ferramentas de design de IHC. Estilos e padrões de interfaces de usuário. Princípios, diretrizes e normas de design. Avaliação formativa e somativa. Sistemas de Ajuda. Desafios
",,,2021.0,2.0,Presencial,TECNOLOGIA DA INFORMAÇÃO
52692,MÓDULO,IMD0504,G,"RELAÇÕES ENTRE COMUNICAÇÃO, MÍDIA E EDUCAÇÃO",INSTITUTO METROPOLE DIGITAL,60,0,0,60,0,0,20,True,3.0,,,,,"Comunicação: formas de representação dos significados, diferentes linguagens e processos cognitivos; Conceitos de mídias e tecnologias; Mídias pré e pós computador e internet: livro, jornal, TV, rádio, cinema, CD, DVD, hipertexto, multimídia, hipermídia, etc.; Relações entre comunicação, mídia e educação; Mídias interativas: manipulações da forma e conteúdo, simulações, etc.; Autoria de mídias: criação de conteúdo, compartilhamento, colaboração, etc. ",,"Conhecer as principais perspectivas teóricas acerca dos conceitos de Comunicação, Mídias e Educação. Elucidar as relações entre Comunicação, Mídias e Educação. Promover uma análise crítica dos participantes acerca de suas próprias experiências comunicativas. Entender o papel das mídias na formação educativa dos indivíduos. Compreender, planejar e efetivar a produção de uma mídia educativa.","""1.	Elementos essenciais da Comunicação
2.	Teorias da Comunicação e suas relações com a Educação
3.	As mídias oral e escrita: uma relação ressignificada pelos meios digitais
4.	A Educação apoiada por Tecnologias da Informação e Comunicação 
5.	A evolução das mídias
6.	Mídia-Educação: conceitos e perspectivas
7.	A Comunicação/Educação de Paulo Freire
8.	Mídias interativas e educação
9.	Produção educativa midiática: blogs, podcasts e vídeos.
10.	Oficina de produção de mídia educativa""",,,2024.0,2.0,Presencial,TECNOLOGIA DA INFORMAÇÃO
52691,MÓDULO,IMD0503,G,LEVANTAMENTO E MODELAGEM DE REQUISITOS,INSTITUTO METROPOLE DIGITAL,60,0,0,60,0,0,20,True,3.0,,DIM0511 ,,,Processo de design; Espaço de design de software; Técnicas para levantamento e modelagem de requisitos; Representações para requisitos; Exercícios práticos,,"Introduzir o aluno em atividades básicas no processo de design de software que envolvem a compreensão do problema e a definição de requisitos, interação e interface da solução computacional.","Requisito de Software, Tipos de Requisitos
Design de Software
Documento de Visão e Stakeholders
Elicitação por Inspeção
Elicitação por Investigação: Entrevistas, Questionário, Grupos de Foco, Brainstorming, Classificação de Cartões, Estudos de Campo, Investigação Contextual
Elicitação por Observação
Espaço de Design: Domínio, Objetivo (Tarefa e Atividade), Usuário, Contexto, Interação e Interface
Especificação de Requisitos
Validação
Requisitos Não-Funcionais
Gerência de Requisitos
",,,2024.0,2.0,Presencial,TECNOLOGIA DA INFORMAÇÃO
52690,MÓDULO,IMD0502,G,PROCESSO DE DESENVOLVIMENTO DE SOFTWARE EDUCACIONAL,INSTITUTO METROPOLE DIGITAL,60,0,0,60,0,0,20,True,3.0,,( DIM0510 ) ,,,"Ciclos de vida de desenvolvimento de software, com enfoque pedagógico e de interação humano-computador; Conceitos básicos de metodologias orientadas a objetos para projeto de software; Conceitos básicos de teste de software; Tipos de teste.",,a definir,a definir,,,2023.0,1.0,Presencial,TECNOLOGIA DA INFORMAÇÃO
52689,MÓDULO,IMD0501,G,FUNDAMENTOS PEDAGÓGICOS PARA A INFORMÁTICA EDUCACIONAL,INSTITUTO METROPOLE DIGITAL,60,0,0,60,0,0,20,True,3.0,,,,,"Fundamentos das teorias de aprendizagem humana sob os pontos de vista epistemológico, psicológico e pedagógico, destacando as teorias construtivistas e sócio-interacionistas e suas contribuições para informática educacional.",,.,.,,,2024.0,1.0,Presencial,TECNOLOGIA DA INFORMAÇÃO
52688,MÓDULO,IMD0417,G,GESTÃO DE PROJETOS DE SOFTWARE,INSTITUTO METROPOLE DIGITAL,60,0,0,60,0,0,20,True,3.0,,,IMD0408 ,,"Introdução a práticas, metodologias, técnicas e ferramentas de gestão de projetos de software; Introdução ao PMBOK; Desenvolvimento do planejamento, execução, acompanhamento, controle e encerramento de um projeto de software. Apresentação de documentação de software.",,a definir.,a definir.,,,2022.0,2.0,Presencial,TECNOLOGIA DA INFORMAÇÃO
52687,MÓDULO,IMD0416,G,SEGURANÇA DA INFORMAÇÃO,INSTITUTO METROPOLE DIGITAL,60,0,0,60,0,0,20,True,3.0,,,IMD0405 ,,"Princípios em segurança da informação. Análise de riscos. Leis, normas, boas práticas e padrões de segurança da informação. Políticas, controles e medidas de Segurança da Informação. Tecnologias para proteção de Sistemas de Informação: Autenticação e Controle de acesso, Certificação Digital, Assinaturas Digitais, Criptografia, Segurança em redes, Segurança na comunicação, Protocolos de autenticação, Virtual Private Network (VPN), Firewall, etc. Auditoria de sistemas.",,A definir,A definir,,,2023.0,2.0,Presencial,TECNOLOGIA DA INFORMAÇÃO
52686,MÓDULO,IMD0415,G,GESTÃO DE INFRAESTRUTURA DE TI,INSTITUTO METROPOLE DIGITAL,60,0,0,60,0,0,20,True,3.0,,,,,Introdução aos componentes de infraestrutura de TI e suas funções. Análise do uso de técnicas de virtualização em infraestrutura de TI. Apresentação dos principais dispositivos e arquiteturas para comunicação e armazenamento. Manutenção da Infraestrutura de TI; Estudo de novos modelos de infraestrutura: grades computacionais e computação em nuvem. Investimentos em Tecnologia da Informação;,,"""Familiarizar o aluno com conceitos relativos à gestão dos componentes integrantes da infraestrutura de tecnologia da informação, possibilitando que ele tenha condições de entender o objetivo e importância de cada um dos componentes além de dominar o conceito de Datacenter e suas arquiteturas segundo normas internacionais. 
Para isso o aluno irá:
Desenvolver a capacidade de identificar os componentes integrantes da infraestrutura de tecnologia da informação;
Desenvolver a capacidade de entender o conceito de datacenter e suas arquiteturas;
Desenvolver a capacidade de entender o alinhamento estratégico da TI à organização;
""",Introdução aos componentes de infraestrutura de TI e suas funções. Análise do uso de técnicas de virtualização em infraestrutura de TI. Apresentação dos principais dispositivos e arquiteturas para comunicação e armazenamento. Manutenção da Infraestrutura de TI; Estudo de novos modelos de infraestrutura: grades computacionais e computação em nuvem. Investimentos em Tecnologia da Informação;,,,2024.0,2.0,Presencial,TECNOLOGIA DA INFORMAÇÃO
52672,MÓDULO,IMD0308,G,SISTEMAS EMBARCADOS DE TEMPO REAL,INSTITUTO METROPOLE DIGITAL,60,0,0,60,0,0,20,True,3.0,,,( IMD0036 OU IMD0042 ) E ( IMD0323 ) ,,Conceitos e caracterização de sistemas embarcados de tempo real. Previsibilidade. Classificação de sistemas de tempo real. Escalonamento de tempo real. Aplicações de tempo real. Aspectos temporais de um sistema operacional de tempo real. Abordagem síncrona e assíncrona.,,A definir,A definir,A definir,,2016.0,1.0,Presencial,TECNOLOGIA DA INFORMAÇÃO
52685,MÓDULO,IMD0405,G,FUNDAMENTOS DE SISTEMAS DE INFORMAÇÃO,INSTITUTO METROPOLE DIGITAL,60,0,0,60,0,0,20,True,3.0,,( ADM0058 ) ,,,"Conceitos básicos, organização e categorias de sistemas de informação: comércio eletrônico, sistemas de gestão, sistemas de apoio à tomada de decisão, etc.; Gerência de conhecimento e Business Inteligence; Mapeamento e Modelagem de processos de negócio; Linguagem BPMN; Relatórios e indicadores; Sistemas funcionais inovadores: Sistemas Integrados de Gestão (ERP), Gestão da cadeia de suprimentos (SCM), Gestão do relacionamento com o cliente (CRM), Gestão de conteúdo (ECM).",,"""Familiarizar o aluno com conceitos relativos sistemas de informação, possibilitando que ele tenha condições de entender os conceitos básicos de um sistema de informação. Para isso o aluno irá:
Desenvolver a capacidade de identificar as categorias de sistemas de informação;
Entender o conceito de gerência de conhecimento e business intelligence ;
Desenvolver a capacidade de modelar sistemas de negócio através de BPMN;
Identificar sistemas ERP, SCM, CRM e ECM
""","Conceitos básicos, organização e categorias de sistemas de informação: comércio eletrônico, sistemas de gestão, sistemas de apoio à tomada de decisão, etc.; Gerência de conhecimento e Business Inteligence; Mapeamento e Modelagem de processos de negócio; Linguagem BPMN; Relatórios e indicadores; Sistemas funcionais inovadores: Sistemas Integrados de Gestão (ERP), Gestão da cadeia de suprimentos (SCM), Gestão do relacionamento com o cliente (CRM), conteúdo (ECM).",,,2024.0,1.0,Presencial,TECNOLOGIA DA INFORMAÇÃO
52683,MÓDULO,IMD0407,G,DESIGN DE SOFTWARE II,INSTITUTO METROPOLE DIGITAL,60,0,0,60,0,0,20,True,3.0,,DIM0504 ,,,Ciclos de vida; Metodologias orientadas a objetos para projeto de software; UML; Padrões de projeto de software; Exercícios práticos.,,a definir,a definir,,,2023.0,1.0,Presencial,TECNOLOGIA DA INFORMAÇÃO
52682,MÓDULO,IMD0406,G,PROTOCOLO E SERVIÇOS DE INTERNET,INSTITUTO METROPOLE DIGITAL,30,0,0,30,0,0,20,True,2.0,,,( IMD0043 ) ,,Protocolo TCP e UDP; Protocolos da camada de aplicação. Protocolo HTTP; Programação Básica HTTP; Aspectos que influenciam no desenvolvimento de aplicações para internet; Serviços de Internet;,,a definir,a definir,a definir,,2014.0,2.0,Presencial,TECNOLOGIA DA INFORMAÇÃO
52681,MÓDULO,IMD0411,G,INTRODUÇÃO À GOVERNANÇA E GESTÃO DE TI,INSTITUTO METROPOLE DIGITAL,60,0,0,60,0,0,20,True,3.0,,,IMD0405 ,,Fundamentos de Governança de Tecnologia da Informação; Planejamento Estratégico; Investimentos em Tecnologia da Informação; Introdução ao COBIT; Introdução ao ITIL; Contratos em Tecnologia da Informação; Métricas de Contratação de Software;,,a definir,a definir,,,2021.0,2.0,Presencial,TECNOLOGIA DA INFORMAÇÃO
52680,MÓDULO,IMD0402,G,DESIGN DE SOFTWARE I,INSTITUTO METROPOLE DIGITAL,60,0,0,60,0,0,20,True,3.0,,( IMD0423 ) ,,,"Processo de design; Espaço de design de software; Técnicas para elicitação e modelagem de requisitos; Representações para requisitos; Conceitos de interação, interface, usabilidade, comunicabilidade e acessibilidade; Projeto de interação e interface com usuário; Representações para interação e interface com usuário.",,,,,,,,Presencial,TECNOLOGIA DA INFORMAÇÃO
52679,MÓDULO,IMD0316,G,PROTOTIPAÇÃO DE CIRCUITOS IMPRESSOS,INSTITUTO METROPOLE DIGITAL,15,45,0,60,0,0,20,True,3.0,,,,,"Projeto e teste dos esquemáticos em IDE específicas. Implementação de circuitos em várias faces. Concepção, desenvolvimento e implementação de circuitos simples e complexos em placas de circuito impresso utilizando a prototipadora de circuitos LPKF.",,,,,,,,Presencial,TECNOLOGIA DA INFORMAÇÃO
52678,MÓDULO,IMD0315,G,CONTROLE DIGITAL,INSTITUTO METROPOLE DIGITAL,60,0,0,60,0,0,20,True,3.0,,,,,Aspectos gerais da teoria de controle digital. Amostragem de um sinal e teorema de Shannon. Equações diferenças e transformada Z. Discretização de um sistema contínuo. Análise de sistemas discretos. Projeto de controladores digitais. Implementação de controladores digitais.,,,,,,,,Presencial,TECNOLOGIA DA INFORMAÇÃO
52677,MÓDULO,IMD0314,G,SENSORES INTELIGENTES,INSTITUTO METROPOLE DIGITAL,60,0,0,60,0,0,20,True,3.0,,,,,"Estudo e implementação de modelos de sensores e atuadores inteligentes e suas aplicações em sistemas embarcados. Implementação de algoritmos de estimação,  classificação e filtragem de dados. Sistemas híbridos para processamento de dados dos sensores. Aplicação de técnicas de tomada de decisão em função de dados obtidos de sensores.",,,,,,,,Presencial,TECNOLOGIA DA INFORMAÇÃO
52676,MÓDULO,IMD0313,G,TESTES DE CIRCUITOS,INSTITUTO METROPOLE DIGITAL,60,0,0,60,0,0,20,True,3.0,,,,,Segurança. Exaustão. Teste off-line. Facilidade para teste e diagnóstico. Geração de vetores. Análise de assinatura. Integração digital. Divisão polinomial. Falhas permanentes. Falhas intermitentes. Falhas transientes. Redundância. Teste on-line. Teste concorrente. Circuitos self-checking. Tolerância a falhas. Tolerância a faltas. BIST. Teste SCAN. Projeto visando a testabilidade.,,,,,,,,Presencial,TECNOLOGIA DA INFORMAÇÃO
52675,MÓDULO,IMD0312,G,DESENVOLVIMENTO EM PLATAFORMAS ESPECÍFICAS,INSTITUTO METROPOLE DIGITAL,45,15,0,60,0,0,20,True,3.0,,,,,"Desenvolvimento de aplicativos para plataformas móveis como, por exemplo: smartphones, PDA, sBox, tablets, GPS etc",,,,,,,,Presencial,TECNOLOGIA DA INFORMAÇÃO
52674,MÓDULO,IMD0310,G,GERENCIAMENTO DE FLUXO DE PROJETOS,INSTITUTO METROPOLE DIGITAL,60,0,0,60,0,0,20,True,3.0,,,,,"Conceitos básicos de projetos em TI. Coprojeto hadware/software. Fases e gerenciamento de projetos em TI. Aplicação de metodologias. Escopo, objetivos, justificativas, produtos e entregas do projeto. Qualidade, estudo de viabilidade, riscos e custos de projetos em TI. Produção de propostas. Estratégias e ferramentas de apoio. Processos de controle de execução do projeto. Administração de mudanças com flexibilidade. Técnicas de replanejamento. Processos de finalização de projetos. Avaliação de resultados. Gestão de projetos no ambiente empresarial. Garantia de qualidade em projetos.",,,,,,,,Presencial,TECNOLOGIA DA INFORMAÇÃO
52684,MÓDULO,IMD0408,G,PROCESSOS DE SOFTWARE,INSTITUTO METROPOLE DIGITAL,60,0,0,60,0,0,20,True,3.0,,( DIM0510 ) ,,( IMD0407 ) ,"Introdução a Processos de Software. Modelos de Ciclo de Vida de Software (cascata, espiral, modelo V, etc). Processos de Software existentes (processo unificado, metodologias ágeis). Modelagem e especificação de processos de software. Análise e medição de processos de software. Controle de qualidade em processos de software (revisões, inspeções, coleta e análise de métricas). Modelos de processos e padrões (IEEE, ISO). Implantação e Melhoria de Processos de Software.",,a definir,a definir,,,2024.0,1.0,Presencial,TECNOLOGIA DA INFORMAÇÃO
65102,MÓDULO,IMD0801,G,MECÂNICAS E BALANCEAMENTO DE JOGOS,INSTITUTO METROPOLE DIGITAL,45,15,0,60,0,0,20,True,3.0,,,,,Elementos de Jogos Digitais. Definição e elaboração das mecânicas de jogos. Puzzles. Balanceamento e Teoria do Flow. Teste de jogabilidades e prototipação. Documentos de game design.,,a definir,a definir,,,2024.0,2.0,Presencial,
55036,MÓDULO,IMD0319,G,TEORIA DE CIRCUITOS ELÉTRICOS,INSTITUTO METROPOLE DIGITAL,60,0,0,60,0,0,20,True,3.0,,( DCA0105 ) ,( IMD0024 OU ECT1113 ) ,,"Classificação e componentes de circuitos. Leis de Kirchoff. Uso das leis de Kirchhoff na análise de circuitos. Principais teoremas dos circuitos: Superposição, de Thévenin e de Norton. Diagramas de blocos e de fluxo de sinal. Análise de circuitos. Modelagem de circuitos por equações de estado. Análise de circuitos em regime permanente senoidal. Análise topológica. ",,a definir,a definir,a definir,,2014.0,2.0,Presencial,TECNOLOGIA DA INFORMAÇÃO
55039,MÓDULO,IMD0322,G,SISTEMAS DIGITAIS RECONFIGURÁVEIS,INSTITUTO METROPOLE DIGITAL,60,30,0,90,0,0,20,False,3.0,,( DCA0119 ) ,( IMD0011 ) ,,"Linguagem de Descrição de Hardware (VHDL, Verilog ou System Verilog). Metodologia estruturada de projeto de sistemas digitais; Projeto de controladores digitais (MdE). Componentes e operadores digitais (componentes datapath). Projeto de sistemas digitais a nível de transferência de registros (RTL design). Simulação RTL. Técnicas de otimização de projetos de sistemas digitais. Projeto de microcontroladores em FPGA. Especificação e síntese de sistemas digitais em plataforma de prototipagem rápida a partir de sua descrição em linguagem de hardware.",,a definir,a definir,a definir,,2014.0,2.0,Presencial,TECNOLOGIA DA INFORMAÇÃO
61116,MÓDULO,IMD0270,G,TÓPICOS ESPECIAIS EM REDES DE COMPUTADORES A,INSTITUTO METROPOLE DIGITAL,60,0,0,60,0,0,20,True,3.0,,,,,A definir.,,A definir,A definir,,,2024.0,1.0,Presencial,TECNOLOGIA DA INFORMAÇÃO
61115,MÓDULO,IMD0266,G,TÓPICOS ESPECIAIS EM BIOINFORMÁTICA G,INSTITUTO METROPOLE DIGITAL,60,0,0,60,0,0,20,True,3.0,,,,,A definir.,,,,,,,,Presencial,TECNOLOGIA DA INFORMAÇÃO
61114,MÓDULO,IMD0265,G,TÓPICOS ESPECIAIS EM BIOINFORMÁTICA F,INSTITUTO METROPOLE DIGITAL,60,0,0,60,0,0,20,True,3.0,,,,,A definir.,,.,.,,,2024.0,1.0,Presencial,TECNOLOGIA DA INFORMAÇÃO
61113,MÓDULO,IMD0264,G,TÓPICOS ESPECIAIS EM BIOINFORMÁTICA E,INSTITUTO METROPOLE DIGITAL,60,0,0,60,0,0,20,True,3.0,,,,,A definir.,,a definir.,a definir.,,,2024.0,2.0,Presencial,TECNOLOGIA DA INFORMAÇÃO
61112,MÓDULO,IMD0263,G,TÓPICOS ESPECIAIS EM BIOINFORMÁTICA D,INSTITUTO METROPOLE DIGITAL,60,0,0,60,0,0,20,True,3.0,,,,,A definir.,,,,,,,,Presencial,TECNOLOGIA DA INFORMAÇÃO
61111,MÓDULO,IMD0262,G,TÓPICOS ESPECIAIS EM BIOINFORMÁTICA C,INSTITUTO METROPOLE DIGITAL,60,0,0,60,0,0,20,True,3.0,,,,,A definir.,,,,,,,,Presencial,TECNOLOGIA DA INFORMAÇÃO
61110,MÓDULO,IMD0261,G,TÓPICOS ESPECIAIS EM BIOINFORMÁTICA B,INSTITUTO METROPOLE DIGITAL,60,0,0,60,0,0,20,True,3.0,,,,,A definir.,,a definir,a definir,,,2021.0,2.0,Presencial,TECNOLOGIA DA INFORMAÇÃO
61109,MÓDULO,IMD0260,G,TÓPICOS ESPECIAIS EM BIOINFORMÁTICA A,INSTITUTO METROPOLE DIGITAL,60,0,0,60,0,0,20,True,3.0,,,,,A definir.,,A definir,A definir,,,2024.0,2.0,Presencial,TECNOLOGIA DA INFORMAÇÃO
61108,MÓDULO,IMD0236,G,TÓPICOS ESPECIAIS EM SISTEMAS EMBARCADOS G,INSTITUTO METROPOLE DIGITAL,60,0,0,60,0,0,20,True,3.0,,,,,A definir.,,,,,,,,Presencial,TECNOLOGIA DA INFORMAÇÃO
61106,MÓDULO,IMD0234,G,TÓPICOS ESPECIAIS EM SISTEMAS EMBARCADOS E,INSTITUTO METROPOLE DIGITAL,60,0,0,60,0,0,20,True,3.0,,,,,A definir.,,,,,,,,Presencial,TECNOLOGIA DA INFORMAÇÃO
61105,MÓDULO,IMD0233,G,TÓPICOS ESPECIAIS EM SISTEMAS EMBARCADOS D,INSTITUTO METROPOLE DIGITAL,60,0,0,60,0,0,20,True,3.0,,,,,A definir.,,,,,,,,Presencial,TECNOLOGIA DA INFORMAÇÃO
61104,MÓDULO,IMD0232,G,TÓPICOS ESPECIAIS EM SISTEMAS EMBARCADOS C,INSTITUTO METROPOLE DIGITAL,60,0,0,60,0,0,20,True,3.0,,,,,A definir.,,,,,,,,Presencial,TECNOLOGIA DA INFORMAÇÃO
61103,MÓDULO,IMD0231,G,TÓPICOS ESPECIAIS EM SISTEMAS EMBARCADOS B,INSTITUTO METROPOLE DIGITAL,60,0,0,60,0,0,20,True,3.0,,,,,A definir.,,,,,,,,Presencial,TECNOLOGIA DA INFORMAÇÃO
61102,MÓDULO,IMD0230,G,TÓPICOS ESPECIAIS EM SISTEMAS EMBARCADOS A,INSTITUTO METROPOLE DIGITAL,60,0,0,60,0,0,20,True,3.0,,,,,A definir.,,A definir,A definir,A definir,,2016.0,1.0,Presencial,TECNOLOGIA DA INFORMAÇÃO
61101,MÓDULO,IMD0246,G,TÓPICOS ESPECIAIS EM SISTEMAS DE INFORMAÇÃO DE GESTÃO G,INSTITUTO METROPOLE DIGITAL,60,0,0,60,0,0,20,True,3.0,,,,,A definir.,,.,.,,,2024.0,2.0,Presencial,TECNOLOGIA DA INFORMAÇÃO
61100,MÓDULO,IMD0245,G,TÓPICOS ESPECIAIS EM SISTEMAS DE INFORMAÇÃO DE GESTÃO F,INSTITUTO METROPOLE DIGITAL,60,0,0,60,0,0,20,True,3.0,,,,,A definir.,,,,,,,,Presencial,TECNOLOGIA DA INFORMAÇÃO
61099,MÓDULO,IMD0244,G,TÓPICOS ESPECIAIS EM SISTEMAS DE INFORMAÇÃO DE GESTÃO E,INSTITUTO METROPOLE DIGITAL,60,0,0,60,0,0,20,True,3.0,,,,,A definir.,,,,,,,,Presencial,TECNOLOGIA DA INFORMAÇÃO
61098,MÓDULO,IMD0243,G,TÓPICOS ESPECIAIS EM SISTEMAS DE INFORMAÇÃO DE GESTÃO D,INSTITUTO METROPOLE DIGITAL,60,0,0,60,0,0,20,True,3.0,,,,,A definir.,,,,,,,,Presencial,TECNOLOGIA DA INFORMAÇÃO
61097,MÓDULO,IMD0242,G,TÓPICOS ESPECIAIS EM SISTEMAS DE INFORMAÇÃO DE GESTÃO C,INSTITUTO METROPOLE DIGITAL,60,0,0,60,0,0,20,True,3.0,,,,,A definir.,,,,,,,,Presencial,TECNOLOGIA DA INFORMAÇÃO
61096,MÓDULO,IMD0241,G,TÓPICOS ESPECIAIS EM SISTEMAS DE INFORMAÇÃO DE GESTÃO B,INSTITUTO METROPOLE DIGITAL,60,0,0,60,0,0,20,True,3.0,,,,,A definir.,,Tópicos relacionados a sistemas de informações distribuídos.,Tópicos relacionados a sistemas de informações distribuídos.,,,2023.0,1.0,Presencial,TECNOLOGIA DA INFORMAÇÃO
61095,MÓDULO,IMD0240,G,TÓPICOS ESPECIAIS EM SISTEMAS DE INFORMAÇÃO DE GESTÃO A,INSTITUTO METROPOLE DIGITAL,60,0,0,60,0,0,20,True,3.0,,,,,A definir.,,a definir,a definir,,,2023.0,1.0,Presencial,TECNOLOGIA DA INFORMAÇÃO
61117,MÓDULO,IMD0271,G,TÓPICOS ESPECIAIS EM REDES DE COMPUTADORES B,INSTITUTO METROPOLE DIGITAL,60,0,0,60,0,0,20,True,3.0,,,,,A definir.,,A definir,A definir,A definir,,2017.0,1.0,Presencial,TECNOLOGIA DA INFORMAÇÃO
61118,MÓDULO,IMD0272,G,TÓPICOS ESPECIAIS EM REDES DE COMPUTADORES C,INSTITUTO METROPOLE DIGITAL,60,0,0,60,0,0,20,True,3.0,,,,,A definir.,,,,,,,,Presencial,TECNOLOGIA DA INFORMAÇÃO
61119,MÓDULO,IMD0273,G,TÓPICOS ESPECIAIS EM REDES DE COMPUTADORES D,INSTITUTO METROPOLE DIGITAL,60,0,0,60,0,0,20,True,3.0,,,,,A definir.,,,,,,,,Presencial,TECNOLOGIA DA INFORMAÇÃO
61120,MÓDULO,IMD0274,G,TÓPICOS ESPECIAIS EM REDES DE COMPUTADORES E,INSTITUTO METROPOLE DIGITAL,60,0,0,60,0,0,20,True,3.0,,,,,A definir.,,,,,,,,Presencial,TECNOLOGIA DA INFORMAÇÃO
64788,MÓDULO,DIM0121,G,FUNDAMENTOS MATEMÁTICOS DA COMPUTAÇÃO II,DEPARTAMENTO DE INFORMÁTICA E MATEMÁTICA APLICADA,60,30,0,90,0,0,20,True,3.0,,( DIM0450 OU IMD0023 OU IMD0038 ) ,( IMD0028 ) OU ( DIM0115 ) ,,"T0. Conteúdo transversal: (i) linguagem da matemática ; (ii) notação conjuntista ; (iii) raciocínio hipotético, demonstrações diretas e indiretas, refutações ; (v) recursão & indução T1. Teoria ingênua dos conjuntos. T2. Relações. T3. Funções. T4. Ordens. T5. Elementos de Álgebra.",,..A definir,..A definir,,,2024.0,2.0,Presencial,
64787,MÓDULO,DIM0120,G,LINGUAGEM DE PROGRAMAÇÃO I,DEPARTAMENTO DE INFORMÁTICA E MATEMÁTICA APLICADA,0,60,0,60,0,0,20,True,3.0,,( DIM0110 ) OU ( IMD0025 ) OU ( IMD0030 ) ,IMD0012 OU DIM0118 OU IMD1012 OU DIM0133 ,," Operadores de alocação dinâmica  Formas de implementação de TADs (Tipos Abstratos de Dados).  Funções e Recursividade. Tipos de recursão. Recursão x Interação.  Performance, Expressividade.  Introdução a Classes.  Construtores e Destrutores. Tipos compostos. Tipos recursivos.  Gerenciamento de memória.  Modularização de Programas  Depuração e Profiling  Aplicações em estruturas e algoritmos presentes em EDB1",,..A definir,..A definir,,,2024.0,1.0,Presencial,
64786,MÓDULO,DIM0119,G,ESTRUTURA DE DADOS BÁSICAS I,DEPARTAMENTO DE INFORMÁTICA E MATEMÁTICA APLICADA,60,0,0,60,0,0,20,True,3.0,,( DIM0110 ) OU ( IMD0022 ) OU ( IMD0029 ) ,IMD0012 OU DIM0118 OU IMD1012 OU DIM0133 OU DIM0151 ,,"1. Algoritmos de busca. 2. Algoritmos de ordenação. 3. Complexidade de algoritmos (abordagem experimental). 4. Verificação de corretude e término. 5. Listas sequenciais e encadeadas, casos especiais: filas, pilhas e deque 6. Tabelas de dispersão.",,.A definir,..A definir,,,2024.0,2.0,Presencial,
64785,MÓDULO,DIM0118.1,G,PRÁTICAS DE TÉCNICAS DE PROGRAMAÇÃO,DEPARTAMENTO DE INFORMÁTICA E MATEMÁTICA APLICADA,30,0,0,30,0,0,20,False,3.0,,( DIM0108 ) OU ( IMD1000 ) OU ( IMD0012 ) ,( IMD0019 ) ,,"Aplicações práticas de: 1. Introdução ao computador. 2. Ferramentas de programação. 3. Variáveis e operadores. 4. Estruturas de controle. 5. Funções. 6. Ponteiros. 7. Arranjos, matrizes e strings. 8. Registros, enumerações e uniões.",,,,,,,,Presencial,
64784,MÓDULO,DIM0118.0,G,INTRODUÇÃO ÀS TÉCNICAS DE PROGRAMAÇÃO,DEPARTAMENTO DE INFORMÁTICA E MATEMÁTICA APLICADA,60,0,0,60,0,0,20,False,3.0,,( DIM0108 ) OU ( IMD1000 ) OU ( IMD0012 ) ,( IMD0019 ) ,,"1. Introdução ao computador. 2. Ferramentas de programação. 3. Variáveis e operadores. 4. Estruturas de controle. 5. Funções. 6. Ponteiros. 7. Arranjos, matrizes e strings. 8. Registros, enumerações e uniões.",,,,,,,,Presencial,
64732,MÓDULO,DIM0117,G,ESTRUTURAS DE DADOS BÁSICAS II,DEPARTAMENTO DE INFORMÁTICA E MATEMÁTICA APLICADA,60,0,0,60,0,0,20,True,3.0,,( DIM0111 OU IMD0032 OU IMD0039 ) ,( IMD0029 OU DIM0119 ) ,,1. Complexidade assintótica 2. Análise de algoritmos 3. Recorrências e soluções de recorrências. 4. Árvores. 5. Listas de Prioridade. Heap. 6. Árvores de busca. Árvores binárias de busca. 7. Árvore balanceadas 8. Árvores digitais 9. Conjuntos disjuntos,,"Apresentar os algoritmos e as estruturas de dados básicas para o desenvolvimento de programas de computador. Possibilitar aos alunos a utilização otimizada das diversas estruturas de dados apresentadas, levando em consideração o problema a ser resolvido ou otimizado, e também o contexto no qual ocorre esse problema.
","1. Complexidade assintótica 2. Análise de algoritmos 3. Recorrências e soluções de recorrências. 4. Árvores. 5. Listas de Prioridade. Heap. 6. Árvores de busca. Árvores binárias de busca. 7. Árvore balanceadas 8. Árvores digitais 9. Conjuntos disjuntos
",,,2024.0,2.0,Presencial,
64731,MÓDULO,DIM0116,G,LINGUAGEM DE PROGRAMAÇÃO II,DEPARTAMENTO DE INFORMÁTICA E MATEMÁTICA APLICADA,0,60,0,60,0,0,20,True,3.0,,( DIM0111 ) OU ( IMD0035 ) OU ( IMD0040 ) ,IMD0030 OU DIM0120 OU DIM0176 ,,	Introdução a Programação Orientada a Objetos 	Classes e Objetos. Atributos e Métodos. 	Alocação dinâmica e coletor de lixo. 	Composição. Encapsulamento. Herança. 	Classes abstratas e interfaces. 	Modularização.  Tratamento de Exceções. 	Classes Genéricas. 	Anotações. 	Depuração e Profiling 	Aplicações em estruturas e algoritmos presentes em EDB2,,"Apresentar ao aluno os princípios de programação orientada a objetos, assim como uma linguagem de programação de alto-nível orientada a objetos.
Apresentar ferramentas e técnicas de desenvolvimento orientado a objetos.
","Introdução a OO (objetos e classes, atributos e métodos)
Interação entre objetos
Agrupando objetos
Comportamento mais sofisticado
Objetos bem-comportados (teste de software)
Design de Classes (responsabilidade, acoplamento, coesão, refatoração)
Herança e Polimorfismo
Interfaces e classes abstratas
Tratando erros
Ferramentas de Desenvolvimento (IDE Eclipse)
Design de aplicações (padrões de projeto)
Desenvolvimento de projeto.",,,2024.0,2.0,Presencial,
64730,MÓDULO,DIM0114,G,BANCO DE DADOS,DEPARTAMENTO DE INFORMÁTICA E MATEMÁTICA APLICADA,45,15,0,60,0,0,20,True,3.0,,DIM0434 OU IMD0401 OU DIM0541 OU DIM0125 ,IMD0040 OU DIM0116 OU DIM0176 ,,"Modelo de dados: rede, hierárquico e relacional; Álgebra relacional; Linguagem de consulta SQL; Projeto de banco de dados; Prática com um Sistema Gerenciador de Banco de Dados; Otimização de Consultas SQL; Índices; Transações; Backup e Recuperação de banco de dados.",,A ser preenchido,A ser preenchido,,,2024.0,2.0,Presencial,
64729,MÓDULO,DIM0115,G,FUNDAMENTOS MATEMÁTICOS DA COMPUTAÇÃO I,DEPARTAMENTO DE INFORMÁTICA E MATEMÁTICA APLICADA,60,30,0,90,0,0,20,True,3.0,,( IMD0013 OU DIM0400 OU IMD0028 ) ,IMD0019 OU ( IMD1001 E IMD1002 ) ,,"Conteúdo transversal: a linguagem da matemática; estratégias básicas de argumentação e demonstração; Indução e recursão sobre os naturais. Sistemas de Numeração. Representação computacional de números. Divisibilidade. Números primos, Aritmética modular. Contagem. Relações de recorrência.",,A definir,A definir,,,2024.0,2.0,Presencial,
63936,MÓDULO,IMD0601,G,BIOESTATÍSTICA,INSTITUTO METROPOLE DIGITAL,60,0,0,60,0,0,20,True,3.0,,EST0234 OU DBF0043 ,( IMD0033 OU ECT2207 ) ,,"Organização de dados e histograma, medidas de tendencia central e de dispersão. Distribuições estatísticas: binomial, gaussiana e Poisson. Estatística inferencial, valor de p e teste de hipóteses. Distribuição t, comparação de medias e intervalo de confiança. Correlação e regressão linear. Análise de variância - ANOVA. Distribuição qui-quadrado e teste de homogenidade. Testes não paramétricos: teste do sinal, Wilcoxon e Sperman. Aplicações em problemas de bioinformática.",,"O curso tem como objetivo apresentar métodos estatísticos comumente utilizados nas áreas de Ciências Biológicas. Espera-se que o estudante seja capaz de compreender e interpretar os trabalhos científicos que se utilizam da Estatística para a análise de dados biológicos, como também de sugerir e aplicar estes métodos nas resoluções dos problemas biológicos. ","""&#9679; Organização de dados e histograma, medidas de tendencia central e de dispersão. 
&#9679; Distribuições estatísticas: binomial, gaussiana e Poisson. 
&#9679; Estatística inferencial, valor de p e teste de hipóteses. 
&#9679; Distribuição t, comparação de medias e intervalo de confiança. 
&#9679; Distribuição qui-quadrado e teste de homogeneidade. 
&#9679; Testes não paramétricos: teste do sinal, Wilcoxon e Spearman. 
&#9679; Análise de variância - ANOVA. 
&#9679; Correlação e regressão linear. 
&#9679; Aplicações em problemas de bioinformática.""",,,2023.0,1.0,Presencial,
61094,MÓDULO,IMD0256,G,TÓPICOS ESPECIAIS EM INFORMÁTICA EDUCACIONAL G,INSTITUTO METROPOLE DIGITAL,60,0,0,60,0,0,20,True,3.0,,,,,A definir.,,,,,,,,Presencial,TECNOLOGIA DA INFORMAÇÃO
63934,MÓDULO,IMD0725,G,DESENVOLVIMENTO DE PROJETOS DE REDES DE COMPUTADORES,INSTITUTO METROPOLE DIGITAL,45,15,0,60,0,0,20,True,3.0,,,,,"Cabeamento estruturado, Norma ANSI/TIA/EIA-568-A. Interconexão de redes de computadores. Equipamentos de interconexão de redes. Estruturação de redes. Desenvolvimento e criação de projetos para redes de computadores isoladas ou conectadas à internet, com abrangência local ou metropolitana. Redes PON.",,A definir,A definir,,,2019.0,1.0,Presencial,
63932,MÓDULO,IMD0707,G,TECNOLOGIAS DE COMUNICAÇÃO DE DADOS,INSTITUTO METROPOLE DIGITAL,0,60,0,60,0,0,20,True,3.0,,,IMD0043 ,,"Base teórica da comunicação de dados; transmissão analógica e digital; técnicas para controle de erro e controle de fluxo; modos de transmissão e comunicação; técnicas de modulação digital; meios de transmissão; Serviços oferecidos para a camada de rede; detecção e correção de erro; técnicas de comutação, multiplexação, e controle de acesso ao meio. Topologias e equipamentos de rede. Padrões e protocolos dos níveis 1 e 2.",,A definir,A definir,A definir,,2017.0,1.0,Presencial,
62888,MÓDULO,IMD0704,G,ADMINISTRAÇÃO DE SERVIÇOS DE REDES PARA INTERNET,INSTITUTO METROPOLE DIGITAL,15,45,0,60,0,0,20,True,3.0,,,,,"Protocolos e serviços da camada de aplicação. DHCP, DNS, TFTP, Terminal Remoto, Compartilhamento de arquivos, HTTP, FTP, Proxy, e-mail, LDAP, RADIUS e SGBD. ",,A definir,"Protocolos e serviços da camada de aplicação. DHCP, DNS, TFTP, Terminal Remoto, Compartilhamento de arquivos, HTTP, FTP, Proxy, e-mail, LDAP, RADIUS e SGBD. ",,,2021.0,1.0,Presencial,
62887,MÓDULO,IMD0703,G,SEGURANÇA DE REDES,INSTITUTO METROPOLE DIGITAL,30,30,0,60,0,0,20,True,3.0,,,,,"Histórico e conceitos básicos de segurança; Análise de riscos; Técnicas de ataque e defesa, incluindo firewall, IDS e IPS; Autenticação e Controle de acesso; criptografia, PKI e suas aplicações; segurança física; segurança na comunicação, incluindo IPSec, VPN e SSL; segurança no sistema operacional; Auditoria; Leis, normas, boas práticas e padrões de segurança da informação. Políticas, controles e medidas de Segurança da Informação.",,"Discutir conceitos básicos relacionados à segurança de redes de computadores; Identificar vulnerabilidades e ameaças presentes nas redes de computadores; Conhecer ferramentas usadas para garantir a segurança em redes de computadores.

","Histórico e conceitos básicos de segurança computacional.
Introdução à Criptografia. Cifras Tradicionais e Modernas.
Criptografia Simétrica. Cifra de Bloco. DES. AES.
Criptografia Assimétrica ou Infraestrutura de Chave Pública (PKI). RSA.
Funções Hash.
Troca de Chaves Criptográficas. Certificado Digital.
Autenticação: Protocolos e Mecanismos.
Controle de Acesso: Mecanismos de Controle de Acesso.
Vulnerabilidades e tipos de ataques.
Segurança de software: programação segura, tratamento de dados e engenharia reversa.
Segurança na comunicação: SSL, IPSec e VPN.
Defendendo a rede: Firewall, IDS e IPS. Firewall.
Ferramentas para Teste de Intrusão.
Leis, normas e Política de Segurança da Informação.",,,2024.0,2.0,Presencial,
62886,MÓDULO,IMD0702,G,SERVIÇOS DE REDE E TRANSPORTE,INSTITUTO METROPOLE DIGITAL,30,30,0,60,0,0,20,True,3.0,,,,,"Camadas de rede e transporte da arquitetura TCP/IP. serviços básicos e aplicações; protocolos da camada de rede (IPv4, IPv6, ARP, ICMP, IGMP, e NDP); tradução de endereços NAT e PAT; roteamento IP estático e dinâmico (RIP, OSPF e BGP); protocolos de transporte (TCP e UDP);",,A definir,"Camadas de rede e transporte da arquitetura TCP/IP. serviços básicos e aplicações; protocolos da camada de rede (IPv4, IPv6, ARP, ICMP, IGMP, e NDP); tradução de endereços NAT e PAT; roteamento IP estático e dinâmico (RIP, OSPF e BGP); protocolos de transporte (TCP e UDP);",,,2019.0,2.0,Presencial,
61132,MÓDULO,IMD0822,G,PROJETO DE INOVAÇÃO TECNOLÓGICA,INSTITUTO METROPOLE DIGITAL,30,30,0,60,0,0,20,True,3.0,,,IMD0040 OU DCA1202 ,,"Setores da economia criativa; Motivação para sair da zona de conforto; Busca de oportunidades de negócios; Criatividade e visão empreendedora; Design thinking; Metodologia da startup enxuta; Modelos de negócios; Prática de formação de equipes interdisciplinares e de trabalho em grupo; Ciclos de validação de modelos de negócios: imersão, ideação, prototipação e pitches.",,A definir,A definir,,,2022.0,1.0,Presencial,TECNOLOGIA DA INFORMAÇÃO
61131,MÓDULO,IMD1000,G,TREINAMENTO BÁSICO PARA COMPETIÇÕES DE PROGRAMAÇÃO,INSTITUTO METROPOLE DIGITAL,90,0,0,90,0,0,20,True,3.0,,,( IMD0019 ) ,,Conceitos de algoritmo e programa. Estruturas condicionais e de repetição. Tipos de dados. Arranjos. Sub-rotinas. Algoritmos de ordenação. Estruturas de dados simples. Grafos. Resolução de problemas.,,A definir,A definir,A definir,,2016.0,1.0,Presencial,TECNOLOGIA DA INFORMAÇÃO
61130,MÓDULO,IMD0705,G,PRINCÍPIOS DE LEGISLAÇÃO APLICÁVEIS À TECNOLOGIA DA INFORMAÇÃO E COMUNICAÇÃO DE DADOS,INSTITUTO METROPOLE DIGITAL,30,0,0,30,0,0,20,True,3.0,,,,,"Introdução ao Sistema Juri&#769;dico Brasileiro. Responsabilidade civil e penal. Crime e abuso em Tecnologia da Informação e Comunicação de Dados. Legislações específicas, normas técnicas e Projetos de Lei aplicáveis à Tecnologia de Informação e Comunicação de Dados. Propriedade intelectual e industrial. Marco Civil da Internet (Lei nº 12.965/2014).",,"Discutir a legislação aplicada à área de informática sobre a ética nas relações profissionais, sociais e no trato com a informação. Compreender os aspectos legais do uso da tecnologia da informação.

","Introdução ao Sistema Jurídico Brasileiro. O Direito Digital.
Responsabilidade Civil e Penal.
Internet e Privacidade
Crime e Abuso em Tecnologia da Informação (TI) e Comunicação de Dados (CD)
Prova informática no direito brasileiro
Lei 12.965/2014 - Marco Civil da Internet
Proteção do Consumidor Brasileiro no Comércio Eletrônico
Da validade jurídica dos Documentos Eletrônicos à Informatização do Judiciário
Proteção Jurídica do Software.
Direito Autoral, Propriedade Intelectual e Plágio.",A definir.,,2015.0,2.0,Presencial,TECNOLOGIA DA INFORMAÇÃO
61129,MÓDULO,IMD0701,G,ADMINISTRAÇÃO DE SISTEMAS OPERACIONAIS PARA REDES,INSTITUTO METROPOLE DIGITAL,60,0,0,60,0,0,20,True,3.0,,,,,"Conceitos básicos, história e arquiteturas; práticas de instalação, Administração de usuários; políticas de backup; Manipulação de arquivos; configuração e análise de logs (locais e redes); gerenciamento de desempenho; compartilhamento de recursos; escalonamento de tarefas; gerenciamento de pacotes; programação de scripts;princípios de ética e segurança; gerência remota; emulação de terminal;",,Capacitar os alunos fornecendo-lhes competências e habilidades a fim de que possam administrar e gerenciar sistemas Unix-Like.,"Conceitos Básicos e História do Unix e GNU/Linux
Arquitetura de Sistemas Unix/Unix-Like
Discos, Sistemas de Arquivos e Práticas de Instalação
Interface de Linha de Comando (Shell) e Manipulação de Arquivos
Redirecionamento e Pipes
Grep e Regexes
Edição de arquivos na CLI 
Gerência e Administração Remota
Administração de Usuários e Grupos
Controle de Acesso, Permissões e SELinux
Controle e Gerência de Processos e Tarefas
Gerenciamento de Pacotes
Políticas de Backup
Configuração e Análise de Logs
Programação de Scripts",,,2020.0,1.0,Presencial,TECNOLOGIA DA INFORMAÇÃO
61122,MÓDULO,IMD0276,G,TÓPICOS ESPECIAIS EM REDES DE COMPUTADORES G,INSTITUTO METROPOLE DIGITAL,60,0,0,60,0,0,20,True,3.0,,,,,A definir.,,,,,,,,Presencial,TECNOLOGIA DA INFORMAÇÃO
61121,MÓDULO,IMD0275,G,TÓPICOS ESPECIAIS EM REDES DE COMPUTADORES F,INSTITUTO METROPOLE DIGITAL,60,0,0,60,0,0,20,True,3.0,,,,,A definir.,,,,,,,,Presencial,TECNOLOGIA DA INFORMAÇÃO
63933,MÓDULO,IMD0708,G,PROGRAMAÇÃO EM HARDWARE DE REDES,INSTITUTO METROPOLE DIGITAL,0,60,0,60,0,0,20,True,3.0,,,IMD0029 E IMD0042 E IMD0043 ,,"Noções de Hardware. Customização e programação do kernel. Boot loaders. Libc e outras alternativas. Sistemas de arquivos raiz. Compilação cruzada. Programação para redes no kernel (interfaces de rede, transmissão e recepção de quadros, implementação dos protocolos de rede).",,"Capacitar os alunos a entender o funcionamento de um hardware de rede, possibilitando o desenvolvimento prático de interfaces de comunicação entre dispositivos em uma rede local.",Noções de Hardware de Rede. Customização e programação do kernel do SO. Boot Loaders. Libc e outras alternativas. Sistemas de arquivos raiz. Compilação cruzada. Programação para redes no kernel. Interfaces de rede. Transmissão e recepção de quadros. Implementação dos protocolos de rede.,,,2019.0,2.0,Presencial,
61093,MÓDULO,IMD0255,G,TÓPICOS ESPECIAIS EM INFORMÁTICA EDUCACIONAL F,INSTITUTO METROPOLE DIGITAL,60,0,0,60,0,0,20,True,3.0,,,,,A definir.,,a definir,a definir,,,2019.0,2.0,Presencial,TECNOLOGIA DA INFORMAÇÃO
61087,MÓDULO,IMD0254,G,TÓPICOS ESPECIAIS EM INFORMÁTICA EDUCACIONAL E,INSTITUTO METROPOLE DIGITAL,60,0,0,60,0,0,20,True,3.0,,,,,A definir.,,.,.,,,2019.0,1.0,Presencial,TECNOLOGIA DA INFORMAÇÃO
61086,MÓDULO,IMD0253,G,TÓPICOS ESPECIAIS EM INFORMÁTICA EDUCACIONAL D,INSTITUTO METROPOLE DIGITAL,60,0,0,60,0,0,20,True,3.0,,,,,A definir.,,,,,,,,Presencial,TECNOLOGIA DA INFORMAÇÃO
55061,MÓDULO,IMD0602,G,FERRAMENTAS PARA ANÁLISE DE SEQUÊNCIAS,INSTITUTO METROPOLE DIGITAL,30,30,0,60,0,0,20,True,3.0,,,ICE1024 ,,"Alinhamento de Sequências Biológicas. Algoritmos de alinhamento de sequências. Busca de Similaridade em Bancos de Dados Biológicos. Montagem de Sequências Biológicas. Reconhecimento de Padrões e assinaturas em Sequências. Métodos preditivos. Identificação de Genes, de Promotores e de Regiões Reguladoras. Anotação de Genes. Detecção de Polimorfismos. Cálculo de Distâncias entre sequências. Métodos de agrupamento de sequências.",,"Apresentar algoritmos e programas desenvolvidos para a análise de sequências biológicas. Possibilitar aos alunos a utilização, compreensão e análise de dados biológicos, levando em consideração o problema a ser interpretado ou analisado e também o contexto no qual ocorre esse problema.","Alinhamento de Sequências Biológicas. Algoritmos de alinhamento de sequências. Busca de Similaridade em Bancos de Dados Biológicos. Montagem de Sequências Biológicas. Reconhecimento de Padrões e assinaturas em Sequências. Métodos preditivos. Identificação de Genes, de Promotores e de Regiões Reguladoras. Anotação de Genes. Detecção de Polimorfismos. Cálculo de Distâncias entre sequências. Métodos de agrupamento de sequências",,,2020.0,2.0,Presencial,TECNOLOGIA DA INFORMAÇÃO
55060,MÓDULO,IMD0522,G,JOGOS DIGITAIS COMO FERRAMENTA PEDAGÓGICA,INSTITUTO METROPOLE DIGITAL,60,0,0,60,0,0,20,False,3.0,,,,,"Jogos como recursos didáticos: Importância do lúdico, Reflexão sobre o brincar e o uso de jogos para educação, Jogos como ferramentas Narrativas ,Estratégias didáticas dos jogos. Objetivos pedagógicos dos jogos: Exploração do mundo real, Ensinamento de conceitos simples e complexos. Aspectos de desenvolvimento abordados pelos jogos: Desenvolvimento de processos psíquicos, Desenvolvimento do raciocínio lógico e da tomada de decisão. Jogo como fator de inclusão e descoberta de potencialidades. Caracterização de bons jogos educacionais. Jogos na sala de aula. Aprendizagem participativa: Competição e cooperação em harmonia. Projeto pedagógico de um jogo. Futuro da educação.",,a definir,a definir,,,2024.0,2.0,Presencial,TECNOLOGIA DA INFORMAÇÃO
55059,MÓDULO,IMD0521,G,FUNDAMENTOS DE JOGOS DIGITAIS,INSTITUTO METROPOLE DIGITAL,60,0,0,60,0,0,20,False,3.0,,,,,Histórico dos jogos digitais. Tipos e categorias dos jogos digitais. Mercado de jogos. Contexto atual dos jogos digitais na sociedade. Papéis e responsabilidades dos desenvolvedores de jogos. Processos de desenvolvimento dos jogos. Modelos de plataformas e de jogadores. Motores e componentes dos jogos. Produção de jogos digitais.,,A definir,A definir,,,2024.0,1.0,Presencial,TECNOLOGIA DA INFORMAÇÃO
55058,MÓDULO,IMD0520,G,DESIGN INSTRUCIONAL PARA TI,INSTITUTO METROPOLE DIGITAL,60,0,0,60,0,0,20,False,3.0,,,( IMD0518 ) ,,"Conceito e fundamentos de design instrucional para IE. A estrutura de um material didático (de cunho digital) que atenda a critérios de qualidade como: comunicação, legibilidade, autoria, interatividade e intencionalidade pedagógicas. Modelos de Design: aprendizado eletrônico, design instrucional, modelo Addie (fixo, aberto, contextualizado) e suas formas de implementação em projetos de desenvolvimento de materiais. Análise Contextual (identificar problemas, público alvo, esboçar soluções didática). Processo de Design (unidades de aprendizagem, conteúdos multimídia, ambientes virtuais).",,.,.,,,2024.0,1.0,Presencial,TECNOLOGIA DA INFORMAÇÃO
55057,MÓDULO,IMD0519,G,APRENDIZAGEM BASEADA EM PROJETOS,INSTITUTO METROPOLE DIGITAL,60,0,0,60,0,0,20,True,3.0,,,,,"Conceito e histórico sobre o trabalho com projetos e suas implicações no ensino aprendizagem, destacando a integração da informática educacional. O processo de planejamento e gestão de projetos de IE e suas especificidades: a importância da elaboração de planos e programas. A construção coletiva do projeto. Mecanismos de Gestão e Avaliação de projetos em Informática na Educação. Desenvolvimento e aplicação de Projeto em IE:  abordagem prática.",,"""* Conceituar aprendizagem baseada em projetos a partir de suas bases históricas e pedagógicas;
* Analisar trabalhos pedagógicos de projetos que integrem TDIC;
* Descrever e executar etapas de planejamento e execução de projetos em processos pedagógicos com auxílio de TDIC;
* Avaliar projetos em informática na Educação;
* Desenvolver colaborativamente experiências de aprendizagem baseada em projetos que integrem TDIC.""","Conceito e histórico sobre o trabalho com projetos e suas implicações no ensino aprendizagem, destacando a integração da informática educacional. O processo de planejamento e gestão de projetos de IE e suas especificidades: a importância da elaboração de planos e programas. A construção coletiva do projeto. Mecanismos de Gestão e Avaliação de projetos em Informática na Educação. Desenvolvimento e aplicação de Projeto em IE: abordagem prática.",,,2023.0,1.0,Presencial,TECNOLOGIA DA INFORMAÇÃO
55056,MÓDULO,IMD0518,G,FUNDAMENTOS PEDAGÓGICOS PARA A INFORMÁTICA EDUCACIONAL II,INSTITUTO METROPOLE DIGITAL,60,0,0,60,0,0,20,True,3.0,,,,,"O impacto das TIC sobre a Educação e Socialização. O que torna o aprendizado eficaz: Variáveis relacionadas aos alunos, professores, disciplina e recursos tecnológicos. Metodologias de ensino-aprendizagem: aprendizagem baseada em problemas, métodos de caso, aprendizagem experiencial e pedagogia de projetos. A didática e prática educativa: planejamento, seleção e organização dos conteúdos, formulação de objetivos educacionais. Instrumentos avaliativos.",,"""* Analisar e refletir sobre os impactos das TDIC na Sociedade e suas influências na Educação;
* Relacionar variáveis ligadas ao ensino e à aprendizagem com TDIC;
* Descrever metodologias ativas e colaborativas que explorem TDIC;
* Definir aspectos da Didática necessários para o planejamento de práticas de ensino com auxílio de TDIC;
* Estabelecer critérios para avaliação da aprendizagem a partir de instrumentos avaliativos.""","O impacto das Tecnologias Digitais da Informação e Comunicação (TDIC) sobre a Educação e Socialização. O que torna o aprendizado eficaz: variáveis relacionadas aos alunos, professores, disciplina e recursos tecnológicos. Metodologias de ensino: aprendizagem baseada em problemas, estudos de caso, aprendizagem experiencial e pedagogia de projetos. Instrumentos avaliativos. A didática e a prática educativa: planejamento, seleção e organização dos conteúdos, formulação de objetivos educacionais.",,,2019.0,2.0,Presencial,TECNOLOGIA DA INFORMAÇÃO
55055,MÓDULO,IMD0517,G,FUNDAMENTOS PEDAGÓGICOS PARA A INFORMÁTICA EDUCACIONAL I,INSTITUTO METROPOLE DIGITAL,60,0,0,60,0,0,20,False,3.0,,( IMD0501 ) ,,,"Fundamentos das teorias de aprendizagem humana sob os pontos de vista epistemológico, psicológico e pedagógico, destacando as teorias construtivistas e sócio-interacionistas e suas contribuições para informática educacional.",,"""* Conceituar e caracterizar teorias de aprendizagem humana;
* Identificar aspectos epistemológicos, psicológicos e pedagógicos que influenciam a Informática Educacional;
* Analisar contribuições teóricas de pensadores para aprendizagem;
* Descrever características de teorias cognitivistas, como construtivismo e sociointeracionismo, aplicadas à Informática Educacional;
* Classificar recursos educativos/educacionais digitais a partir de critérios cognitivos.""","Fundamentos das teorias de aprendizagem humana sob os pontos de vista epistemológico, psicológico e pedagógico, destacando as teorias construtivistas e sócio-interacionistas e suas contribuições para Informática Educacional.",,,2019.0,2.0,Presencial,TECNOLOGIA DA INFORMAÇÃO
55054,MÓDULO,IMD0421,G,GESTÃO DA MUDANÇA ORGANIZACIONAL,INSTITUTO METROPOLE DIGITAL,45,15,0,60,0,0,20,False,3.0,,,( IMD0405 ) ,,Mudança Organizacional. Principais Teorias e Técnicas. Resistência a Mudança. Implicações Humanas e Éticas. Papeis na Gestão da Mudança. Liderança. Liderança Situacional. Dificuldades para exercer a Liderança. Liderança através do coaching. Práticas e Técnicas de coaching.,,a definir.,a definir.,,,2022.0,2.0,Presencial,TECNOLOGIA DA INFORMAÇÃO
55053,MÓDULO,IMD0420,G,TÓPICOS AVANÇADOS EM GOVERNANÇA DE TI,INSTITUTO METROPOLE DIGITAL,30,30,0,60,0,0,20,False,3.0,,,( IMD0411 ) ,,"Governança. Diferenças entre Governança, Gestão e Operação da TI. Razões para Evidencia. Quem deveria governar a TI. Governança de TI. Transparência. Alinhamento Estratégico da TI. Alinhamento Estratégico da TI baseado no Balanced Scorecard. Principais Decisões em TI. Matriz de Governança. Melhores Práticas. Modelos de Governança. Modelo de melhores práticas COBIT. Impactos da Computação em Nuvem na Governança de TI.",,,,,,,,Presencial,TECNOLOGIA DA INFORMAÇÃO
55052,MÓDULO,IMD0419,G,COMPUTAÇÃO EM NUVEM,INSTITUTO METROPOLE DIGITAL,45,15,0,60,0,0,20,False,3.0,,,,,"Tendências em TI. O que é a Computação em Nuvem. Conceito do NIST (NATIONAL INSTITUTE OF STANDARDS AND TECHNOLOGY). Arquitetura de Referencia do NIST. SOA e Computação em Nuvem. Web Services e Computação em Nuvem. Modelos de Serviço. Infraestrutura como Serviço. Plataforma como Serviço e Software como Serviço. Modelos de Implementação. Tendências, Riscos e Benefícios. Plataformas Principais, como OpenStack, Amazon Web Services (AWS) e Windows AZURE e outras. Situação Brasil. Perspectivas.",,,,,,,,Presencial,TECNOLOGIA DA INFORMAÇÃO
55062,MÓDULO,IMD0603,G,TECNOLOGIAS EM LARGA ESCALA I,INSTITUTO METROPOLE DIGITAL,0,60,0,60,0,0,20,True,3.0,,,ICE1024 ,,"Tecnologias ""omicas"": conceito, perspectiva histórica e aplicações. Técnicas aplicadas à genômica. Genômica. Transcriptômica. Proteômica. Outras ""omicas"". Bioinformática aplicada às tecnologias ""omicas"".",,"Apresentar ao alunos os princípios de analises e estudos aplicados as tecnologias ""omicas"".  Apresentar o histórico das principais aplicações, habilitando os alunos na utilização otimizada das diversas ferramentas de análise, assim como, abordar o contexto de aplicações na Genômica e Transcriptômica.","Tecnologias ""omicas"": conceito, perspectiva histórica e aplicações. Técnicas aplicadas à genômica. Genômica. Transcriptômica. Proteômica. Outras ""omicas"". Bioinformática aplicada às tecnologias ""omicas"".",,,2019.0,2.0,Presencial,TECNOLOGIA DA INFORMAÇÃO
55051,MÓDULO,IMD0337,G,TI VERDE,INSTITUTO METROPOLE DIGITAL,60,0,0,60,0,0,20,False,3.0,,,,,"Técnicas relacionadas com o conceito de TI verde, que busca a sustentabilidade e o uso consciente e eficiente de recursos computacionais. Entre as iniciativas importantes, podemos citar estratégias de economia de energia (menor uso de memória, processamento multi-core, redução na velocidade das CPUs, etc.), formas de aproveitar computadores obsoletos, normas e procedimentos de reciclagem de equipamentos. ",,"O objetivo desta disciplina é permitir ao aluno compreender os conceitos, a filosofia e as principais tecnologias presente na TI Verde. Visando uma maior aplicabilidade da disciplina em problemas reais, estudos de casos também são apresentados.","1  Conceitos gerais sobre meio ambiente e sustentabilidade

2 -  Definição de TI Verde, histórico, políticas de governança, legislação atual

3  O impacto de TI Verde (virtualização, gerenciamento de energia, uso adequado de equipamentos, consolidação de servidores, multicore, computação quântica)

4  Gestão de resíduos eletroeletrônicos

5  Energias renováveis

6 -  Alcançando TI Verde com tecnologias emergentes

7 - Programa Selo verde",O aluno deverá ter a capacidade para compreender os conceitos e desafios relacionados a TI Verde. A compreensão dessas informações é essencial para criação de aplicações de TI com alto grau de sustentabilidade.,,2014.0,1.0,Presencial,TECNOLOGIA DA INFORMAÇÃO
55049,MÓDULO,IMD0335,G,TÓPICOS ESPECIAIS I,INSTITUTO METROPOLE DIGITAL,60,0,0,60,0,0,20,False,3.0,,,,,"Disciplina que abranja conteúdos avançados em Sistemas Embarcados, não incluídos por nenhuma das disciplinas regulares do curso.",,,,,,,,Presencial,TECNOLOGIA DA INFORMAÇÃO
55048,MÓDULO,IMD0334,G,SENSORES INTELIGENTES,INSTITUTO METROPOLE DIGITAL,60,0,0,60,0,0,20,False,3.0,,,( IMD0330 ) ,,"Estudo e implementação de modelos de sensores e atuadores inteligentes e suas aplicações em sistemas embarcados. Métodos inteligentes para fusão de sensores, Implementação de algoritmos de estimação, classificação e filtragem de dados. Sistemas híbridos para processamento de dados dos sensores. Redes de sensores. Sensores de Software. Aplicação de técnicas de tomada de decisão em função de dados obtidos de sensores.",,,,,,,,Presencial,TECNOLOGIA DA INFORMAÇÃO
55047,MÓDULO,IMD0333,G,PROJETO DE SOFTWARE E TESTES EM SISTEMAS EMBARCADOS,INSTITUTO METROPOLE DIGITAL,60,0,0,60,0,0,20,False,3.0,,,( IMD0323 ) ,,"1. Características e conceitos de sistemas embarcados. 2. Metodologias de projeto: linguagens de especificação e níveis de abstração; coprojeto, particionamento e cosimulação hardware/software; estimação de desempenho, área e consumo de energia. 3. Desenvolvimento de software para sistemas embarcados: engenharia de requisitos; modelagem; aspectos de implementação; validação, verificação e teste. 4. Teste em sistemas embarcados: teste de hardware e de software; teste funcional; teste estrutural; teste de integração; teste baseado em modelos; ferramentas de teste; projeto baseado em teste. 5. Qualidade de Serviço (QoS): redundância (hardware, software, informação e temporal); configuração, reconfiguração e reinicialização de sistemas; mobilidade e localização; segurança.",,,,,,,,Presencial,TECNOLOGIA DA INFORMAÇÃO
55046,MÓDULO,IMD0332,G,ARQUITETURAS AVANÇADAS DE COMPUTADORES,INSTITUTO METROPOLE DIGITAL,45,15,0,60,0,0,20,False,3.0,,,( IMD0021 OU IMD0041 OU IMD0121 OU DIM0127 ) ,,"1. Estudo de arquiteturas e de técnicas avançadas voltadas a exploração de paralelismo em nível de instrução, threads e processos.
2. Paralelismo em nível de instrução
2.1. Pipeline: dependências, conflitos e previsão de desvio.
2.2. Superescalar: algoritmos de escalonamento.
2.3. Superpipeline: execução especulativa.
2.4. VLIW
3. Paralelismo em nível de threads e processos
3.1. Multihreading: Simultaneous Multithreading (SMT)
3.2. Chip-Multiprocessor (CMP)
3.3. MPSoC
4. Organização da Memória
4.1. Compartilhada e Distribuída
4.2. Cache e Coerência de Cache
5. Comunicação
5.1. Barramento
5.2. Redes em chip (NoC): topologia, algoritmo de roteamento e protocolos.
",,,,,,,,Presencial,TECNOLOGIA DA INFORMAÇÃO
55045,MÓDULO,IMD0331,G,DESENVOLVIMENTO EM PLATAFORMAS EMBARCADAS,INSTITUTO METROPOLE DIGITAL,30,30,0,60,0,0,20,False,3.0,,,,,Desenvolvimento de projetos usando plataformas disponíveis no mercado. Uso de placas de desenvolvimento com processadores ARM. Linux embarcado. Sistemas baseados em Android. Desenvolvimento de aplicativos para dispositivos móveis. ,,,,,,,,Presencial,TECNOLOGIA DA INFORMAÇÃO
55044,MÓDULO,IMD0326,G,PROCESSAMENTO DIGITAL DE SINAIS,INSTITUTO METROPOLE DIGITAL,60,0,0,60,0,0,20,False,3.0,,( DCA0453 OU DCA0423 ) ,( IMD0034 ) E ( IMD0319 ) ,,Introdução: Sinais discretos no tempo. Transformada discreta de Fourier. Transformada rápida de Fourier (algoritmos FFT por decimação no tempo e em freqüência). Filtros digitais de resposta impulsiva infinita. Filtros digitais de resposta impulsiva finita. Filtros Adaptativos. Aplicações.,,a definir,a definir,a definir,,2015.0,1.0,Presencial,TECNOLOGIA DA INFORMAÇÃO
55043,MÓDULO,IMD0328,G,TÉCNICAS DE PROTOTIPAÇÃO E MONTAGEM DE CIRCUITOS E SISTEMAS ELETRÔNICOS,INSTITUTO METROPOLE DIGITAL,15,45,0,60,0,0,20,False,3.0,,,,,"Projeto e teste dos esquemáticos em ambientes integrados específicos. Implementação de circuitos em várias faces. Concepção, desenvolvimento e implementação de circuitos simples e complexos em placas de circuito impresso utilizando prototipadoras de circuitos ou métodos convencionais.",,a definir,"Projeto e teste dos esquemáticos em ambientes integrados específicos. Implementação de circuitos em várias faces. Concepção, desenvolvimento e implementação de circuitos simples e complexos em placas de circuito impresso utilizando prototipadoras de circuitos ou métodos convencionais.",,,2024.0,2.0,Presencial,TECNOLOGIA DA INFORMAÇÃO
55042,MÓDULO,IMD0330,G,REDES DE COMUNICAÇÃO EM SISTEMAS EMBARCADOS,INSTITUTO METROPOLE DIGITAL,30,30,0,60,0,0,20,False,3.0,,,( IMD0043 E IMD0011 ) ,,"Comunicação com e sem fio. Padrões de comunicação serial e paralelo. Redes de comunicação.  Protocolos de comunicação. Padrões e especificações de sensores em rede. Sistemas de comunicação seriais I2C, SPI, USB, RS-232, RS-485 e CAN. Sistemas de comunicação sem fio: Bluetooth, ZigBee, WiFi, RFID. Estudos de caso.",,a definir,a definir,a definir,,2015.0,1.0,Presencial,TECNOLOGIA DA INFORMAÇÃO
55041,MÓDULO,IMD0325,G,INTRODUÇÃO A SISTEMAS DE CONTROLE,INSTITUTO METROPOLE DIGITAL,60,0,0,60,0,0,20,False,3.0,,( DCA0103 ) ,( IMD0034 ) OU ( IMD0319 ) ,,Introdução aos sinais e sistemas lineares. Equações diferenciais ordinárias. Variáveis de estado. Transformada de Laplace. Amostragem e reconstrução de sinais contínuos. Equações a diferenças. Transformada Z. Introdução aos problemas de controle. Controladores PID. Implementação de sistemas de controle com microcontroladores.,,a definir,a definir,a definir,,2015.0,1.0,Presencial,TECNOLOGIA DA INFORMAÇÃO
55040,MÓDULO,IMD0320,G,CIRCUITOS ELETRÔNICOS,INSTITUTO METROPOLE DIGITAL,60,30,0,90,0,0,20,False,3.0,,( DCA0203 ) ,( IMD0319 ) ,,"Física dos semicondutores. Junção PN. Dispositivos eletrônicos e optoeletrônicos: análise AC e DC. Circuitos com dispositivos semicondutores. Simulação de circuitos analógicos. Amplificador diferencial. Amplificadores operacionais: amplificador ideal, circuitos com amplificadores operacionais. Fontes de alimentação e outros equipamentos utilizados em aplicações industriais",,A definir,A definir,A definir,,2015.0,2.0,Presencial,TECNOLOGIA DA INFORMAÇÃO
55050,MÓDULO,IMD0336,G,TÓPICOS ESPECIAIS II,INSTITUTO METROPOLE DIGITAL,60,0,0,60,0,0,20,False,3.0,,,,,"Disciplina que abranja conteúdos avançados em Sistemas Embarcados, não incluídos por nenhuma das disciplinas regulares do curso.",,,,,,,,Presencial,TECNOLOGIA DA INFORMAÇÃO
55038,MÓDULO,IMD0321,G,PROJETOS BASEADOS EM MICROCONTROLADORES,INSTITUTO METROPOLE DIGITAL,30,30,0,60,0,0,20,False,3.0,,( DCA0444 ) ,( IMD0012 ) ,( IMD0021 OU IMD0041 ) ,Introdução aos Microcontroladores. Estudo de microcontroladores. Kits de desenvolvimento e ambientes de programação. Linguagens de Programação (C e Assembly). Projetos de softwares embarcados para sistemas a microcontroladores.,,a definir,a definir,,,2018.0,2.0,Presencial,
55074,MÓDULO,IMD0422,G,SISTEMAS DE INTELIGÊNCIA EMPRESARIAL,INSTITUTO METROPOLE DIGITAL,45,15,0,60,0,0,20,False,3.0,,,( IMD0405 ) ,,Conceito; Sistemas e Função de Inteligência Empresarial; Técnicas e Modelos Analíticos; Recursos de Informação para a Inteligência; Desenvolvimento de um sistema para IE; Processo para identificação e definição de necessidades de inteligência; Análise de Cenários e Sistemas de alerta antecipado. Tecnologias da Informação utilizadas na Inteligência Empresarial. Data Mining. Data Warehouse. Técnicas de ETL. BIG DATA. Painéis de Desempenho. Dashboards e Scorecards; Balanced Scorecard. Corporate Performance Management.,,Conhecer ferramentas e estratégias de tecnologias da informação  para gerenciar e analisar informações relevantes para uma empresa.,"""1. Conceitos
2. Benefícios do uso da Tecnologia de informação para o desempenho empresarial
3. Tipos de Sistemas de Informação
4. Aplicação de Sistemas de Informação
5. E-Business
6. E-Commerce e Mercados Eletrônicos
7. Fundamentos da Inteligência Empresarial
8. Data Mining e Data Warehouse
9. Técnicas de ETL
10. BIG DATA
11. Ferramentas Mineração de dados
12. Aplicação OLAP
13. Mapas Estratégicos e Scorecards
14. Dashboards e Painéis de Desempenho
15. Balanced Scorecard""",,,2019.0,2.0,Presencial,TECNOLOGIA DA INFORMAÇÃO
55083,MÓDULO,IMD0423,G,DESIGN DE SOFTWARE I,INSTITUTO METROPOLE DIGITAL,90,0,0,90,0,0,20,False,3.0,,( IMD0503 E IMD0505 ) OU ( IMD0402 ) ,,,"Processo de design; Espaço de design de software; Técnicas para elicitação e modelagem de requisitos; Representações para requisitos; Conceitos de interação, interface, usabilidade, comunicabilidade e acessibilidade e o respeito às diferenças culturais, sociais e às capacidades e deficiências humanas; Projeto de interação e interface com usuário; Representações para interação e interface com usuário.",,"Introduzir o aluno em atividades básicas no processo de design de software que envolvem a compreensão do problema e a definição de requisitos, interação e interface da solução computacional.","Requisito de Software, Tipos de Requisitos
Design de Software
Documento de Visão e Stakeholders
Elicitação por Inspeção
Elicitação por Investigação: Entrevistas, Questionário, Grupos de Foco, Brainstorming, Classificação de Cartões, Estudos de Campo, Investigação Contextual
Elicitação por Observação
Espaço de Design: Domínio, Objetivo (Tarefa e Atividade), Usuário, Contexto, Interação e Interface
Especificação de Requisitos
Validação
Requisitos Não-Funcionais
Gerência de Requisitos
","Capacitar o aluno a coletar dados sobre uma determinada situação, compreendê-la, identificar oportunidades de melhorias, propor uma intervenção via sistema computacional (conceber uma solução) que explore tais oportunidades de melhoria, documentar e validar a intervenção proposta.",,2015.0,2.0,Presencial,TECNOLOGIA DA INFORMAÇÃO
61085,MÓDULO,IMD0252,G,TÓPICOS ESPECIAIS EM INFORMÁTICA EDUCACIONAL C,INSTITUTO METROPOLE DIGITAL,60,0,0,60,0,0,20,True,3.0,,,,,A definir.,,,,,,,,Presencial,TECNOLOGIA DA INFORMAÇÃO
61084,MÓDULO,IMD0251,G,TÓPICOS ESPECIAIS EM INFORMÁTICA EDUCACIONAL B,INSTITUTO METROPOLE DIGITAL,60,0,0,60,0,0,20,True,3.0,,,,,A definir.,,,,,,,,Presencial,TECNOLOGIA DA INFORMAÇÃO
61083,MÓDULO,IMD0250,G,TÓPICOS ESPECIAIS EM INFORMÁTICA EDUCACIONAL A,INSTITUTO METROPOLE DIGITAL,60,0,0,60,0,0,20,True,3.0,,,,,A definir.,,Computação e Educação aplicada à Pessoa Idosa.,A definir.,,,2024.0,2.0,Presencial,TECNOLOGIA DA INFORMAÇÃO
59739,MÓDULO,IMD0109,G,TÓPICOS ESPECIAIS EM TECNOLOGIA DA INFORMAÇÃO X,INSTITUTO METROPOLE DIGITAL,30,0,0,30,0,0,20,False,2.0,,,,,"Variável, de acordo com o tópico escolhido.",,.,.,,,2019.0,1.0,Presencial,TECNOLOGIA DA INFORMAÇÃO
59738,MÓDULO,IMD0108,G,TÓPICOS ESPECIAIS EM TECNOLOGIA DA INFORMAÇÃO IX,INSTITUTO METROPOLE DIGITAL,30,0,0,30,0,0,20,False,2.0,,,,,"Variável, de acordo com o tópico escolhido.",,A definir,A definir,,,2020.0,1.0,Presencial,TECNOLOGIA DA INFORMAÇÃO
59737,MÓDULO,IMD0107,G,TÓPICOS ESPECIAIS EM TECNOLOGIA DA INFORMAÇÃO VIII,INSTITUTO METROPOLE DIGITAL,60,0,0,60,0,0,20,False,3.0,,,,,"Variável, de acordo com o tópico escolhido.",,,,,,,,Presencial,TECNOLOGIA DA INFORMAÇÃO
59736,MÓDULO,IMD0106,G,TÓPICOS ESPECIAIS EM TECNOLOGIA DA INFORMAÇÃO VII,INSTITUTO METROPOLE DIGITAL,60,0,0,60,0,0,20,False,3.0,,,,,"Variável, de acordo com o tópico escolhido.",,A definir,A definir,,,2023.0,2.0,Presencial,TECNOLOGIA DA INFORMAÇÃO
59735,MÓDULO,IMD0105,G,TÓPICOS ESPECIAIS EM TECNOLOGIA DA INFORMAÇÃO VI,INSTITUTO METROPOLE DIGITAL,60,0,0,60,0,0,20,False,3.0,,,,,"Variável, de acordo com o tópico escolhido.",,A definir,A definir,A definir,,2016.0,2.0,Presencial,TECNOLOGIA DA INFORMAÇÃO
59734,MÓDULO,IMD0104,G,TÓPICOS ESPECIAIS EM TECNOLOGIA DA INFORMAÇÃO V,INSTITUTO METROPOLE DIGITAL,60,0,0,60,0,0,20,False,3.0,,,,,"Variável, de acordo com o tópico escolhido.",,a definir.,"Assuntos de fundamentos matemáticos e ciência de computação teórica nas áreas de:
1. Semântica denotacional de Linguagens de Programação
2. Teoria dos tipos
3. Topologia",,,2023.0,2.0,Presencial,TECNOLOGIA DA INFORMAÇÃO
59733,MÓDULO,IMD0103,G,TÓPICOS ESPECIAIS EM TECNOLOGIA DA INFORMAÇÃO IV,INSTITUTO METROPOLE DIGITAL,60,0,0,60,0,0,20,False,3.0,,,,,"Variável, de acordo com o tópico escolhido.",,A definir,A definir,,,2023.0,1.0,Presencial,TECNOLOGIA DA INFORMAÇÃO
55082,MÓDULO,IMD0020,G,TECNOLOGIA DA INFORMAÇÃO E SOCIEDADE,INSTITUTO METROPOLE DIGITAL,30,0,0,30,0,0,20,False,2.0,,( IMD0015 ) OU ( ECT2106 ) ,,,"Sociedade da Informação. Impactos da Tecnologia de Informação. Aspectos sociais, culturais, ambientais, e de respeito às pessoas e às suas diferenças relacionados com uso e desenvolvimento de Tecnologia da Informação. Ética em Computação. Áreas da Computação. Mercado de Trabalho em TI.",,"Conscientizar sobre as mudanças e os impactos causadas pelas TICS na sociedade da informação.
Conscientizar sobre aspectos sociais, culturais, ambientais, e de respeito às pessoas e às suas diferenças relacionados com uso e desenvolvimento de Tecnologia da Informação. 
Compreender a importância da informação e comunicação no processo de desenvolvimento de TICS.
Orientar os futuros profissionais para atuarem de forma ética e responsável na gestão e desenvolvimento de TICs, nas diversas áreas da Computação. ","1. Sociedade da Informação: conceitos básicos de TIC (tecnologia, técnica, sociedade, informação, conhecimento e comunicação); aspectos sociais, culturais, ambientais, e de respeito às pessoas e às suas diferenças relacionados com uso e desenvolvimento de Tecnologia da Informação
2. Tecnologia de Informação e Comunicação
3. Sistemas Computacionais que manipulam Informação
4. Papel da Informação e Comunicação no processo de desenvolvimento de TICS: atores, problemas e cuidados.
5. Impactos da Tecnologia de Informação e Comunicação. TI como instrumentos de inclusão social e digital
6. Ética em Computação: questões éticas, liberdade de expressão, privacidade, segurança, acesso não autorizado, códigos de Ética da IEEE e ACM, ética na Internet, propriedade intelectual, patentes e direito autoral
7. Áreas da Computação e mercado de trabalho em TI ",,,2024.0,2.0,Presencial,TECNOLOGIA DA INFORMAÇÃO
59732,MÓDULO,IMD0102,G,TÓPICOS ESPECIAIS EM TECNOLOGIA DA INFORMAÇÃO III,INSTITUTO METROPOLE DIGITAL,60,0,0,60,0,0,20,False,3.0,,,,,"Variável, de acordo com o tópico escolhido.",,A definir,A definir,,,2021.0,2.0,Presencial,TECNOLOGIA DA INFORMAÇÃO
57806,MÓDULO,IMD0100,G,TÓPICOS ESPECIAIS EM TECNOLOGIA DA INFORMAÇÃO I,INSTITUTO METROPOLE DIGITAL,90,0,0,90,0,0,20,False,3.0,,,,,"Variável, de acordo com o tópico escolhido.",,a definir,a definir,a definir,,2014.0,2.0,Presencial,
56269,MÓDULO,IMD0044,G,PRÁTICAS DE LEITURA E ESCRITA EM INGLÊS,INSTITUTO METROPOLE DIGITAL,45,15,0,60,0,0,20,False,3.0,,,IMD0018 ,,Práticas de leitura e escrita em língua inglesa em gêneros acadêmicos para a área de Tecnologia da Informação.,,"Desenvolver as capacidades de leitura, interpretação, reflexão crítica e exposição de ideias em textos de diferentes gêneros discursivos em língua inglesa na área de Tecnologia da Informação (TI), produzir textos de pequena extensão nessa língua, além de aprimorar conhecimentos teóricos e práticos que favoreçam a pesquisa como um processo contínuo de construção do conhecimento na área de TI.","Revisão das principais estratégias de leitura em língua inglesa 
Uso eficiente do dicionário e ferramentas de tradução.
Língua inglesa como meio de divulgação de conhecimentos na área de tecnologia da informação.
Noções de gênero discursivo e de sequências textuais.
Modos de organização de determinados gêneros (acadêmicos e técnicos), do ponto de vista de sua estrutura organizacional, relações temáticas e estilo.
Coesão e coerência
Conectivos intra e interfrasais.

Passado, presente e futuro
Voz passiva e ativa
Working with noun phrases
Using pronoun reference
Forming words in English
Word formation: affixes
Using modal verbs
About phasel verbs
Adjectives: using comparatives and superlatives
Collocations: English in use


Noções básicas de estrutura da língua inglesa;
Thinking about writing processes;
academic versus non-academic writing;
Noções de reescrita: Rewriting for formality;
Viés temático, progressão discursiva e segmentação textual;
Writing strategies (word-mapping; free writing; quick writing);
Writing strategies (creating categories, brainstorming and clustering);
Writing and rewriting;
Asking questions and writing paragraphs;
",,,2018.0,2.0,Presencial,TECNOLOGIA DA INFORMAÇÃO
55372,MÓDULO,DIM0616,G,SISTEMAS EMBARCADOS,DEPARTAMENTO DE INFORMÁTICA E MATEMÁTICA APLICADA,60,0,0,60,0,0,20,False,3.0,,( DIM0407 ) ,DIM0615 OU DIM0131 OU IMD0036 ,,"Revisão de conceitos de hardware: microprocessadores, microcontroladores. Arquiteturas: ASIC, ASIP, RISP, configuráveis. Conceitos de sistemas embarcados. Conceitos de sistemas de tempo real. Aplicações de sistemas embarcados. RTOS: comunicação interprocessos, escalonamento. Arquitetura de software para sistemas embarcados. Conceitos avançados: reuso, SoC, NoC.
Conceitos, técnicas e metodologias de desenvolvimento de projetos de sistemas embarcados, projeto baseado em plataforma, arquiteturas de software e hardware, componentes de software e hardware, estratégias de implementação. Projetos visando baixo consumo de potência.",,Serão definidos em breve pelo professor,Serão definidos em breve pelo professor,,,2024.0,2.0,Presencial,CIÊNCIA DA COMPUTAÇÃO
55371,MÓDULO,DIM0614,G,PROGRAMAÇÃO DISTRIBUÍDA,DEPARTAMENTO DE INFORMÁTICA E MATEMÁTICA APLICADA,60,0,0,60,0,0,20,True,3.0,,( DIM0444 ) OU ( DIM0502 ) ,( IMD0040 OU DIM0116 OU ( DIM0176 E DIM0437 ) ) E ( IMD0043 OU DIM0438 ) ,,Introdução a computação distribuída; Comunicação Inter-processos; Sockets; TCP/IP; Comunicação cliente-servidor; Sockets em Java; Prgramação de clientes e serviços; Desenvolvimento de servidor HTTP e segurança HTTP; Servidores Proxy; Acesso a banco de dados via Socket; Serialização de objetos e envio via socket; messagens com assinatura digital; RMI; CORBA.,,"	Apresentar os conceitos básicos relacionados com programação distribuída
	Apresentar diferentes tipos de aplicações distribuídas
	presentar mecanismos usados para programação distribuída, incluindo os básicos e tradicionais, bem como mecanismos modernos e avançados
	Implementar aplicações distribuídas usando os mecanismos estudados e ambientes de programação que ofereçam tais mecanismos

COMPETÊNCIAS E HABILIDADES
	Compreender os conceitos e desafios da computação distribuída
	Conhecer diferentes classes de aplicações distribuídas, bem como seus requisitos
	Conhecer mecanismos tradicionais e mecanismos modernos para programação distribuída
	Saber comparar os diferentes mecanismos para programação distribuída, elencando vantagens e desvantagens de cada um deles
	Saber implementar programas distribuídos usando os diferentes mecanismos estudados
	Saber utilizar ambientes para programação de aplicações distribuídas
","	Conceitos básicos: histórico, terminologia
	Visão geral das abstrações para programação distribuída: bibliotecas, bibliotecas + ferramentas, middleware, linguagens de programação distribuídas
	Mecanismos para comunicação entre processos
	Serviços Web
	Middleware
	Computação em Nuvem
	Internet das Coisas
",,,2024.0,2.0,Presencial,CIÊNCIA DA COMPUTAÇÃO
55370,MÓDULO,DIM0613,G,INTELIGENCIA ARTIFICIAL,DEPARTAMENTO DE INFORMÁTICA E MATEMÁTICA APLICADA,60,0,0,60,0,0,20,False,3.0,,,( DIM0601 OU DIM0157 ) E ( EST0323 OU EST0166 ) E ( DIM0120 OU IMD0030 OU DIM0176 ) ,,"Formas alternativas de pensar sobre AI. Representação do Conhecimento e raciocínio (redes semânticas, redes de herança, sistemas especialistas e ontologia). Incerteza (Probabilidade, lógica, lógica fuzzy e inferência, teorema de Bayes). Raciocínio baseado em incerza ao longo do tempo (cadeia de Markov e HMM). Sistemas multiagentes. Busca. Problemas de busca com restrições. Planejamento. Aprendizado. Utilidade e tomada de decisão. Aprendizado
supervisionado, não supervisionado e por reforço. Como classificar de forma otimizada.",,O discente deve finalizar esse componente curricular tendo uma visão geral dos conteúdos de inteligência artificial.,"Introduction. What does this course cover?, Alternate ways of thinking about AI, Knowledge representation and reasoning, Uncertainty, Uncertain reasoning over time, Multiagent systems, Search, Constraint satisfaction problems, Planning, Learning, Unsupervised learning, Reinforcement learning, Evolutionary learning, Utility and decision-making",,,2024.0,2.0,Presencial,CIÊNCIA DA COMPUTAÇÃO
55369,MÓDULO,DIM0612,G,PROGRAMAÇÃO CONCORRENTE,DEPARTAMENTO DE INFORMÁTICA E MATEMÁTICA APLICADA,60,0,0,60,0,0,20,True,3.0,,( DIM0542 ) OU ( DIM0124 ) ,( IMD0042 E IMD0040 ) OU ( ( DIM0500 OU ( DIM0431 E DIM0432 E DIM0438 ) ) E DIM0108 ) ,,"Introdução aos Sistemas Concorrente: definições, caracterização, classificação e exemplos. Programação Concorrente: efinições, primitivas básicas, problemas clássicos. Caracterização de tempo em programação; Multi-programação via Processos; Comunicação via Memória Compartilhada; Sincronização via Semáforos; Multi- programação via Threads; Comunicação via troca de Mensagens (Sockets).",,"	Introduzir o paradigma de programação concorrente
	Ressaltar a importância da programação concorrente no desenvolvimento dos sistemas atuais
	Discutir os principais problemas relacionados à programação concorrente
	Conhecer os mecanismos de controle de concorrência
	Apresentar algumas bibliotecas e mecanismos oferecidos pelas linguagens de programação para o desenvolvimento de programas concorrentes
	Discutir questões relacionadas ao projeto, desempenho, teste e depuração de programas concorrentes

COMPETÊNCIAS E HABILIDADES 
	Compreender os principais conceitos relacionados à programação concorrente
	Identificar problemas no contexto do desenvolvimento de programas concorrentes e como trata-los
	Desenvolver programas concorrentes fazendo uso de bibliotecas e mecanismos providos por linguagens de programação
","	Revisão de conceitos relacionados a arquitetura de computadores e sistemas operacionais
	Conceituação sobre programação concorrente
	Problemas em programação concorrente
	Processos e threads
	Programação com threads
	Mecanismos de sincronização e controle de acesso
	Técnicas de sincronização: Aplicações em estruturas de dados
	Transações e memória transacional
	Introdução a álgebras de processos
	Programação concorrente em Go
	Mecanismos avançados de programação concorrente
	Projeto, desempenho, teste e depuração de programas concorrentes
",,,2021.0,1.0,Presencial,CIÊNCIA DA COMPUTAÇÃO
55328,MÓDULO,DIM0615.1,G,LABORATORIO DE PROJETO DE SISTEMAS OPERACIONAIS,DEPARTAMENTO DE INFORMÁTICA E MATEMÁTICA APLICADA,0,30,0,30,0,0,20,False,3.0,,( DIM0432 ) ,( DIM0431 ) ,,"Histórico e tendências. Funcionalidades, estrutura e arquitetura de sistemas operacionais. Modo 
kernel, modo  usuário,  chamadas  de  sistema. Aplicações  concorrentes  utilizando  os  recursos 
disponíveis  em  sistemas  operacionais  atuais.  Principais  problemas  de  sincronização  entre 
processos  concorrentes  e  métodos  para  o  seu  tratamento.  Algoritmos  de  escalonamento. 
Algoritmos  de  gerenciamento  de  memória.  Algoritmos  de  gerenciamento  do  sistema  de 
arquivos.  Timers, interrupções, APIs e interfaces (drivers)para dispositivos de entrada e saída. 
Particionamento entre hardware e software. Virtualização de sistema operacional. Estudos de 
caso.",,"Histórico e tendências. Funcionalidades, estrutura e arquitetura de sistemas operacionais. Modo
kernel, modo usuário, chamadas de sistema. Aplicações concorrentes utilizando os recursos
disponíveis em sistemas operacionais atuais. Principais problemas de sincronização entre
processos concorrentes e métodos para o seu tratamento. Algoritmos de escalonamento.
Algoritmos de gerenciamento de memória. Algoritmos de gerenciamento do sistema de
arquivos. Timers, interrupções, APIs e interfaces (drivers) para dispositivos de entrada e saída.
Particionamento entre hardware e software. Virtualização de sistema operacional. Estudos de
caso.","Histórico e tendências. Funcionalidades, estrutura e arquitetura de sistemas operacionais. Modo
kernel, modo usuário, chamadas de sistema. Aplicações concorrentes utilizando os recursos
disponíveis em sistemas operacionais atuais. Principais problemas de sincronização entre
processos concorrentes e métodos para o seu tratamento. Algoritmos de escalonamento.
Algoritmos de gerenciamento de memória. Algoritmos de gerenciamento do sistema de
arquivos. Timers, interrupções, APIs e interfaces (drivers) para dispositivos de entrada e saída.
Particionamento entre hardware e software. Virtualização de sistema operacional. Estudos de
caso.",,,2019.0,1.0,Presencial,
55327,MÓDULO,DIM0615.0,G,PROJETO DE SISTEMAS OPERACIONAIS,DEPARTAMENTO DE INFORMÁTICA E MATEMÁTICA APLICADA,60,0,0,60,0,0,20,False,3.0,,( DIM0432 ) ,( DIM0431 ) ,,"Histórico  e  tendências.  Funcionalidades.  Estrutura  e  arquitetura  de  sistemas  operacionais. 
Gerência de processos e  threads:controle e escalonamento. Impasses: detecção, modelagem e 
tratamento.  Memória:  alocação,  gerência  e  memória  virtual.  Entrada  e  saída:  princípios  de 
hardware  e  software,  dispositivos  periféricos.  Sistema  de  arquivos:  arquivos,  diretórios  e 
implementação. Proteção e segurança. Sistemas com múltiplos processadores. Virtualização de 
sistema operacional. Estudos de caso.",,"Histórico e tendências. Funcionalidades. Estrutura e arquitetura de sistemas operacionais. Gerência de processos e threads:controle e escalonamento. Impasses: detecção, modelagem e tratamento. Memória: alocação, gerência e memória virtual. Entrada e saída: princípios de hardware e software, dispositivos periféricos. Sistema de arquivos: arquivos, diretórios e implementação. Proteção e segurança. Sistemas com múltiplos processadores. Virtualização de sistema operacional. Estudos de caso.","Histórico e tendências. Funcionalidades. Estrutura e arquitetura de sistemas operacionais. Gerência de processos e threads:controle e escalonamento. Impasses: detecção, modelagem e tratamento. Memória: alocação, gerência e memória virtual. Entrada e saída: princípios de hardware e software, dispositivos periféricos. Sistema de arquivos: arquivos, diretórios e implementação. Proteção e segurança. Sistemas com múltiplos processadores. Virtualização de sistema operacional. Estudos de caso.",,,2019.0,1.0,Presencial,
55085,MÓDULO,IMD0524,G,EDUCAÇÃO A DISTÂNCIA,INSTITUTO METROPOLE DIGITAL,60,0,0,60,0,0,20,True,3.0,,( IMD0508 ) ,,,"Fundamentos de EaD: conceitos, características e desafios. Elaboração, implementação e acompanhamento de projetos. Desenho instrucional: estruturação de curso a distância, materiais didáticos e uso de diferentes mídias integradas.  Plataformas de EAD. Legislação,  Políticas e programas de EAD. Aspectos a serem avaliados na EAD.",,Identificar as peculiaridades da EAD em seus diversos aspectos e perceber suas relações com a educação presencial; Compreender a natureza plural das diversas formas de exercício da EAD; Dominar os aspectos básicos do planejamento em EAD a partir de suas potencialidades e limitações; Perceber a EAD a partir de sua prática historicamente construída e relacionada a referenciais pedagógicos e escopos tecnológicos.,"Conceitos e modelos de EAD; O papel dos atores na EAD; Relações entre EAD e Educação presencial; Material didático em EAD; O contexto da EAD (Atualidade tecnológica, social e educativa); História da EAD; A atualidade da EAD (legislação, políticas, programas); Avaliação em EAD; Educação Aberta; Ambientes Virtuais de Aprendizagem; Desenho instrucional e Projetos em EAD.",,,2024.0,2.0,Presencial,TECNOLOGIA DA INFORMAÇÃO
55084,MÓDULO,IMD0523,G,TECNOLOGIAS EDUCACIONAIS,INSTITUTO METROPOLE DIGITAL,60,0,0,60,0,0,20,True,3.0,,( IMD0507 ) ,,,"Visões e Conceitos de Tecnologia Educacional. A integração das Tecnologias Educacionais no processo de Aprendizagem: instrução assistida por computador, sistemas tutores inteligentes, mundos virtuais, simuladores, jogos educativos, sistemas de autoria, groupware, agentes pedagógicos. Análise de Hardware Educacional.",,a definir,a definir,,,2024.0,2.0,Presencial,TECNOLOGIA DA INFORMAÇÃO
57807,MÓDULO,IMD0101,G,TÓPICOS ESPECIAIS EM TECNOLOGIA DA INFORMAÇÃO II,INSTITUTO METROPOLE DIGITAL,60,0,0,60,0,0,20,False,3.0,,,,,"Variável, de acordo com o tópico escolhido.",,"variável, conforme tópico escolhido","variável, conforme tópico escolhido",,,2024.0,1.0,Presencial,TECNOLOGIA DA INFORMAÇÃO
55037,MÓDULO,IMD0323,G,METODOLOGIAS DE PROJETOS EM SISTEMAS EMBARCADOS,INSTITUTO METROPOLE DIGITAL,30,30,0,60,0,0,20,False,3.0,,,,,Introdução aos Sistemas Embarcados. Conceitos de projetos e gerenciamento de projetos. Especificação e Modelagem de Sistemas Embarcados. Metodologias de Projetos em Sistemas Embarcados. Implementação e acompanhamento do projeto. Ferramentas de projetos de sistemas embarcados. Particionamento entre Hardware e Software e camada de interfaceamento; Implementação e Validação de sistemas embarcados.,,a definir,a definir,a definir,,2014.0,1.0,Presencial,TECNOLOGIA DA INFORMAÇÃO
