;id_turma;codigo_turma;id_componente;codigo;nome;siape;ch_dedicada_periodo;ano;periodo;descricao_horario;situacao_turma;capacidade_aluno;total_solicitacoes
0;1208017;01;25247;DIM0320;ALGORITMO E PROGRAMACAO DE COMPUTADORES;1495704.0;60;2013;2;35M56;CONSOLIDADA;41.0;25.0
1;1208019;02;25247;DIM0320;ALGORITMO E PROGRAMACAO DE COMPUTADORES;1350250.0;60;2013;2;35T12;CONSOLIDADA;40.0;49.0
2;1208040;01;21781;DIM0440;INTELIGENCIA ARTIFICIAL;2524467.0;60;2013;2;24M34;CONSOLIDADA;40.0;23.0
3;1208051;01;25248;DIM0103;INTRODUCAO A INFORMATICA;3366375.0;60;2013;2;24T56;CONSOLIDADA;35.0;51.0
4;1208531;01;21752;DIM0335;APLIC.DE GRAFOS A EXPLOR.E DISTRIB.DO PETROLEO;1201268.0;60;2013;2;2M1234;CONSOLIDADA;1.0;4.0
5;1210338;01;52653;IMD0013;ELEMENTOS DE MATEMÁTICA PARA COMPUTAÇÃO;1988053.0;90;2013;2;246N12 (29/07/2013 - 14/12/2013);CONSOLIDADA;60.0;22.0
6;1210341;02;52653;IMD0013;ELEMENTOS DE MATEMÁTICA PARA COMPUTAÇÃO;1988053.0;90;2013;2;246N34 (29/07/2013 - 14/12/2013);CONSOLIDADA;60.0;35.0
7;1210347;01;52656;IMD0014;INTRODUÇÃO AO CÁLCULO;2042579.0;60;2013;2;35N12 (29/07/2013 - 14/12/2013);CONSOLIDADA;60.0;21.0
8;1210358;01;52652;IMD0012.1;PRÁTICAS DE TÉCNICAS DE PROGRAMAÇÃO;1974582.0;30;2013;2;4N12 (29/07/2013 - 14/12/2013);CONSOLIDADA;30.0;41.0
9;1210362;01;52651;IMD0012.0;INTRODUÇÃO ÀS TÉCNICAS DE PROGRAMAÇÃO;2451906.0;60;2013;2;35N12 (29/07/2013 - 14/12/2013);CONSOLIDADA;60.0;40.0
10;1210364;02;52652;IMD0012.1;PRÁTICAS DE TÉCNICAS DE PROGRAMAÇÃO;1974582.0;30;2013;2;2N12 (29/07/2013 - 14/12/2013);CONSOLIDADA;30.0;16.0
11;1210755;01;52784;IMD0026;PRÁTICAS DE LEITURA E ESCRITA EM PORTUGUÊS II;1973084.0;45;2013;2;2N34 7N2 (29/07/2013 - 14/12/2013);CONSOLIDADA;60.0;12.0
12;1210758;02;52784;IMD0026;PRÁTICAS DE LEITURA E ESCRITA EM PORTUGUÊS II;2916579.0;45;2013;2;2N12 7N1 (29/07/2013 - 14/12/2013);CONSOLIDADA;60.0;48.0
13;1210762;03;52784;IMD0026;PRÁTICAS DE LEITURA E ESCRITA EM PORTUGUÊS II;1971421.0;45;2013;2;2M34 7M2 (29/07/2013 - 14/12/2013);CONSOLIDADA;60.0;38.0
14;1210775;04;52784;IMD0026;PRÁTICAS DE LEITURA E ESCRITA EM PORTUGUÊS II;1971421.0;45;2013;2;2M12 7M1 (29/07/2013 - 14/12/2013);CONSOLIDADA;60.0;45.0
15;1210780;01;52537;IMD0011.0;CIRCUITOS LÓGICOS;2885532.0;60;2013;2;35N34 (29/07/2013 - 14/12/2013);CONSOLIDADA;60.0;41.0
16;1210785;02;52537;IMD0011.0;CIRCUITOS LÓGICOS;2885532.0;60;2013;2;35N12 (29/07/2013 - 14/12/2013);CONSOLIDADA;60.0;40.0
17;1210788;01A;52538;IMD0011.1;LABORATÓRIO DE CIRCUITOS LÓGICOS;1966965.0;30;2013;2;4N12 (29/07/2013 - 14/12/2013);CONSOLIDADA;30.0;35.0
18;1210795;02A;52538;IMD0011.1;LABORATÓRIO DE CIRCUITOS LÓGICOS;1966965.0;30;2013;2;4N34 (29/07/2013 - 14/12/2013);CONSOLIDADA;30.0;18.0
19;1210799;03A;52538;IMD0011.1;LABORATÓRIO DE CIRCUITOS LÓGICOS;2809342.0;30;2013;2;6N12 (29/07/2013 - 14/12/2013);CONSOLIDADA;30.0;39.0
20;1210802;04A;52538;IMD0011.1;LABORATÓRIO DE CIRCUITOS LÓGICOS;2809342.0;30;2013;2;6N34 (29/07/2013 - 14/12/2013);CONSOLIDADA;30.0;7.0
21;1210896;03;52537;IMD0011.0;CIRCUITOS LÓGICOS;6350797.0;60;2013;2;35M34 (29/07/2013 - 14/12/2013);CONSOLIDADA;63.0;111.0
22;1210904;05A;52538;IMD0011.1;LABORATÓRIO DE CIRCUITOS LÓGICOS;1966965.0;30;2013;2;4M34 (29/07/2013 - 14/12/2013);CONSOLIDADA;30.0;29.0
23;1210906;06A;52538;IMD0011.1;LABORATÓRIO DE CIRCUITOS LÓGICOS;2809342.0;30;2013;2;6M34 (29/07/2013 - 14/12/2013);CONSOLIDADA;30.0;65.0
24;1211539;01;52662;IMD0024;CÁLCULO DIFERENCIAL E INTEGRAL I;1967212.0;90;2013;2;246N34 (29/07/2013 - 14/12/2013);CONSOLIDADA;60.0;19.0
25;1211540;02;52662;IMD0024;CÁLCULO DIFERENCIAL E INTEGRAL I;1967212.0;90;2013;2;246M34 (29/07/2013 - 14/12/2013);CONSOLIDADA;61.0;40.0
26;1211541;01;52659;IMD0023;FUNDAMENTOS MATEMÁTICOS DA COMPUTAÇÃO;2645969.0;90;2013;2;7M56  35N34 (29/07/2013 - 14/12/2013);CONSOLIDADA;60.0;21.0
27;1211543;02;52659;IMD0023;FUNDAMENTOS MATEMÁTICOS DA COMPUTAÇÃO;1345816.0;90;2013;2;246M56 (29/07/2013 - 14/12/2013);CONSOLIDADA;90.0;55.0
28;1211544;01;52658;IMD0021;ORGANIZAÇÃO E ARQUITETURA DE COMPUTADORES;1989811.0;60;2013;2;35M34 (29/07/2013 - 14/12/2013);CONSOLIDADA;60.0;36.0
29;1211545;02;52658;IMD0021;ORGANIZAÇÃO E ARQUITETURA DE COMPUTADORES;1882699.0;60;2013;2;35M34 (29/07/2013 - 14/12/2013);CONSOLIDADA;60.0;13.0
30;1211547;02;52656;IMD0014;INTRODUÇÃO AO CÁLCULO;2042579.0;60;2013;2;35M12 (29/07/2013 - 14/12/2013);CONSOLIDADA;60.0;45.0
31;1211549;01;23499;DIM0040;CALCULO NUMERICO;347031.0;90;2013;2;246M56;CONSOLIDADA;30.0;4.0
32;1211550;02;23499;DIM0040;CALCULO NUMERICO;1171465.0;90;2013;2;246N34;CONSOLIDADA;50.0;8.0
33;1211551;02;52651;IMD0012.0;INTRODUÇÃO ÀS TÉCNICAS DE PROGRAMAÇÃO;2451906.0;60;2013;2;35M56 (29/07/2013 - 14/12/2013);CONSOLIDADA;60.0;71.0
34;1211552;03;23499;DIM0040;CALCULO NUMERICO;1929823.0;90;2013;2;246M56;CONSOLIDADA;30.0;34.0
35;1211553;01;26921;DIM0096;TOPICOS ESPECIAIS EM COMPUTACAO VII;2042860.0;60;2013;2;35T12;CONSOLIDADA;30.0;9.0
36;1211554;03;52652;IMD0012.1;PRÁTICAS DE TÉCNICAS DE PROGRAMAÇÃO;1974582.0;30;2013;2;2M56 (29/07/2013 - 14/12/2013);CONSOLIDADA;30.0;33.0
37;1211555;01;26924;DIM0099;TOPICOS ESPECIAIS EM COMPUTACAO X;1694485.0;60;2013;2;35T34;CONSOLIDADA;40.0;7.0
38;1211556;04;52652;IMD0012.1;PRÁTICAS DE TÉCNICAS DE PROGRAMAÇÃO;1974582.0;30;2013;2;4M56 (29/07/2013 - 14/12/2013);CONSOLIDADA;30.0;21.0
39;1211559;01;21747;DIM0104;SOFTWARES APLICATIVOS;3366375.0;60;2013;2;24T12;CONSOLIDADA;50.0;40.0
40;1211560;03;25247;DIM0320;ALGORITMO E PROGRAMACAO DE COMPUTADORES;346494.0;60;2013;2;35T56;EXCLUÍDA;30.0;
41;1211561;03;52653;IMD0013;ELEMENTOS DE MATEMÁTICA PARA COMPUTAÇÃO;1970923.0;90;2013;2;246M56 (29/07/2013 - 14/12/2013);CONSOLIDADA;60.0;41.0
42;1211562;04;52653;IMD0013;ELEMENTOS DE MATEMÁTICA PARA COMPUTAÇÃO;1970923.0;90;2013;2;246M12 (29/07/2013 - 14/12/2013);CONSOLIDADA;60.0;34.0
43;1211563;04;25247;DIM0320;ALGORITMO E PROGRAMACAO DE COMPUTADORES;2497950.0;45;2013;2;35M56;CONSOLIDADA;30.0;36.0
44;1211563;04;25247;DIM0320;ALGORITMO E PROGRAMACAO DE COMPUTADORES;2177445.0;15;2013;2;35M56;CONSOLIDADA;30.0;36.0
45;1211570;01;52778;IMD0022;ESTRUTURA DE DADOS BÁSICAS I;4351681.0;90;2013;2;35M12 46M2 (29/07/2013 - 14/12/2013);CONSOLIDADA;60.0;66.0
46;1211573;05;25247;DIM0320;ALGORITMO E PROGRAMACAO DE COMPUTADORES;346494.0;60;2013;2;35T56;CONSOLIDADA;40.0;52.0
47;1211575;06;25247;DIM0320;ALGORITMO E PROGRAMACAO DE COMPUTADORES;346494.0;60;2013;2;6M3456;CONSOLIDADA;40.0;13.0
48;1211578;02;52778;IMD0022;ESTRUTURA DE DADOS BÁSICAS I;1363515.0;90;2013;2;46M124 (29/07/2013 - 14/12/2013);CONSOLIDADA;60.0;18.0
49;1211581;01;21753;DIM0321;LINGUAGENS DE PROGRAMAÇÃO;1754430.0;60;2013;2;35M56;CONSOLIDADA;40.0;43.0
50;1211583;01;52785;IMD0025;LABORATÓRIO DE PROGRAMAÇÃO I;1978747.0;30;2013;2;3M56 (29/07/2013 - 14/12/2013);CONSOLIDADA;30.0;37.0
51;1211586;02;52785;IMD0025;LABORATÓRIO DE PROGRAMAÇÃO I;1978747.0;30;2013;2;5M56 (29/07/2013 - 14/12/2013);CONSOLIDADA;30.0;36.0
52;1211590;02;21753;DIM0321;LINGUAGENS DE PROGRAMAÇÃO;2054265.0;60;2013;2;35M12;CONSOLIDADA;40.0;11.0
53;1211595;03;21753;DIM0321;LINGUAGENS DE PROGRAMAÇÃO;3366375.0;60;2013;2;24N34;CONSOLIDADA;40.0;22.0
54;1211607;04;21753;DIM0321;LINGUAGENS DE PROGRAMAÇÃO;1525670.0;60;2013;2;46T34;CONSOLIDADA;30.0;24.0
55;1211612;05;21753;DIM0321;LINGUAGENS DE PROGRAMAÇÃO;1929823.0;60;2013;2;36T56;CONSOLIDADA;30.0;10.0
56;1211615;06;21753;DIM0321;LINGUAGENS DE PROGRAMAÇÃO;2054265.0;60;2013;2;24M12;CONSOLIDADA;40.0;15.0
57;1211624;01;21083;DIM0346;GERENCIAMENTO E SEGURANCA EM REDES DE COMPUTADORES;1525670.0;60;2013;2;24T12;CONSOLIDADA;34.0;38.0
58;1211630;01;23558;DIM0404;CALCULO NUMERICO PARA CIENCIA DA COMPUTACAO;347031.0;60;2013;2;35T34;CONSOLIDADA;40.0;23.0
59;1211636;01;25258;DIM0405;PROPOSTA DE MONOGRAFIA DE GRADUACAO;1495704.0;30;2013;2;6M56;CONSOLIDADA;50.0;11.0
60;1211639;01;21785;DIM0406;ALGORITMOS AVANÇADOS;1201268.0;60;2013;2;35M12;CONSOLIDADA;40.0;42.0
61;1211641;01;21700;DIM0416;APRENDIZADO DE MAQUINA;1350250.0;30;2013;2;35M56;CONSOLIDADA;40.0;12.0
62;1211641;01;21700;DIM0416;APRENDIZADO DE MAQUINA;4351681.0;30;2013;2;35M56;CONSOLIDADA;40.0;12.0
63;1211644;01;21775;DIM0430;LOGICA APLICADA A COMPUTACAO;1345816.0;30;2013;2;24M34;CONSOLIDADA;40.0;24.0
64;1211644;01;21775;DIM0430;LOGICA APLICADA A COMPUTACAO;1517271.0;30;2013;2;24M34;CONSOLIDADA;40.0;24.0
65;1211647;01;21789;DIM0432;SISTEMAS OPERACIONAIS;6350797.0;60;2013;2;35M56;CONSOLIDADA;40.0;18.0
66;1211649;01;21782;DIM0434;BANCO DE DADOS;2195240.0;60;2013;2;35M34;CONSOLIDADA;40.0;25.0
67;1211651;01;21787;DIM0436;ESPECIFICACAO E VERIFICACAO DE PROGRAMAS;1258224.0;60;2013;2;24M34;CONSOLIDADA;40.0;9.0
68;1211655;01;21759;DIM0439;TEORIA DA COMPUTACAO;2212166.0;60;2013;2;35T12;CONSOLIDADA;40.0;50.0
69;1211656;01;21794;DIM0441;SISTEMAS DISTRIBUIDOS;1699087.0;60;2013;2;24M56;CONSOLIDADA;40.0;24.0
70;1211658;01;21795;DIM0442;COMPILADORES;1495704.0;30;2013;2;35M34;CONSOLIDADA;40.0;32.0
71;1211658;01;21795;DIM0442;COMPILADORES;1221251.0;30;2013;2;35M34;CONSOLIDADA;40.0;32.0
72;1211660;01;2040707;DIM0448;QUALIDADE DE SOFTWARE;1149561.0;60;2013;2;35M34;CONSOLIDADA;35.0;32.0
73;1211662;01;2040702;DIM0492;TÓPICOS ESPECIAIS EM COMPUTAÇÃO XIII;2497950.0;45;2013;2;35M34;CONSOLIDADA;40.0;4.0
74;1211662;01;2040702;DIM0492;TÓPICOS ESPECIAIS EM COMPUTAÇÃO XIII;2177445.0;15;2013;2;35M34;CONSOLIDADA;40.0;4.0
75;1211663;01;2054905;DIM0505;LÓGICA APLICADA A ENGENHARIA DE SOFTWARE;1639701.0;60;2013;2;24T34;CONSOLIDADA;40.0;6.0
76;1211669;01;2054911;DIM0507;TESTE DE SOFTWARE I;1258224.0;60;2013;2;24T56;CONSOLIDADA;35.0;39.0
77;1211672;01;2054912;DIM0508;PROJETO DE INTERFACES DE USUÁRIO;1356585.0;60;2013;2;35T12;CONSOLIDADA;35.0;50.0
78;1211676;01;2054917;DIM0514;ARQUITETURA DE SOFTWARE;1671962.0;60;2013;2;24T34;CONSOLIDADA;30.0;16.0
79;1211677;01;2054918;DIM0515;MANUTENÇÃO DE SOFTWARE;1961108.0;60;2013;2;35T12;CONSOLIDADA;30.0;14.0
80;1211679;01;2054927;DIM0524;DESENVOLVIMENTO DE SISTEMAS PARA DISPOSITIVOS MÓVEIS;1802737.0;60;2013;2;24T12;CONSOLIDADA;40.0;13.0
81;1211682;01;2054931;DIM0532;TÓPICOS ESPECIAIS EM ENGENHARIA DE SOFTWARE II;1356585.0;60;2013;2;35T34;CONSOLIDADA;40.0;8.0
82;1211686;01;2054932;DIM0533;TÓPICOS ESPECIAIS EM ENGENHARIA DE SOFTWARE III;1961108.0;60;2013;2;24T56;CONSOLIDADA;40.0;25.0
83;1211690;01;2054910;DIM0506;PROJETO DETALHADO DE SOFTWARE;1644456.0;15;2013;2;35T34;CONSOLIDADA;35.0;18.0
84;1211690;01;2054910;DIM0506;PROJETO DETALHADO DE SOFTWARE;1961108.0;45;2013;2;35T34;CONSOLIDADA;35.0;18.0
85;1212203;01;42164;DIM0542.0;PROGRAMAÇÃO CONCORRENTE;350518.0;60;2013;2;46T12;CONSOLIDADA;40.0;40.0
86;1212204;01;42165;DIM0542.1;PRATICA DE PROGRAMAÇÃO CONCORRENTE;350518.0;30;2013;2;6T34;CONSOLIDADA;20.0;31.0
87;1212998;07;25247;DIM0320;ALGORITMO E PROGRAMACAO DE COMPUTADORES;2054265.0;60;2013;2;35M34;CONSOLIDADA;32.0;33.0
88;1214480;01;2022901;DIM0111.0;ALGORITMOS E ESTRUTURAS DE DADOS II;1929823.0;60;2013;2;24M34;CONSOLIDADA;20.0;28.0
89;1214481;01;2022902;DIM0111.1;PRÁTICA DE ALGORITMOS E ESTRUTURAS DE DADOS II;1929823.0;30;2013;2;3T34;CONSOLIDADA;20.0;28.0
90;1214482;01;2054923;DIM0520;MODELAGEM DE PROCESSOS DE NEGÓCIO;1754430.0;60;2013;2;35T34;CONSOLIDADA;30.0;8.0
91;1215514;03;52785;IMD0025;LABORATÓRIO DE PROGRAMAÇÃO I;1363515.0;30;2013;2;6M34 (29/07/2013 - 14/12/2013);CONSOLIDADA;30.0;11.0
92;1215788;02;42165;DIM0542.1;PRATICA DE PROGRAMAÇÃO CONCORRENTE;350518.0;30;2013;2;6T56;CONSOLIDADA;20.0;9.0
93;57662703;01;55026;IMD0039;ESTRUTURAS DE DADOS BÁSICAS II;2170415.0;60;2020;5;7M34  23456N12 (15/06/2020 - 29/07/2020);CONSOLIDADA;50.0;16.0
94;57662706;01;69696;IMD0718;FORENSE COMPUTACIONAL;1231792.0;60;2020;5;23456T56  6N12 (15/06/2020 - 29/07/2020);CONSOLIDADA;28.0;37.0
95;57662708;01;55024;IMD0030;LINGUAGEM DE PROGRAMAÇÃO I;3139010.0;60;2020;5;234567M34 (15/06/2020 - 29/07/2020);CONSOLIDADA;65.0;124.0
96;57662708;01;55024;IMD0030;LINGUAGEM DE PROGRAMAÇÃO I;3104412.0;60;2020;5;234567M34 (15/06/2020 - 29/07/2020);CONSOLIDADA;65.0;124.0
97;57662709;01;66441;IMD1001;MATEMÁTICA ELEMENTAR;4857233.0;60;2020;5;234567T34 (15/06/2020 - 29/07/2020);CONSOLIDADA;78.0;207.0
98;57662709;01;66441;IMD1001;MATEMÁTICA ELEMENTAR;2989758.0;60;2020;5;234567T34 (15/06/2020 - 29/07/2020);CONSOLIDADA;78.0;207.0
99;57662711;01;66440;IMD1004;PENSAMENTO COMPUTACIONAL;1363515.0;60;2020;5;7M34  23456N12 (15/06/2020 - 29/07/2020);CONSOLIDADA;30.0;142.0
100;57662711;01;66440;IMD1004;PENSAMENTO COMPUTACIONAL;2244846.0;60;2020;5;7M34  23456N12 (15/06/2020 - 29/07/2020);CONSOLIDADA;30.0;142.0
101;57662714;01;52664;IMD0033;PROBABILIDADE;1362181.0;60;2020;5;7T12  23456N34 (15/06/2020 - 29/07/2020);CONSOLIDADA;80.0;123.0
102;57662714;01;52664;IMD0033;PROBABILIDADE;3063244.0;60;2020;5;7T12  23456N34 (15/06/2020 - 29/07/2020);CONSOLIDADA;80.0;123.0
103;57663037;01;52662;IMD0024;CÁLCULO DIFERENCIAL E INTEGRAL I;3508272.0;90;2020;5;2345M56  23456N12 (15/06/2020 - 29/07/2020);CONSOLIDADA;67.0;95.0
104;57663042;01;55022;IMD0028;FUNDAMENTOS MATEMÁTICOS DA COMPUTAÇÃO I;3508272.0;90;2020;5;7M1256  7T1256  23456N34 (15/06/2020 - 29/07/2020);CONSOLIDADA;69.0;186.0
105;57663117;01;55020;IMD0018;PRÁTICAS DE LEITURA EM INGLÊS;2507723.0;30;2020;5;245M12 (15/06/2020 - 29/07/2020);CONSOLIDADA;100.0;125.0
106;57663161;01;55082;IMD0020;TECNOLOGIA DA INFORMAÇÃO E SOCIEDADE;2164809.0;30;2020;5;6M123456 (15/06/2020 - 29/07/2020);CONSOLIDADA;40.0;161.0
107;57663586;01;57807;IMD0101;TÓPICOS ESPECIAIS EM TECNOLOGIA DA INFORMAÇÃO II;2278403.0;60;2020;5;234567T34 (15/06/2020 - 29/07/2020);CONSOLIDADA;22.0;38.0
108;57663642;01;21747;DIM0104;SOFTWARES APLICATIVOS;1290598.0;60;2020;5;234567T56;CONSOLIDADA;30.0;7.0
109;57663642;01;21747;DIM0104;SOFTWARES APLICATIVOS;3967165.0;60;2020;5;234567T56;CONSOLIDADA;30.0;7.0
110;57663650;01;21759;DIM0439;TEORIA DA COMPUTACAO;1221251.0;60;2020;5;2345M234;CONSOLIDADA;35.0;46.0
111;57663653;01;21705;DIM0411;PROCESSAMENTO DE IMAGENS;1172485.0;60;2020;5;234567M56;CONSOLIDADA;20.0;33.0
112;57663658;01;66373;DIM0124;PROGRAMAÇÃO CONCORRENTE;2316877.0;60;2020;5;234567T23 (15/06/2020 - 29/07/2020);CONSOLIDADA;26.0;53.0
113;57663659;01;26904;DIM0024;SEMINARIO DE COMPUTACAO;6350797.0;30;2020;5;6T123456;CONSOLIDADA;120.0;177.0
114;57663662;01;2054928;DIM0529;DESENVOLVIMENTO EM TIMES;1149561.0;60;2020;5;35M123456;CONSOLIDADA;20.0;83.0
115;57663684;01;52866;DIM0549;GRAFOS;1201268.0;60;2020;5;2345M123 (15/06/2020 - 29/07/2020);EXCLUÍDA;32.0;0.0
116;57663689;01;2054904;DIM0501;BOAS PRÁTICAS DE PROGRAMAÇÃO;2510306.0;30;2020;5;35N123;CONSOLIDADA;18.0;65.0
117;57663737;02;52866;DIM0549;GRAFOS;1201268.0;60;2020;5;24M123456 (15/06/2020 - 29/07/2020);CONSOLIDADA;32.0;80.0
118;1228362;01;55031;IMD0019;RESOLUÇÃO DE PROBLEMAS MATEMÁTICOS PARA TI;2068857.0;150;2014;2;236M1234 (21/07/2014 - 06/12/2014);CONSOLIDADA;60.0;18.0
119;1228362;01;55031;IMD0019;RESOLUÇÃO DE PROBLEMAS MATEMÁTICOS PARA TI;2451906.0;30;2014;2;236M1234 (21/07/2014 - 06/12/2014);CONSOLIDADA;60.0;18.0
120;1228363;02;55031;IMD0019;RESOLUÇÃO DE PROBLEMAS MATEMÁTICOS PARA TI;2978747.0;30;2014;2;236N1234 (21/07/2014 - 06/12/2014);CONSOLIDADA;60.0;19.0
121;1228363;02;55031;IMD0019;RESOLUÇÃO DE PROBLEMAS MATEMÁTICOS PARA TI;1049192.0;150;2014;2;236N1234 (21/07/2014 - 06/12/2014);CONSOLIDADA;60.0;19.0
122;1228364;01;52665;IMD0034;VETORES E GEOMETRIA ANALÍTICA;2066673.0;60;2014;2;35M12 (21/07/2014 - 06/12/2014);CONSOLIDADA;60.0;67.0
123;1228365;02;52665;IMD0034;VETORES E GEOMETRIA ANALÍTICA;2066673.0;60;2014;2;35M34 (21/07/2014 - 06/12/2014);CONSOLIDADA;60.0;38.0
124;1228366;03;52665;IMD0034;VETORES E GEOMETRIA ANALÍTICA;1693180.0;60;2014;2;35N12 (21/07/2014 - 06/12/2014);CONSOLIDADA;60.0;57.0
125;1228367;04;52665;IMD0034;VETORES E GEOMETRIA ANALÍTICA;1693180.0;60;2014;2;35N34 (21/07/2014 - 06/12/2014);CONSOLIDADA;60.0;8.0
126;1228369;01;52662;IMD0024;CÁLCULO DIFERENCIAL E INTEGRAL I;2989758.0;90;2014;2;246M34 (21/07/2014 - 06/12/2014);CONSOLIDADA;60.0;75.0
127;1228372;02;52662;IMD0024;CÁLCULO DIFERENCIAL E INTEGRAL I;2042579.0;90;2014;2;246T23 35T234 (06/10/2014 - 05/12/2014);CONSOLIDADA;60.0;16.0
128;1228375;01;52656;IMD0014;INTRODUÇÃO AO CÁLCULO;3569443.0;30;2014;2;24N34 (21/07/2014 - 06/12/2014);EXCLUÍDA;60.0;
129;1228375;01;52656;IMD0014;INTRODUÇÃO AO CÁLCULO;2042579.0;30;2014;2;24N34 (21/07/2014 - 06/12/2014);EXCLUÍDA;60.0;
130;1228382;03;52662;IMD0024;CÁLCULO DIFERENCIAL E INTEGRAL I;1693180.0;90;2014;2;246N12 (21/07/2014 - 06/12/2014);CONSOLIDADA;60.0;16.0
131;1228386;01;52664;IMD0033;PROBABILIDADE;1350250.0;60;2014;2;24M12 (21/07/2014 - 06/12/2014);CONSOLIDADA;60.0;17.0
132;1228387;01;55020;IMD0018;PRÁTICAS DE LEITURA EM INGLÊS;2066697.0;30;2014;2;5M56 (21/07/2014 - 06/12/2014);CONSOLIDADA;60.0;17.0
133;1228392;01;56269;IMD0044;PRÁTICAS DE LEITURA E ESCRITA EM INGLÊS;2066697.0;60;2014;2;35T34 (21/07/2014 - 06/12/2014);CONSOLIDADA;30.0;10.0
134;1228394;02;56269;IMD0044;PRÁTICAS DE LEITURA E ESCRITA EM INGLÊS;1066675.0;60;2014;2;35T56 (21/07/2014 - 06/12/2014);CONSOLIDADA;30.0;11.0
135;1228397;02;55020;IMD0018;PRÁTICAS DE LEITURA EM INGLÊS;1066675.0;30;2014;2;5N12 (21/07/2014 - 06/12/2014);CONSOLIDADA;60.0;24.0
136;1228399;01;55082;IMD0020;TECNOLOGIA DA INFORMAÇÃO E SOCIEDADE;2164809.0;19;2014;2;5N34 (21/07/2014 - 06/12/2014);CONSOLIDADA;60.0;16.0
137;1228399;01;55082;IMD0020;TECNOLOGIA DA INFORMAÇÃO E SOCIEDADE;2451906.0;11;2014;2;5N34 (21/07/2014 - 06/12/2014);CONSOLIDADA;60.0;16.0
138;1228401;01;52694;IMD0506;SISTEMAS COLABORATIVOS DE APOIO À APRENDIZAGEM;2451906.0;60;2014;2;24T12 (21/07/2014 - 06/12/2014);CONSOLIDADA;40.0;10.0
139;1228402;01;55055;IMD0517;FUNDAMENTOS PEDAGÓGICOS PARA A INFORMÁTICA EDUCACIONAL I;2164809.0;27;2014;2;24T34 (21/07/2014 - 06/12/2014);CONSOLIDADA;40.0;9.0
140;1228402;01;55055;IMD0517;FUNDAMENTOS PEDAGÓGICOS PARA A INFORMÁTICA EDUCACIONAL I;2451906.0;33;2014;2;24T34 (21/07/2014 - 06/12/2014);CONSOLIDADA;40.0;9.0
141;1228403;01;55021;IMD0027;PRÁTICAS DE LEITURA E ESCRITA EM PORTUGUÊS II;2916579.0;30;2014;2;5M34 (21/07/2014 - 06/12/2014);CONSOLIDADA;60.0;57.0
142;1228404;02;55021;IMD0027;PRÁTICAS DE LEITURA E ESCRITA EM PORTUGUÊS II;2916579.0;30;2014;2;5M56 (21/07/2014 - 06/12/2014);CONSOLIDADA;60.0;61.0
143;1228405;03;55021;IMD0027;PRÁTICAS DE LEITURA E ESCRITA EM PORTUGUÊS II;2916579.0;30;2014;2;5N12 (21/07/2014 - 06/12/2014);CONSOLIDADA;60.0;32.0
144;1228406;04;55021;IMD0027;PRÁTICAS DE LEITURA E ESCRITA EM PORTUGUÊS II;2916579.0;30;2014;2;5N34 (21/07/2014 - 06/12/2014);CONSOLIDADA;60.0;46.0
145;1228408;01;55022;IMD0028;FUNDAMENTOS MATEMÁTICOS DA COMPUTAÇÃO I;2645969.0;90;2014;2;246M34 (21/07/2014 - 06/12/2014);CONSOLIDADA;60.0;68.0
146;1228409;02;55022;IMD0028;FUNDAMENTOS MATEMÁTICOS DA COMPUTAÇÃO I;1495851.0;90;2014;2;246M56 (21/07/2014 - 06/12/2014);CONSOLIDADA;60.0;81.0
147;1228410;03;55022;IMD0028;FUNDAMENTOS MATEMÁTICOS DA COMPUTAÇÃO I;1988053.0;90;2014;2;246N12 (21/07/2014 - 06/12/2014);CONSOLIDADA;60.0;85.0
148;1228411;01;55025;IMD0038;FUNDAMENTOS MATEMÁTICOS DA COMPUTAÇÃO II;1345816.0;90;2014;2;246M34 (21/07/2014 - 06/12/2014);CONSOLIDADA;60.0;33.0
149;1228412;02;55025;IMD0038;FUNDAMENTOS MATEMÁTICOS DA COMPUTAÇÃO II;1495851.0;90;2014;2;246N12 (21/07/2014 - 06/12/2014);CONSOLIDADA;60.0;42.0
150;1228413;01;52651;IMD0012.0;INTRODUÇÃO ÀS TÉCNICAS DE PROGRAMAÇÃO;1363515.0;60;2014;2;24M12 (21/07/2014 - 06/12/2014);CONSOLIDADA;60.0;73.0
151;1228414;02;52651;IMD0012.0;INTRODUÇÃO ÀS TÉCNICAS DE PROGRAMAÇÃO;2220777.0;60;2014;2;24M12 (21/07/2014 - 06/12/2014);CONSOLIDADA;60.0;42.0
152;1228415;01;52652;IMD0012.1;PRÁTICAS DE TÉCNICAS DE PROGRAMAÇÃO;1363515.0;30;2014;2;3M12 (21/07/2014 - 06/12/2014);CONSOLIDADA;30.0;33.0
153;1228416;02;52652;IMD0012.1;PRÁTICAS DE TÉCNICAS DE PROGRAMAÇÃO;2524467.0;30;2014;2;3M12 (21/07/2014 - 06/12/2014);CONSOLIDADA;30.0;20.0
154;1228417;03;52652;IMD0012.1;PRÁTICAS DE TÉCNICAS DE PROGRAMAÇÃO;2524467.0;30;2014;2;3M34 (21/07/2014 - 06/12/2014);CONSOLIDADA;30.0;27.0
155;1228418;04;52652;IMD0012.1;PRÁTICAS DE TÉCNICAS DE PROGRAMAÇÃO;1363515.0;30;2014;2;3M34 (21/07/2014 - 06/12/2014);CONSOLIDADA;30.0;29.0
156;1228419;03;52651;IMD0012.0;INTRODUÇÃO ÀS TÉCNICAS DE PROGRAMAÇÃO;2143852.0;60;2014;2;24N34 (21/07/2014 - 06/12/2014);CONSOLIDADA;60.0;62.0
157;1228420;04;52651;IMD0012.0;INTRODUÇÃO ÀS TÉCNICAS DE PROGRAMAÇÃO;2140727.0;60;2014;2;24N34 (21/07/2014 - 06/12/2014);CONSOLIDADA;60.0;28.0
158;1228421;05;52652;IMD0012.1;PRÁTICAS DE TÉCNICAS DE PROGRAMAÇÃO;1969071.0;30;2014;2;6N34 (21/07/2014 - 06/12/2014);CONSOLIDADA;30.0;24.0
159;1228422;06;52652;IMD0012.1;PRÁTICAS DE TÉCNICAS DE PROGRAMAÇÃO;2140727.0;30;2014;2;6N34 (21/07/2014 - 06/12/2014);CONSOLIDADA;30.0;15.0
160;1228423;07;52652;IMD0012.1;PRÁTICAS DE TÉCNICAS DE PROGRAMAÇÃO;2140727.0;30;2014;2;3N34 (21/07/2014 - 06/12/2014);CONSOLIDADA;30.0;44.0
161;1228424;08;52652;IMD0012.1;PRÁTICAS DE TÉCNICAS DE PROGRAMAÇÃO;1969071.0;30;2014;2;3N34 (21/07/2014 - 06/12/2014);CONSOLIDADA;30.0;13.0
162;1228425;01;55028;IMD0043;REDES DE COMPUTADORES;2467763.0;60;2014;2;35M12 (21/07/2014 - 06/12/2014);EXCLUÍDA;60.0;
163;1228426;02;55028;IMD0043;REDES DE COMPUTADORES;2467763.0;60;2014;2;35N12 (21/07/2014 - 06/12/2014);EXCLUÍDA;60.0;
164;1228427;01;55030;IMD0042;INTRODUÇÃO A SISTEMAS OPERACIONAIS;2885532.0;60;2014;2;35M56 (21/07/2014 - 06/12/2014);CONSOLIDADA;60.0;13.0
165;1228428;02;55030;IMD0042;INTRODUÇÃO A SISTEMAS OPERACIONAIS;2885532.0;60;2014;2;35N34 (21/07/2014 - 06/12/2014);CONSOLIDADA;60.0;12.0
166;1228429;01;55029;IMD0041;INTRODUÇÃO A ORGANIZAÇÃO E ARQUITETURA DE COMPUTADORES;1882699.0;60;2014;2;35M56 (21/07/2014 - 06/12/2014);CONSOLIDADA;60.0;27.0
167;1228430;02;55029;IMD0041;INTRODUÇÃO A ORGANIZAÇÃO E ARQUITETURA DE COMPUTADORES;1721835.0;60;2014;2;35N34 (21/07/2014 - 06/12/2014);CONSOLIDADA;60.0;44.0
168;1228431;01;55023;IMD0029;ESTRUTURA DE DADOS BÁSICAS I;2497950.0;60;2014;2;35M34 (21/07/2014 - 06/12/2014);CONSOLIDADA;60.0;53.0
169;1228432;02;55023;IMD0029;ESTRUTURA DE DADOS BÁSICAS I;4351681.0;60;2014;2;24N34 (21/07/2014 - 06/12/2014);CONSOLIDADA;60.0;40.0
170;1228433;01;55024;IMD0030;LINGUAGEM DE PROGRAMAÇÃO I;1542998.0;60;2014;2;46M56 (21/07/2014 - 06/12/2014);CONSOLIDADA;30.0;40.0
171;1228434;02;55024;IMD0030;LINGUAGEM DE PROGRAMAÇÃO I;2978747.0;60;2014;2;46M56 (21/07/2014 - 06/12/2014);CONSOLIDADA;30.0;34.0
172;1228435;03;55024;IMD0030;LINGUAGEM DE PROGRAMAÇÃO I;1969071.0;60;2014;2;24N12 (21/07/2014 - 06/12/2014);CONSOLIDADA;30.0;23.0
173;1228436;04;55024;IMD0030;LINGUAGEM DE PROGRAMAÇÃO I;2140866.0;60;2014;2;24N12 (21/07/2014 - 06/12/2014);CONSOLIDADA;30.0;12.0
174;1228437;01;55026;IMD0039;ESTRUTURAS DE DADOS BÁSICAS II;2859606.0;60;2014;2;35M34 (21/07/2014 - 06/12/2014);CONSOLIDADA;60.0;43.0
175;1228438;02;55026;IMD0039;ESTRUTURAS DE DADOS BÁSICAS II;1988053.0;60;2014;2;24N34 (21/07/2014 - 06/12/2014);CONSOLIDADA;60.0;20.0
176;1228439;01;55027;IMD0040;LINGUAGEM DE PROGRAMAÇÃO II;1542998.0;60;2014;2;35M56 (21/07/2014 - 06/12/2014);CONSOLIDADA;30.0;10.0
177;1228440;02;55027;IMD0040;LINGUAGEM DE PROGRAMAÇÃO II;4351681.0;60;2014;2;35M56 (21/07/2014 - 06/12/2014);CONSOLIDADA;30.0;16.0
178;1228441;03;55027;IMD0040;LINGUAGEM DE PROGRAMAÇÃO II;2510306.0;60;2014;2;35N12 (21/07/2014 - 06/12/2014);CONSOLIDADA;30.0;23.0
179;1228443;01;52684;IMD0408;PROCESSOS DE SOFTWARE;2510306.0;60;2014;2;35T56 (21/07/2014 - 06/12/2014);CONSOLIDADA;50.0;43.0
180;1229142;03;55028;IMD0043;REDES DE COMPUTADORES;2467763.0;60;2014;2;24M12 (21/07/2014 - 06/12/2014);CONSOLIDADA;60.0;12.0
181;1229145;04;55028;IMD0043;REDES DE COMPUTADORES;2467763.0;60;2014;2;24N12 (21/07/2014 - 06/12/2014);CONSOLIDADA;60.0;11.0
182;1231055;01;25248;DIM0103;INTRODUCAO A INFORMATICA;2101863.0;60;2014;2;24T34;CONSOLIDADA;40.0;18.0
183;1231056;01;25247;DIM0320;ALGORITMO E PROGRAMACAO DE COMPUTADORES;1495704.0;60;2014;2;35M56;CONSOLIDADA;40.0;31.0
184;1231057;02;25247;DIM0320;ALGORITMO E PROGRAMACAO DE COMPUTADORES;1495704.0;60;2014;2;35T12;CONSOLIDADA;20.0;36.0
185;1231058;03;25247;DIM0320;ALGORITMO E PROGRAMACAO DE COMPUTADORES;2042860.0;60;2014;2;35T56;CONSOLIDADA;10.0;18.0
186;1233650;01;2054930;DIM0531;TÓPICOS ESPECIAIS EM ENGENHARIA DE SOFTWARE I;1671962.0;30;2014;2;24T56;CONSOLIDADA;30.0;12.0
187;1233650;01;2054930;DIM0531;TÓPICOS ESPECIAIS EM ENGENHARIA DE SOFTWARE I;1709820.0;30;2014;2;24T56;CONSOLIDADA;30.0;12.0
188;1233652;01;2054927;DIM0524;DESENVOLVIMENTO DE SISTEMAS PARA DISPOSITIVOS MÓVEIS;1802737.0;60;2014;2;35T12;CONSOLIDADA;40.0;16.0
189;1233655;01;2054916;DIM0519;QUALIDADE DE SOFTWARE;1754430.0;60;2014;2;35T34;CONSOLIDADA;40.0;15.0
190;1233658;01;2054918;DIM0515;MANUTENÇÃO DE SOFTWARE;1961108.0;30;2014;2;24T56;CONSOLIDADA;40.0;17.0
191;1233658;01;2054918;DIM0515;MANUTENÇÃO DE SOFTWARE;1644456.0;30;2014;2;24T56;CONSOLIDADA;40.0;17.0
192;1233659;01;2054917;DIM0514;ARQUITETURA DE SOFTWARE;1149392.0;60;2014;2;24T12;CONSOLIDADA;40.0;23.0
193;1233661;01;2054912;DIM0508;PROJETO DE INTERFACES DE USUÁRIO;1149392.0;60;2014;2;35T12;CONSOLIDADA;40.0;53.0
194;1233668;01;2054911;DIM0507;TESTE DE SOFTWARE I;1671962.0;30;2014;2;35T34;CONSOLIDADA;40.0;27.0
195;1233668;01;2054911;DIM0507;TESTE DE SOFTWARE I;1709820.0;30;2014;2;35T34;CONSOLIDADA;40.0;27.0
196;1233740;01;2054910;DIM0506;PROJETO DETALHADO DE SOFTWARE;1644456.0;30;2014;2;24T12;CONSOLIDADA;35.0;9.0
197;1233740;01;2054910;DIM0506;PROJETO DETALHADO DE SOFTWARE;1961108.0;30;2014;2;24T12;CONSOLIDADA;35.0;9.0
198;1233743;01;2054905;DIM0505;LÓGICA APLICADA A ENGENHARIA DE SOFTWARE;1639701.0;60;2014;2;24T34;CONSOLIDADA;40.0;10.0
199;1233753;01;2054904;DIM0501;BOAS PRÁTICAS DE PROGRAMAÇÃO;1542998.0;30;2014;2;6T34;CONSOLIDADA;30.0;22.0
200;1233776;01;2040702;DIM0492;TÓPICOS ESPECIAIS EM COMPUTAÇÃO XIII;2177445.0;60;2014;2;24M56;INTERROMPIDA;10.0;2.0
201;1233783;01;2040701;DIM0491;TÓPICOS ESPECIAIS EM COMPUTAÇÃO XII;1221251.0;60;2014;2;35M56;CONSOLIDADA;20.0;5.0
202;1233796;01;2040700;DIM0490;TÓPICOS ESPECIAIS EM COMPUTAÇÃO XI;1172485.0;60;2014;2;24T34;CONSOLIDADA;20.0;10.0
203;1233816;01;21795;DIM0442;COMPILADORES;1221251.0;60;2014;2;35M34;CONSOLIDADA;40.0;23.0
204;1233822;01;21794;DIM0441;SISTEMAS DISTRIBUIDOS;1699087.0;60;2014;2;24M34;CONSOLIDADA;40.0;17.0
205;1233829;01;21759;DIM0439;TEORIA DA COMPUTACAO;2212166.0;60;2014;2;35T12;CONSOLIDADA;40.0;33.0
206;1233832;01;21787;DIM0436;ESPECIFICACAO E VERIFICACAO DE PROGRAMAS;2042860.0;60;2014;2;35M56;CONSOLIDADA;40.0;14.0
207;1233838;01;21785;DIM0406;ALGORITMOS AVANÇADOS;2859606.0;60;2014;2;35M12;CONSOLIDADA;40.0;40.0
208;1233841;01;25258;DIM0405;PROPOSTA DE MONOGRAFIA DE GRADUACAO;2524467.0;30;2014;2;2M56;CONSOLIDADA;40.0;15.0
209;1233846;01;21083;DIM0346;GERENCIAMENTO E SEGURANCA EM REDES DE COMPUTADORES;1525670.0;60;2014;2;24T12;CONSOLIDADA;40.0;27.0
210;1233852;01;21753;DIM0321;LINGUAGENS DE PROGRAMAÇÃO;2177445.0;60;2014;2;46T12;CONSOLIDADA;30.0;2.0
211;1233856;02;21753;DIM0321;LINGUAGENS DE PROGRAMAÇÃO;2101863.0;60;2014;2;35N34;CONSOLIDADA;40.0;21.0
212;1233858;03;21753;DIM0321;LINGUAGENS DE PROGRAMAÇÃO;350518.0;60;2014;2;35M12;CONSOLIDADA;40.0;9.0
213;1233863;04;21753;DIM0321;LINGUAGENS DE PROGRAMAÇÃO;350518.0;60;2014;2;24T12;CONSOLIDADA;40.0;18.0
214;1233865;05;21753;DIM0321;LINGUAGENS DE PROGRAMAÇÃO;2101863.0;60;2014;2;24M12;CONSOLIDADA;40.0;20.0
215;1233868;06;21753;DIM0321;LINGUAGENS DE PROGRAMAÇÃO;350518.0;60;2014;2;35M56;CONSOLIDADA;50.0;37.0
216;1233872;04;25247;DIM0320;ALGORITMO E PROGRAMACAO DE COMPUTADORES;2195240.0;60;2014;2;35M34;CONSOLIDADA;30.0;34.0
217;1233879;05;25247;DIM0320;ALGORITMO E PROGRAMACAO DE COMPUTADORES;2042860.0;60;2014;2;35M12;CONSOLIDADA;50.0;27.0
218;1233884;06;25247;DIM0320;ALGORITMO E PROGRAMACAO DE COMPUTADORES;2096045.0;60;2014;2;35N34;CONSOLIDADA;30.0;37.0
219;1233977;01;2022855;DIM0109.1;LABORATÓRIO DE CIRCUITOS LÓGICOS;6350797.0;30;2014;2;5T34;CONSOLIDADA;30.0;17.0
220;1233980;01;2022854;DIM0109.0;CIRCUITOS LÓGICOS;1882699.0;60;2014;2;24T56;CONSOLIDADA;30.0;17.0
221;1233982;01;21747;DIM0104;SOFTWARES APLICATIVOS;2096045.0;60;2014;2;24T12;CONSOLIDADA;40.0;30.0
222;1233985;02;25248;DIM0103;INTRODUCAO A INFORMATICA;2096045.0;60;2014;2;35N12;CONSOLIDADA;30.0;36.0
223;1233989;03;25248;DIM0103;INTRODUCAO A INFORMATICA;2096045.0;60;2014;2;24T34;CONSOLIDADA;40.0;15.0
224;1234031;01;23499;DIM0040;CALCULO NUMERICO;1172485.0;90;2014;2;246N34;CONSOLIDADA;35.0;18.0
225;1234049;02;23499;DIM0040;CALCULO NUMERICO;347031.0;90;2014;2;246M56;CONSOLIDADA;40.0;13.0
226;1234149;01;2054931;DIM0532;TÓPICOS ESPECIAIS EM ENGENHARIA DE SOFTWARE II;1356585.0;60;2014;2;24T34;CONSOLIDADA;30.0;4.0
227;1234150;01;2054932;DIM0533;TÓPICOS ESPECIAIS EM ENGENHARIA DE SOFTWARE III;1961108.0;60;2014;2;24T34;CONSOLIDADA;30.0;24.0
228;1234151;01;55328;DIM0615.1;LABORATORIO DE PROJETO DE SISTEMAS OPERACIONAIS;1675779.0;30;2014;2;6M34 (21/07/2014 - 06/12/2014);CONSOLIDADA;30.0;26.0
229;1234152;01;55327;DIM0615.0;PROJETO DE SISTEMAS OPERACIONAIS;6350797.0;60;2014;2;24M34 (21/07/2014 - 06/12/2014);CONSOLIDADA;30.0;26.0
230;1234217;01;55369;DIM0612;PROGRAMAÇÃO CONCORRENTE;1525670.0;60;2014;2;24T56 (21/07/2014 - 06/12/2014);CONSOLIDADA;25.0;
231;1234218;01;52972;DIM0601;FUNDAMENTOS MATEMÁTICOS DA COMPUTAÇÃO III;1517271.0;90;2014;2;246M56 (21/07/2014 - 06/12/2014);CONSOLIDADA;30.0;14.0
232;1234219;01;52866;DIM0549;GRAFOS;347031.0;60;2014;2;35M34 (21/07/2014 - 06/12/2014);CONSOLIDADA;30.0;20.0
233;1234220;01;2054951;DIM0535;TÓPICOS ESPECIAIS EM ENGENHARIA DE SOFTWARE V;1213777.0;60;2014;2;35M56;CONSOLIDADA;40.0;10.0
234;1234221;01;2054950;DIM0534;TÓPICOS ESPECIAIS EM ENGENHARIA DE SOFTWARE IV;2195240.0;60;2014;2;35T56;CONSOLIDADA;30.0;21.0
235;1234222;01;2054929;DIM0530;DESENVOLVIMENTO DE JOGOS;2497950.0;30;2014;2;6M1234;CONSOLIDADA;40.0;35.0
236;1234222;01;2054929;DIM0530;DESENVOLVIMENTO DE JOGOS;1363515.0;30;2014;2;6M1234;CONSOLIDADA;40.0;35.0
237;1234518;01;21764;DIM0410;TREINAMENTO PARA COMPETICOES DE PROGRAMACAO;1845280.0;15;2014;2;6T5634;CONSOLIDADA;30.0;23.0
238;1234518;01;21764;DIM0410;TREINAMENTO PARA COMPETICOES DE PROGRAMACAO;1988053.0;30;2014;2;6T5634;CONSOLIDADA;30.0;23.0
239;1234518;01;21764;DIM0410;TREINAMENTO PARA COMPETICOES DE PROGRAMACAO;2220777.0;15;2014;2;6T5634;CONSOLIDADA;30.0;23.0
240;1236793;03;52656;IMD0014;INTRODUÇÃO AO CÁLCULO;1693180.0;30;2014;2;24N34 (21/07/2014 - 06/12/2014);CONSOLIDADA;60.0;32.0
241;1236793;03;52656;IMD0014;INTRODUÇÃO AO CÁLCULO;2042579.0;30;2014;2;24N34 (21/07/2014 - 06/12/2014);CONSOLIDADA;60.0;32.0
242;1236796;01;55019;IMD0017;PRÁTICAS DE LEITURA E ESCRITA EM PORTUGUÊS I;2148186.0;30;2014;2;5N12 (21/07/2014 - 06/12/2014);CONSOLIDADA;60.0;9.0
243;1236810;02;55036;IMD0319;TEORIA DE CIRCUITOS ELÉTRICOS;2140683.0;60;2014;2;35M12 (21/07/2014 - 06/12/2014);CONSOLIDADA;30.0;8.0
244;1236895;01;56874;DIM0113;INTRODUÇÃO AOS MÉTODOS NUMÉRICOS;;60;2014;2;6M2345;CONSOLIDADA;10.0;6.0
245;1236923;02;55037;IMD0323;METODOLOGIAS DE PROJETOS EM SISTEMAS EMBARCADOS;2140683.0;60;2014;2;35M34 (21/07/2014 - 06/12/2014);CONSOLIDADA;30.0;3.0
246;57725680;01;55020;IMD0018;PRÁTICAS DE LEITURA EM INGLÊS;1066675.0;30;2023;2;5T56 (14/08/2023 - 23/12/2023);CONSOLIDADA;60.0;23.0
247;57725681;02;55020;IMD0018;PRÁTICAS DE LEITURA EM INGLÊS;1066675.0;30;2023;2;5N12 (14/08/2023 - 23/12/2023);CONSOLIDADA;60.0;96.0
248;57725682;03;55020;IMD0018;PRÁTICAS DE LEITURA EM INGLÊS;1066675.0;30;2023;2;5N34 (14/08/2023 - 23/12/2023);CONSOLIDADA;60.0;20.0
249;57725683;01;55082;IMD0020;TECNOLOGIA DA INFORMAÇÃO E SOCIEDADE;2164809.0;30;2023;2;6M12 (14/08/2023 - 23/12/2023);CONSOLIDADA;60.0;14.0
250;57725684;02;55082;IMD0020;TECNOLOGIA DA INFORMAÇÃO E SOCIEDADE;2164809.0;30;2023;2;6N12 (14/08/2023 - 23/12/2023);CONSOLIDADA;60.0;15.0
251;57725685;01;55021;IMD0027;PRÁTICAS DE LEITURA E ESCRITA EM PORTUGUÊS II;2981295.0;30;2023;2;3M34 (14/08/2023 - 23/12/2023);CONSOLIDADA;60.0;67.0
252;57725686;02;55021;IMD0027;PRÁTICAS DE LEITURA E ESCRITA EM PORTUGUÊS II;2981295.0;30;2023;2;3M56 (14/08/2023 - 23/12/2023);CONSOLIDADA;60.0;109.0
253;57725687;03;55021;IMD0027;PRÁTICAS DE LEITURA E ESCRITA EM PORTUGUÊS II;2916579.0;30;2023;2;3T34 (14/08/2023 - 23/12/2023);CONSOLIDADA;60.0;55.0
254;57725688;04;55021;IMD0027;PRÁTICAS DE LEITURA E ESCRITA EM PORTUGUÊS II;2916579.0;30;2023;2;3N12 (14/08/2023 - 23/12/2023);CONSOLIDADA;60.0;128.0
255;57725689;05;55021;IMD0027;PRÁTICAS DE LEITURA E ESCRITA EM PORTUGUÊS II;2916579.0;30;2023;2;3N34 (14/08/2023 - 23/12/2023);CONSOLIDADA;60.0;25.0
256;57726251;01;55022;IMD0028;FUNDAMENTOS MATEMÁTICOS DA COMPUTAÇÃO I;2278403.0;90;2023;2;246M56 (14/08/2023 - 23/12/2023);CONSOLIDADA;65.0;74.0
257;57726257;02;55022;IMD0028;FUNDAMENTOS MATEMÁTICOS DA COMPUTAÇÃO I;1495851.0;90;2023;2;246N12 (14/08/2023 - 23/12/2023);CONSOLIDADA;66.0;105.0
258;57726261;03;55022;IMD0028;FUNDAMENTOS MATEMÁTICOS DA COMPUTAÇÃO I;3331260.0;90;2023;2;246N34 (14/08/2023 - 23/12/2023);EXCLUÍDA;60.0;0.0
259;57726284;01;55023;IMD0029;ESTRUTURA DE DADOS BÁSICAS I;2274774.0;60;2023;2;35N12 (14/08/2023 - 23/12/2023);CONSOLIDADA;40.0;54.0
260;57726289;01;55024;IMD0030;LINGUAGEM DE PROGRAMAÇÃO I;3331970.0;50;2023;2;35N34 (14/08/2023 - 23/12/2023);CONSOLIDADA;44.0;102.0
261;57726300;01;52664;IMD0033;PROBABILIDADE;1350250.0;60;2023;2;35M34 (14/08/2023 - 23/12/2023);CONSOLIDADA;60.0;30.0
262;57726304;02;52664;IMD0033;PROBABILIDADE;3063244.0;60;2023;2;24N34 (14/08/2023 - 23/12/2023);CONSOLIDADA;60.0;31.0
263;57726310;01;52665;IMD0034;VETORES E GEOMETRIA ANALÍTICA;2042579.0;60;2023;2;35M34 (14/08/2023 - 23/12/2023);CONSOLIDADA;60.0;30.0
264;57726314;02;52665;IMD0034;VETORES E GEOMETRIA ANALÍTICA;3338879.0;60;2023;2;35N34 (14/08/2023 - 23/12/2023);CONSOLIDADA;60.0;60.0
265;57726325;01;52666;IMD0036;SISTEMAS OPERACIONAIS;3325263.0;60;2023;2;24M56 (14/08/2023 - 23/12/2023);CONSOLIDADA;44.0;92.0
266;57726328;02;52666;IMD0036;SISTEMAS OPERACIONAIS;1424103.0;60;2023;2;24T56 (14/08/2023 - 23/12/2023);CONSOLIDADA;46.0;70.0
267;57726331;03;52666;IMD0036;SISTEMAS OPERACIONAIS;2140727.0;60;2023;2;24N12 (14/08/2023 - 23/12/2023);CONSOLIDADA;44.0;71.0
268;57726335;04;52666;IMD0036;SISTEMAS OPERACIONAIS;2140727.0;60;2023;2;24N34 (14/08/2023 - 23/12/2023);CONSOLIDADA;41.0;63.0
269;57726358;01;55025;IMD0038;FUNDAMENTOS MATEMÁTICOS DA COMPUTAÇÃO II;3884005.0;60;2023;2;246T12 (14/08/2023 - 23/12/2023);CONSOLIDADA;70.0;136.0
270;57726358;01;55025;IMD0038;FUNDAMENTOS MATEMÁTICOS DA COMPUTAÇÃO II;1517271.0;30;2023;2;246T12 (14/08/2023 - 23/12/2023);CONSOLIDADA;70.0;136.0
271;57726385;01;55026;IMD0039;ESTRUTURAS DE DADOS BÁSICAS II;2170415.0;60;2023;2;35N12 (14/08/2023 - 23/12/2023);CONSOLIDADA;41.0;137.0
272;57726394;01;55027;IMD0040;LINGUAGEM DE PROGRAMAÇÃO II;4351681.0;60;2023;2;35M56 (14/08/2023 - 23/12/2023);CONSOLIDADA;40.0;53.0
273;57726395;02;55027;IMD0040;LINGUAGEM DE PROGRAMAÇÃO II;2510306.0;60;2023;2;35T34 (14/08/2023 - 23/12/2023);CONSOLIDADA;40.0;90.0
274;57726396;03;55027;IMD0040;LINGUAGEM DE PROGRAMAÇÃO II;1775264.0;60;2023;2;35N34 (14/08/2023 - 23/12/2023);CONSOLIDADA;42.0;91.0
275;57726398;01;55028;IMD0043;REDES DE COMPUTADORES;3139050.0;60;2023;2;24N34 (14/08/2023 - 23/12/2023);CONSOLIDADA;56.0;95.0
276;57726446;01;66437;IMD0121;ARQUITETURA DE COMPUTADORES;1882699.0;60;2023;2;35M56 (14/08/2023 - 23/12/2023);CONSOLIDADA;57.0;75.0
277;57726447;01;52790;IMD0401;BANCO DE DADOS;4351681.0;60;2023;2;35M34 (14/08/2023 - 23/12/2023);CONSOLIDADA;40.0;18.0
278;57726448;01;70970;IMD0112;PRÁTICAS DE LEITURA E ESCRITA EM PORTUGUÊS III;2981295.0;60;2023;2;24N12 (14/08/2023 - 23/12/2023);CONSOLIDADA;60.0;22.0
279;57726449;01;66440;IMD1004;PENSAMENTO COMPUTACIONAL;3229319.0;60;2023;2;24T34 (14/08/2023 - 23/12/2023);CONSOLIDADA;45.0;54.0
280;57726450;02;66440;IMD1004;PENSAMENTO COMPUTACIONAL;2245086.0;60;2023;2;24N34 (14/08/2023 - 23/12/2023);CONSOLIDADA;45.0;64.0
281;57726451;01;66444;IMD1012;INTRODUÇÃO ÀS TÉCNICAS DE PROGRAMAÇÃO;1885001.0;90;2023;2;246M34 (14/08/2023 - 23/12/2023);CONSOLIDADA;46.0;77.0
282;57726453;02;66444;IMD1012;INTRODUÇÃO ÀS TÉCNICAS DE PROGRAMAÇÃO;1669545.0;90;2023;2;246M12 (14/08/2023 - 23/12/2023);CONSOLIDADA;43.0;69.0
283;57726456;03;66444;IMD1012;INTRODUÇÃO ÀS TÉCNICAS DE PROGRAMAÇÃO;2149456.0;90;2023;2;246T56 (14/08/2023 - 23/12/2023);CONSOLIDADA;46.0;48.0
284;57726458;04;66444;IMD1012;INTRODUÇÃO ÀS TÉCNICAS DE PROGRAMAÇÃO;2978747.0;90;2023;2;246T56 (14/08/2023 - 23/12/2023);CONSOLIDADA;45.0;52.0
285;57726460;05;66444;IMD1012;INTRODUÇÃO ÀS TÉCNICAS DE PROGRAMAÇÃO;2278573.0;90;2023;2;246N34 (14/08/2023 - 23/12/2023);CONSOLIDADA;48.0;83.0
286;57726462;06;66444;IMD1012;INTRODUÇÃO ÀS TÉCNICAS DE PROGRAMAÇÃO;1969071.0;90;2023;2;246N34 (14/08/2023 - 23/12/2023);CONSOLIDADA;45.0;52.0
287;57726463;01;66441;IMD1001;MATEMÁTICA ELEMENTAR;4857233.0;60;2023;2;35T34 (14/08/2023 - 23/12/2023);CONSOLIDADA;68.0;152.0
288;57726464;02;66441;IMD1001;MATEMÁTICA ELEMENTAR;4857233.0;60;2023;2;35N34 (14/08/2023 - 23/12/2023);CONSOLIDADA;65.0;117.0
289;57726467;01;66436;IMD1002;ANÁLISE COMBINATÓRIA;2989758.0;30;2023;2;2T56 (14/08/2023 - 23/12/2023);CONSOLIDADA;61.0;61.0
290;57726468;02;66436;IMD1002;ANÁLISE COMBINATÓRIA;2989758.0;30;2023;2;2N12 (14/08/2023 - 23/12/2023);CONSOLIDADA;68.0;77.0
291;57726487;01;69587;IMD0902;INTRODUÇÃO A INTERNET DAS COISAS;3325263.0;50;2023;2;35M34 (14/08/2023 - 23/12/2023);CONSOLIDADA;25.0;103.0
292;57726487;01;69587;IMD0902;INTRODUÇÃO A INTERNET DAS COISAS;1241170.0;10;2023;2;35M34 (14/08/2023 - 23/12/2023);CONSOLIDADA;25.0;103.0
293;57726489;01;69586;IMD0904;PLATAFORMAS DE HARDWARE PARA INTERNET DAS COISAS;3325263.0;60;2023;2;35M56 (14/08/2023 - 23/12/2023);CONSOLIDADA;31.0;62.0
294;57726490;01;69595;IMD0293;TÓPICOS ESPECIAIS EM INTERNET DAS COISAS D;2143852.0;60;2023;2;35M56 (14/08/2023 - 23/12/2023);CONSOLIDADA;31.0;29.0
295;57726491;01;69618;IMD1107;PROCESSAMENTO DE LINGUAGEM NATURAL;2353000.0;60;2023;2;5N1234 (14/08/2023 - 23/12/2023);CONSOLIDADA;35.0;45.0
296;57726492;01;69612;IMD1101;APRENDIZADO DE MÁQUINA;1669545.0;60;2023;2;3N1234 (14/08/2023 - 23/12/2023);CONSOLIDADA;39.0;66.0
297;57726493;01;76136;IMD1317;MARKETING DIGITAL;1885001.0;60;2023;2;24M56 (14/08/2023 - 23/12/2023);CONSOLIDADA;49.0;55.0
298;57726494;01;72724;IMD1305;GESTÃO E INOVAÇÃO E ATRAÇÃO DE CAPITAL;3255024.0;30;2023;2;3N34 (14/08/2023 - 23/12/2023);CONSOLIDADA;60.0;31.0
299;57726495;01;72723;IMD1307;LANÇAMENTO DE STARTUPS I;3255024.0;60;2023;2;24T56 (14/08/2023 - 23/12/2023);CONSOLIDADA;50.0;32.0
300;57726496;01;72725;IMD1308;LANÇAMENTO DE STARTUPS II;3255024.0;60;2023;2;35M56 (14/08/2023 - 23/12/2023);CONSOLIDADA;50.0;6.0
301;57726497;01;52687;IMD0416;SEGURANÇA DA INFORMAÇÃO;1874895.0;60;2023;2;24N12 (14/08/2023 - 23/12/2023);CONSOLIDADA;35.0;46.0
302;57727080;01;52662;IMD0024;CÁLCULO DIFERENCIAL E INTEGRAL I;4857233.0;90;2023;2;246T34 (14/08/2023 - 23/12/2023);CONSOLIDADA;60.0;45.0
303;57727093;04;55022;IMD0028;FUNDAMENTOS MATEMÁTICOS DA COMPUTAÇÃO I;1495851.0;90;2023;2;246T34 (14/08/2023 - 23/12/2023);CONSOLIDADA;69.0;68.0
304;57727095;03;52665;IMD0034;VETORES E GEOMETRIA ANALÍTICA;2042579.0;60;2023;2;35T12 (14/08/2023 - 23/12/2023);CONSOLIDADA;60.0;24.0
305;57727098;02;55023;IMD0029;ESTRUTURA DE DADOS BÁSICAS I;2276280.0;60;2023;2;35T12 (14/08/2023 - 23/12/2023);CONSOLIDADA;65.0;68.0
306;57727099;02;55024;IMD0030;LINGUAGEM DE PROGRAMAÇÃO I;3083298.0;60;2023;2;35T34 (14/08/2023 - 23/12/2023);CONSOLIDADA;41.0;123.0
307;57727110;02;66437;IMD0121;ARQUITETURA DE COMPUTADORES;3139050.0;60;2023;2;24N12 (14/08/2023 - 23/12/2023);CONSOLIDADA;59.0;77.0
308;57727113;01;72713;IMD1114;APRENDIZADO PROFUNDO;3884005.0;60;2023;2;24T34 (14/08/2023 - 23/12/2023);CONSOLIDADA;40.0;7.0
309;57727115;02;69612;IMD1101;APRENDIZADO DE MÁQUINA;4351681.0;30;2023;2;35T34 (14/08/2023 - 23/12/2023);CONSOLIDADA;38.0;35.0
310;57727115;02;69612;IMD1101;APRENDIZADO DE MÁQUINA;1350250.0;30;2023;2;35T34 (14/08/2023 - 23/12/2023);CONSOLIDADA;38.0;35.0
311;57727119;01;69589;IMD0911;APLICAÇÕES EM INTERNET DAS COISAS;2149456.0;60;2023;2;35T56 (14/08/2023 - 23/12/2023);CONSOLIDADA;43.0;111.0
312;57727121;01;76141;IMD0913;BLOCKCHAIN E APLICAÇÕES DESCENTRALIZADAS;1054235.0;60;2023;2;35T56 (14/08/2023 - 23/12/2023);CONSOLIDADA;40.0;33.0
313;57727222;02;52662;IMD0024;CÁLCULO DIFERENCIAL E INTEGRAL I;3338879.0;90;2023;2;246N34 (14/08/2023 - 23/12/2023);CONSOLIDADA;60.0;53.0
314;57727227;03;52662;IMD0024;CÁLCULO DIFERENCIAL E INTEGRAL I;2042579.0;90;2023;2;246M34 (14/08/2023 - 23/12/2023);CONSOLIDADA;66.0;75.0
315;57727262;01;52699;IMD0512;AVALIAÇÃO DA INTERAÇÃO HUMANO-COMPUTADOR;1976579.0;60;2023;2;24N12 (14/08/2023 - 23/12/2023);CONSOLIDADA;40.0;61.0
316;57727263;01;72275;IMD0527;INTRODUÇÃO À INTERAÇÃO HUMANO-COMPUTADOR;1976579.0;60;2023;2;24T56 (14/08/2023 - 23/12/2023);CONSOLIDADA;44.0;95.0
317;57727267;03;55023;IMD0029;ESTRUTURA DE DADOS BÁSICAS I;2859562.0;30;2023;2;35M12 (14/08/2023 - 23/12/2023);CONSOLIDADA;40.0;27.0
318;57727267;03;55023;IMD0029;ESTRUTURA DE DADOS BÁSICAS I;1362181.0;30;2023;2;35M12 (14/08/2023 - 23/12/2023);CONSOLIDADA;40.0;27.0
319;57727272;01;69610;IMD0284;TÓPICOS ESPECIAIS EM PRODUÇÃO DE JOGOS DIGITAIS E;2978747.0;15;2023;2;6M56 (14/08/2023 - 23/12/2023);CONSOLIDADA;65.0;72.0
320;57727272;01;69610;IMD0284;TÓPICOS ESPECIAIS EM PRODUÇÃO DE JOGOS DIGITAIS E;2140866.0;15;2023;2;6M56 (14/08/2023 - 23/12/2023);CONSOLIDADA;65.0;72.0
321;57727275;01;65102;IMD0801;MECÂNICAS E BALANCEAMENTO DE JOGOS;1013173.0;60;2023;2;24N12 (14/08/2023 - 23/12/2023);CONSOLIDADA;45.0;95.0
322;57727277;01;68478;IMD0803;JOGOS SÉRIOS E SIMULAÇÕES;2140866.0;60;2023;2;35T56 (14/08/2023 - 23/12/2023);CONSOLIDADA;46.0;63.0
323;57727279;01;68510;IMD0821;TÉCNICAS AVANÇADAS PARA MOTORES DE JOGOS DIGITAIS;1969071.0;60;2023;2;35M34 (14/08/2023 - 23/12/2023);CONSOLIDADA;40.0;16.0
324;57727285;01;52691;IMD0503;LEVANTAMENTO E MODELAGEM DE REQUISITOS;2245086.0;60;2023;2;24N12 (14/08/2023 - 23/12/2023);CONSOLIDADA;41.0;75.0
325;57727287;01;52788;IMD0412;INTRODUÇÃO AO TESTE DE SOFTWARE;2274774.0;60;2023;2;35N34 (14/08/2023 - 23/12/2023);CONSOLIDADA;40.0;91.0
326;57727305;01;52692;IMD0504;RELAÇÕES ENTRE COMUNICAÇÃO, MÍDIA E EDUCAÇÃO;2164809.0;60;2023;2;6T3456 (14/08/2023 - 23/12/2023);CONSOLIDADA;68.0;68.0
327;57727307;01;55085;IMD0524;EDUCAÇÃO A DISTÂNCIA;2164809.0;60;2023;2;6M3456 (14/08/2023 - 23/12/2023);CONSOLIDADA;35.0;41.0
328;57727443;01;55084;IMD0523;TECNOLOGIAS EDUCACIONAIS;2451906.0;60;2023;2;35T56 (14/08/2023 - 23/12/2023);CONSOLIDADA;47.0;124.0
329;57727446;01;68482;IMD0531;PRÁTICAS EDUCACIONAIS INOVADORAS COM TECNOLOGIAS DIGITAIS;2451906.0;60;2023;2;35N12 (14/08/2023 - 23/12/2023);CONSOLIDADA;71.0;164.0
330;57727495;01;69593;IMD0291;TÓPICOS ESPECIAIS EM INTERNET DAS COISAS B;2467763.0;60;2023;2;35N12 (14/08/2023 - 23/12/2023);CONSOLIDADA;30.0;59.0
331;57727512;01;52791;IMD0409;DESENVOLVIMENTO DE SISTEMAS WEB II;3331970.0;60;2023;2;24N12 (14/08/2023 - 23/12/2023);CONSOLIDADA;40.0;35.0
332;57727577;01;76135;IMD1320;PROCESSO CRIATIVO;2885481.0;60;2023;2;35T56 (14/08/2023 - 23/12/2023);CONSOLIDADA;37.0;77.0
333;57727758;01;68479;IMD0530;SOFTWARE LIVRE, EDUCAÇÃO E CULTURA;3229319.0;60;2023;2;24T56 (14/08/2023 - 23/12/2023);CONSOLIDADA;32.0;90.0
334;57727759;02;55028;IMD0043;REDES DE COMPUTADORES;2467763.0;60;2023;2;35N34 (14/08/2023 - 23/12/2023);CONSOLIDADA;59.0;82.0
335;57727760;01;61109;IMD0260;TÓPICOS ESPECIAIS EM BIOINFORMÁTICA A;2170415.0;60;2023;2;35T56 (14/08/2023 - 23/12/2023);CONSOLIDADA;30.0;30.0
336;57727761;01;66482;IMD0605;SEMINÁRIOS EM BIOINFORMÁTICA;3063244.0;15;2023;2;4M56 (14/08/2023 - 23/12/2023);CONSOLIDADA;66.0;64.0
337;57727761;01;66482;IMD0605;SEMINÁRIOS EM BIOINFORMÁTICA;3083298.0;15;2023;2;4M56 (14/08/2023 - 23/12/2023);CONSOLIDADA;66.0;64.0
338;57727762;01;69601;IMD0607;MODELAGEM E SIMULAÇÃO COMPUTACIONAL;2276280.0;60;2023;2;35M34 (14/08/2023 - 23/12/2023);CONSOLIDADA;34.0;50.0
339;57727763;01;76144;IMD0611;APRENDIZADO DE MÁQUINA EM BIOINFORMÁTICA;3063244.0;60;2023;2;2M3456 (14/08/2023 - 23/12/2023);CONSOLIDADA;30.0;12.0
340;57727764;02;52790;IMD0401;BANCO DE DADOS;2060541.0;60;2023;2;24N34 (14/08/2023 - 23/12/2023);CONSOLIDADA;43.0;50.0
341;57727765;01;52794;IMD0509;DESENVOLVIMENTO PARA DISPOSITIVOS MÓVEIS;3331970.0;60;2023;2;24N34 (14/08/2023 - 23/12/2023);CONSOLIDADA;46.0;85.0
342;57727780;01;64729;DIM0115;FUNDAMENTOS MATEMÁTICOS DA COMPUTAÇÃO I;3331260.0;90;2023;2;246N34 (14/08/2023 - 23/12/2023);CONSOLIDADA;60.0;63.0
343;57727781;02;64729;DIM0115;FUNDAMENTOS MATEMÁTICOS DA COMPUTAÇÃO I;3362695.0;90;2023;2;246M12 (14/08/2023 - 23/12/2023);CONSOLIDADA;60.0;5.0
344;57727782;01;52789;IMD0404;DESENVOLVIMENTO DE SISTEMAS WEB I;2278573.0;60;2023;2;24N12 (14/08/2023 - 23/12/2023);CONSOLIDADA;41.0;149.0
345;57727783;01;64732;DIM0117;ESTRUTURAS DE DADOS BÁSICAS II;1151874.0;60;2023;2;35M34 (14/08/2023 - 23/12/2023);CONSOLIDADA;40.0;60.0
346;57727784;02;64732;DIM0117;ESTRUTURAS DE DADOS BÁSICAS II;1151874.0;60;2023;2;35T12 (14/08/2023 - 23/12/2023);CONSOLIDADA;40.0;63.0
347;57727785;01;64786;DIM0119;ESTRUTURA DE DADOS BÁSICAS I;2497950.0;60;2023;2;24M12 (14/08/2023 - 23/12/2023);CONSOLIDADA;30.0;28.0
348;57727786;01;64788;DIM0121;FUNDAMENTOS MATEMÁTICOS DA COMPUTAÇÃO II;3331260.0;90;2023;2;246N12 (14/08/2023 - 23/12/2023);CONSOLIDADA;68.0;83.0
349;57727787;02;64788;DIM0121;FUNDAMENTOS MATEMÁTICOS DA COMPUTAÇÃO II;3362695.0;90;2023;2;246M34 (14/08/2023 - 23/12/2023);CONSOLIDADA;60.0;39.0
350;57727788;01;66373;DIM0124;PROGRAMAÇÃO CONCORRENTE;1802737.0;60;2023;2;24T12 (14/08/2023 - 23/12/2023);CONSOLIDADA;40.0;47.0
351;57727789;01;2054904;DIM0501;BOAS PRÁTICAS DE PROGRAMAÇÃO;1802737.0;30;2023;2;2T34;CONSOLIDADA;55.0;64.0
352;57727790;02;2054904;DIM0501;BOAS PRÁTICAS DE PROGRAMAÇÃO;1802737.0;30;2023;2;4T34;CONSOLIDADA;55.0;60.0
353;57727791;01;2054906;DIM0504;ANÁLISE E PROJETO ORIENTADO A OBJETOS;1356585.0;60;2023;2;35T34;CONSOLIDADA;40.0;41.0
354;57727792;01;2054905;DIM0505;LÓGICA APLICADA A ENGENHARIA DE SOFTWARE;1639701.0;60;2023;2;24T34;CONSOLIDADA;40.0;35.0
355;57727793;01;2054912;DIM0508;PROJETO DE INTERFACES DE USUÁRIO;1149392.0;60;2023;2;35T12;CONSOLIDADA;40.0;84.0
356;57727794;01;2054914;DIM0511;ENGENHARIA DE REQUISITOS;1754430.0;60;2023;2;35T34;CONSOLIDADA;40.0;30.0
357;57727795;01;2054915;DIM0512;TESTE DE SOFTWARE II;1709820.0;60;2023;2;24T12;CONSOLIDADA;40.0;35.0
358;57727796;01;2054917;DIM0514;ARQUITETURA DE SOFTWARE;1213777.0;30;2023;2;24M56;CONSOLIDADA;30.0;19.0
359;57727796;01;2054917;DIM0514;ARQUITETURA DE SOFTWARE;1149392.0;30;2023;2;24M56;CONSOLIDADA;30.0;19.0
360;57727797;01;2054919;DIM0516;MÉTODOS FORMAIS DE ENGENHARIA DE SOFTWARE;1639701.0;60;2023;2;24T56;CONSOLIDADA;30.0;5.0
361;57727798;01;2054927;DIM0524;DESENVOLVIMENTO DE SISTEMAS PARA DISPOSITIVOS MÓVEIS;3374361.0;60;2023;2;24T34;CONSOLIDADA;40.0;59.0
362;57727799;01;2054951;DIM0535;TÓPICOS ESPECIAIS EM ENGENHARIA DE SOFTWARE V;1671962.0;60;2023;2;35T34;CONSOLIDADA;61.0;60.0
363;57727800;01;52867;DIM0546;DESENVOLVIMENTO DE SISTEMAS WEB I;3263275.0;60;2023;2;35T12 (14/08/2023 - 23/12/2023);CONSOLIDADA;40.0;74.0
364;57727801;01;52870;DIM0547;DESENVOLVIMENTO DE SISTEMAS WEB II;2180207.0;60;2023;2;35T12 (14/08/2023 - 23/12/2023);CONSOLIDADA;30.0;32.0
365;57727802;01;52813;DIM0548;ENGENHARIA DE LINGUAGENS;1495704.0;60;2023;2;35T34 (14/08/2023 - 23/12/2023);CONSOLIDADA;30.0;16.0
366;57727803;01;2054920;DIM0590;PROPOSTA DE TRABALHO DE CONCLUSÃO DE CURSO;1213777.0;30;2023;2;3M56;CONSOLIDADA;25.0;14.0
367;57727804;01;68133;DIM0126;INTELIGÊNCIA ARTIFICIAL PARA JOGOS I;1363515.0;30;2023;2;24M56;CONSOLIDADA;40.0;27.0
368;57727804;01;68133;DIM0126;INTELIGÊNCIA ARTIFICIAL PARA JOGOS I;2978747.0;30;2023;2;24M56;CONSOLIDADA;40.0;27.0
369;57727805;01;69637;DIM0133;INTRODUÇÃO ÀS TÉCNICAS DE PROGRAMAÇÃO;1961108.0;60;2023;2;246T56 (14/08/2023 - 23/12/2023);CONSOLIDADA;60.0;35.0
370;57727805;01;69637;DIM0133;INTRODUÇÃO ÀS TÉCNICAS DE PROGRAMAÇÃO;2929823.0;30;2023;2;246T56 (14/08/2023 - 23/12/2023);CONSOLIDADA;60.0;35.0
371;57727806;02;69637;DIM0133;INTRODUÇÃO ÀS TÉCNICAS DE PROGRAMAÇÃO;2929823.0;30;2023;2;246N12 (14/08/2023 - 23/12/2023);CONSOLIDADA;60.0;31.0
372;57727806;02;69637;DIM0133;INTRODUÇÃO ÀS TÉCNICAS DE PROGRAMAÇÃO;1961108.0;60;2023;2;246N12 (14/08/2023 - 23/12/2023);CONSOLIDADA;60.0;31.0
373;57727807;01;21784;DIM0414;SEMANTICA DE LINGUAGENS DE PROGRAMACAO;2278403.0;60;2023;2;24T12;EXCLUÍDA;30.0;0.0
374;57727945;01;25247;DIM0320;ALGORITMO E PROGRAMACAO DE COMPUTADORES;3282102.0;60;2023;2;35T12;CONSOLIDADA;53.0;37.0
375;57727946;02;25247;DIM0320;ALGORITMO E PROGRAMACAO DE COMPUTADORES;2177445.0;60;2023;2;35M56;CONSOLIDADA;59.0;38.0
376;57727947;03;25247;DIM0320;ALGORITMO E PROGRAMACAO DE COMPUTADORES;1495704.0;60;2023;2;35T56;CONSOLIDADA;43.0;33.0
377;57727948;04;25247;DIM0320;ALGORITMO E PROGRAMACAO DE COMPUTADORES;1151874.0;60;2023;2;35M12;CONSOLIDADA;40.0;35.0
378;57727949;01;21753;DIM0321;LINGUAGENS DE PROGRAMAÇÃO;3282102.0;60;2023;2;35M56;CONSOLIDADA;40.0;17.0
379;57727950;02;21753;DIM0321;LINGUAGENS DE PROGRAMAÇÃO;3282102.0;60;2023;2;35M34;CONSOLIDADA;50.0;42.0
380;57727951;03;21753;DIM0321;LINGUAGENS DE PROGRAMAÇÃO;3263275.0;60;2023;2;35T34;CONSOLIDADA;20.0;16.0
381;57728029;01;76395;DIM0176;PROGRAMAÇÃO I;2497950.0;60;2023;2;24M34 (14/08/2023 - 23/12/2023);CONSOLIDADA;30.0;29.0
382;57728030;01;73814;DIM0142;INTRODUCÃO A BANCO DE DADOS RELACIONAIS;3293042.0;60;2023;2;24M34;CONSOLIDADA;25.0;4.0
383;57728031;01;64730;DIM0114;BANCO DE DADOS;3293042.0;60;2023;2;24M56 (14/08/2023 - 23/12/2023);CONSOLIDADA;40.0;38.0
384;57728032;01;69635;DIM0128;CIRCUITOS LÓGICOS;1694485.0;60;2023;2;24M34 (14/08/2023 - 23/12/2023);CONSOLIDADA;17.0;16.0
385;57728034;01;76371;DIM0151;INTRODUÇÃO ÀS TÉCNICAS DE PROGRAMAÇÃO;1363515.0;90;2023;2;246M34 (14/08/2023 - 23/12/2023);CONSOLIDADA;20.0;13.0
386;57728036;01;76373;DIM0155;MATEMÁTICA PARA A COMPUTAÇÃO II;1345816.0;60;2023;2;24M56 (14/08/2023 - 23/12/2023);CONSOLIDADA;30.0;22.0
387;57728041;01;76370;DIM0152;MATEMÁTICA PARA A COMPUTAÇÃO I;2645969.0;60;2023;2;24M56 (14/08/2023 - 23/12/2023);CONSOLIDADA;20.0;8.0
388;57728053;01;52990;DIM0611;COMPILADORES;1221251.0;90;2023;2;2M1234 4M34 (14/08/2023 - 23/12/2023);CONSOLIDADA;30.0;5.0
389;57728061;01;52974;DIM0606;LINGUAGENS FORMAIS E AUTÔMATOS;2212166.0;60;2023;2;24M34 (14/08/2023 - 23/12/2023);CONSOLIDADA;30.0;21.0
390;57728153;02;69587;IMD0902;INTRODUÇÃO A INTERNET DAS COISAS;3325263.0;10;2023;2;24T56 (14/08/2023 - 23/12/2023);CONSOLIDADA;27.0;94.0
391;57728153;02;69587;IMD0902;INTRODUÇÃO A INTERNET DAS COISAS;1241170.0;50;2023;2;24T56 (14/08/2023 - 23/12/2023);CONSOLIDADA;27.0;94.0
392;57728237;01;21790;DIM0438;REDES DE COMPUTADORES;3363765.0;60;2023;2;24M34;CONSOLIDADA;40.0;10.0
393;57728246;01;55370;DIM0613;INTELIGENCIA ARTIFICIAL;3288217.0;60;2023;2;35M12 (14/08/2023 - 23/12/2023);CONSOLIDADA;30.0;6.0
394;57728258;01;52973;DIM0605;PROJETO E ANÁLISE DE ALGORITMOS;2859606.0;30;2023;2;35M34 (14/08/2023 - 23/12/2023);CONSOLIDADA;30.0;23.0
395;57728258;01;52973;DIM0605;PROJETO E ANÁLISE DE ALGORITMOS;1201268.0;30;2023;2;35M34 (14/08/2023 - 23/12/2023);CONSOLIDADA;30.0;23.0
396;57728264;01;52866;DIM0549;GRAFOS;1201268.0;30;2023;2;35M56 (14/08/2023 - 23/12/2023);CONSOLIDADA;40.0;38.0
397;57728264;01;52866;DIM0549;GRAFOS;2859606.0;30;2023;2;35M56 (14/08/2023 - 23/12/2023);CONSOLIDADA;40.0;38.0
398;57728268;01;77889;DIM0446;APRENDIZADO PROFUNDO;3288217.0;60;2023;2;35T12 (14/08/2023 - 23/12/2023);CONSOLIDADA;30.0;8.0
399;57728274;01;76375;DIM0156;INTRODUÇÃO À ANÁLISE DE ALGORITMOS;1988053.0;60;2023;2;35M56 (14/08/2023 - 23/12/2023);CONSOLIDADA;30.0;24.0
400;57728276;01;59736;IMD0106;TÓPICOS ESPECIAIS EM TECNOLOGIA DA INFORMAÇÃO VII;2645969.0;60;2023;2;24M12 (14/08/2023 - 23/12/2023);CONSOLIDADA;60.0;31.0
401;57728282;01;69698;DIM0138;PROJETO DETALHADO DE SOFTWARE;1644456.0;60;2023;2;35M56 (14/08/2023 - 23/12/2023);CONSOLIDADA;40.0;28.0
402;57728289;01;69651;DIM0135;PROCESSAMENTO DE LINGUAGEM NATURAL;1988053.0;60;2023;2;35M34 (14/08/2023 - 23/12/2023);CONSOLIDADA;20.0;10.0
403;57728295;01;69634;DIM0127;ARQUITETURA DE COMPUTADORES;1882699.0;60;2023;2;35M34 (14/08/2023 - 23/12/2023);CONSOLIDADA;30.0;31.0
404;57728340;01;26904;DIM0024;SEMINARIO DE COMPUTACAO;6350797.0;30;2023;2;6M56;CONSOLIDADA;67.0;70.0
405;57728426;01;21083;DIM0346;GERENCIAMENTO E SEGURANCA EM REDES DE COMPUTADORES;3363765.0;60;2023;2;24N12;CONSOLIDADA;40.0;24.0
406;57728662;01;59734;IMD0104;TÓPICOS ESPECIAIS EM TECNOLOGIA DA INFORMAÇÃO V;2278403.0;30;2023;2;24T12 (14/08/2023 - 23/12/2023);CONSOLIDADA;30.0;10.0
407;57728662;01;59734;IMD0104;TÓPICOS ESPECIAIS EM TECNOLOGIA DA INFORMAÇÃO V;1517271.0;30;2023;2;24T12 (14/08/2023 - 23/12/2023);CONSOLIDADA;30.0;10.0
408;57728663;01;72711;IMD1112;ÉTICA E DADOS;1362181.0;60;2023;2;4T3456 (14/08/2023 - 23/12/2023);EXCLUÍDA;60.0;0.0
409;57730075;01;21705;DIM0411;PROCESSAMENTO DE IMAGENS;2177445.0;60;2023;2;24M56;CONSOLIDADA;20.0;4.0
410;57730242;02;52794;IMD0509;DESENVOLVIMENTO PARA DISPOSITIVOS MÓVEIS;2180207.0;60;2023;2;24T12 (14/08/2023 - 23/12/2023);CONSOLIDADA;40.0;21.0
411;57730311;03;66441;IMD1001;MATEMÁTICA ELEMENTAR;2989758.0;60;2023;2;24T34 (14/08/2023 - 23/12/2023);CONSOLIDADA;66.0;66.0
412;57730312;04;66441;IMD1001;MATEMÁTICA ELEMENTAR;3338879.0;60;2023;2;35N12 (14/08/2023 - 23/12/2023);CONSOLIDADA;71.0;71.0
413;57730313;03;55024;IMD0030;LINGUAGEM DE PROGRAMAÇÃO I;2060541.0;60;2023;2;24T34 (14/08/2023 - 23/12/2023);EXCLUÍDA;40.0;12.0
414;57730314;04;55024;IMD0030;LINGUAGEM DE PROGRAMAÇÃO I;2060541.0;60;2023;2;35N34 (14/08/2023 - 23/12/2023);CONSOLIDADA;40.0;59.0
415;57730315;05;52666;IMD0036;SISTEMAS OPERACIONAIS;1424103.0;60;2023;2;6N1234 (14/08/2023 - 23/12/2023);CONSOLIDADA;40.0;39.0
416;57730316;06;52666;IMD0036;SISTEMAS OPERACIONAIS;1424103.0;60;2023;2;7M3456 (14/08/2023 - 23/12/2023);CONSOLIDADA;49.0;49.0
417;57730605;05;55024;IMD0030;LINGUAGEM DE PROGRAMAÇÃO I;2060541.0;60;2023;2;24T56 (14/08/2023 - 23/12/2023);CONSOLIDADA;40.0;
418;57730606;02;76135;IMD1320;PROCESSO CRIATIVO;2885481.0;60;2023;2;35N12 (14/08/2023 - 23/12/2023);CONSOLIDADA;41.0;
419;57730744;01;69662;DIM0131;SISTEMAS OPERACIONAIS;;60;2023;2;35M34 (14/08/2023 - 23/12/2023);EXCLUÍDA;1.0;0.0
420;57730805;01;64731;DIM0116;LINGUAGEM DE PROGRAMAÇÃO II;3263275.0;60;2023;2;356T56 (28/08/2023 - 31/10/2023),  35T56 (01/11/2023 - 23/12/2023);CONSOLIDADA;30.0;
421;57731051;01;72272;IMD1202;O MUNDO DA TECNOLOGIAS DA INFORMAÇÃO: ONTEM, HOJE E AMANHÃ;2140866.0;30;2023;2;5N12 (14/08/2023 - 23/12/2023);CONSOLIDADA;10.0;
422;57736513;01;2054922;DIM0518;PLANEJAMENTO E GERENCIAMENTO DE PROJETOS;3385044.0;18;2024;1;24T34 (26/02/2024 - 06/07/2024);CONSOLIDADA;55.0;62.0
423;57736513;01;2054922;DIM0518;PLANEJAMENTO E GERENCIAMENTO DE PROJETOS;3293042.0;5;2024;1;24T34 (26/02/2024 - 06/07/2024);CONSOLIDADA;55.0;62.0
424;57736513;01;2054922;DIM0518;PLANEJAMENTO E GERENCIAMENTO DE PROJETOS;1053116.0;37;2024;1;24T34 (26/02/2024 - 06/07/2024);CONSOLIDADA;55.0;62.0
425;57736516;01;76371;DIM0151;INTRODUÇÃO ÀS TÉCNICAS DE PROGRAMAÇÃO;1363515.0;90;2024;1;246M34 (26/02/2024 - 06/07/2024);CONSOLIDADA;37.0;15.0
426;57736517;01;76370;DIM0152;MATEMÁTICA PARA A COMPUTAÇÃO I;2645969.0;60;2024;1;35M12 (26/02/2024 - 06/07/2024);CONSOLIDADA;39.0;8.0
427;57736819;01;25247;DIM0320;ALGORITMO E PROGRAMACAO DE COMPUTADORES;3385044.0;60;2024;1;35T34;CONSOLIDADA;50.0;5.0
428;57736863;02;25247;DIM0320;ALGORITMO E PROGRAMACAO DE COMPUTADORES;1151874.0;60;2024;1;35M34;CONSOLIDADA;57.0;21.0
429;57736864;03;25247;DIM0320;ALGORITMO E PROGRAMACAO DE COMPUTADORES;1151874.0;60;2024;1;35T12 (26/02/2024 - 06/07/2024);CONSOLIDADA;55.0;9.0
430;57736867;04;25247;DIM0320;ALGORITMO E PROGRAMACAO DE COMPUTADORES;1151874.0;60;2024;1;35M56;CONSOLIDADA;55.0;6.0
431;57736871;05;25247;DIM0320;ALGORITMO E PROGRAMACAO DE COMPUTADORES;2177445.0;60;2024;1;35M56;CONSOLIDADA;40.0;8.0
432;57736872;06;25247;DIM0320;ALGORITMO E PROGRAMACAO DE COMPUTADORES;3363765.0;60;2024;1;35T56;CONSOLIDADA;40.0;14.0
433;57736874;01;23499;DIM0040;CALCULO NUMERICO;3392933.0;90;2024;1;246M12;CONSOLIDADA;40.0;15.0
434;57736959;01;52972;DIM0601;FUNDAMENTOS MATEMÁTICOS DA COMPUTAÇÃO III;3392933.0;90;2024;1;246M34 (26/02/2024 - 06/07/2024);CONSOLIDADA;25.0;9.0
435;57736998;01;76376;DIM0157;INTRODUÇÃO À LÓGICA;1345816.0;60;2024;1;24M56 (26/02/2024 - 06/07/2024);CONSOLIDADA;30.0;19.0
436;57737022;01;66368;DIM0123;PENSAMENTO COMPUTACIONAL;1671962.0;60;2024;1;35T34 (26/02/2024 - 06/07/2024);CONSOLIDADA;40.0;14.0
437;57737028;01;69635;DIM0128;CIRCUITOS LÓGICOS;6350797.0;60;2024;1;35M56 (26/02/2024 - 06/07/2024);CONSOLIDADA;30.0;30.0
438;57737041;01;69636;DIM0129;ORGANIZAÇÃO DE COMPUTADORES;1694485.0;15;2024;1;35M34 (26/02/2024 - 06/07/2024);CONSOLIDADA;25.0;16.0
439;57737041;01;69636;DIM0129;ORGANIZAÇÃO DE COMPUTADORES;1882699.0;45;2024;1;35M34 (26/02/2024 - 06/07/2024);CONSOLIDADA;25.0;16.0
440;57737046;01;76372;DIM0154;MÉTODOS DE ESTUDO NO ENSINO SUPERIOR;1882699.0;5;2024;1;6M56 (26/02/2024 - 06/07/2024);CONSOLIDADA;35.0;1.0
441;57737046;01;76372;DIM0154;MÉTODOS DE ESTUDO NO ENSINO SUPERIOR;1988053.0;25;2024;1;6M56 (26/02/2024 - 06/07/2024);CONSOLIDADA;35.0;1.0
442;57737060;01;76380;DIM0161;SEMINÁRIOS DE COMPUTAÇÃO E ORIENTAÇÃO CURRICULAR;1988053.0;30;2024;1;6M34 (26/02/2024 - 06/07/2024);CONSOLIDADA;30.0;31.0
443;57737063;01;23558;DIM0404;CALCULO NUMERICO PARA CIENCIA DA COMPUTACAO;3288217.0;60;2024;1;24M12;CONSOLIDADA;25.0;7.0
444;57737141;01;55019;IMD0017;PRÁTICAS DE LEITURA E ESCRITA EM PORTUGUÊS I;2981295.0;30;2024;1;3M12 (26/02/2024 - 06/07/2024);CONSOLIDADA;63.0;1.0
445;57737143;02;55019;IMD0017;PRÁTICAS DE LEITURA E ESCRITA EM PORTUGUÊS I;2981295.0;30;2024;1;3M34 (26/02/2024 - 06/07/2024);CONSOLIDADA;63.0;2.0
446;57737192;01;2040950;DIM0451;COMPUTAÇÃO GRÁFICA I;2497950.0;60;2024;1;35M12;CONSOLIDADA;20.0;10.0
447;57737195;01;2054952;DIM0536;TÓPICOS ESPECIAIS EM ENGENHARIA DE SOFTWARE VI;1363515.0;60;2024;1;24M56;CONSOLIDADA;40.0;54.0
448;57737196;03;55019;IMD0017;PRÁTICAS DE LEITURA E ESCRITA EM PORTUGUÊS I;2916579.0;30;2024;1;5T12 (26/02/2024 - 06/07/2024);CONSOLIDADA;63.0;2.0
449;57737197;01;21790;DIM0438;REDES DE COMPUTADORES;1699087.0;60;2024;1;24M34;CONSOLIDADA;40.0;3.0
450;57737198;04;55019;IMD0017;PRÁTICAS DE LEITURA E ESCRITA EM PORTUGUÊS I;2981295.0;30;2024;1;4N12 (26/02/2024 - 06/07/2024);CONSOLIDADA;70.0;10.0
451;57737199;01;55372;DIM0616;SISTEMAS EMBARCADOS;6350797.0;60;2024;1;35M34 (26/02/2024 - 06/07/2024);CONSOLIDADA;30.0;3.0
452;57737214;01;64732;DIM0117;ESTRUTURAS DE DADOS BÁSICAS II;1201268.0;30;2024;1;35M34 (26/02/2024 - 06/07/2024);CONSOLIDADA;40.0;48.0
453;57737214;01;64732;DIM0117;ESTRUTURAS DE DADOS BÁSICAS II;2859606.0;30;2024;1;35M34 (26/02/2024 - 06/07/2024);CONSOLIDADA;40.0;48.0
454;57737245;02;64732;DIM0117;ESTRUTURAS DE DADOS BÁSICAS II;3405324.0;60;2024;1;35N34 (26/02/2024 - 06/07/2024);CONSOLIDADA;30.0;36.0
455;57737278;03;64732;DIM0117;ESTRUTURAS DE DADOS BÁSICAS II;2170415.0;60;2024;1;35T56 (26/02/2024 - 06/07/2024);CONSOLIDADA;42.0;76.0
456;57737280;04;64732;DIM0117;ESTRUTURAS DE DADOS BÁSICAS II;2170415.0;60;2024;1;35N12 (26/02/2024 - 06/07/2024);CONSOLIDADA;42.0;66.0
457;57737356;01;64731;DIM0116;LINGUAGEM DE PROGRAMAÇÃO II;1775264.0;60;2024;1;35N12 (26/02/2024 - 06/07/2024);CONSOLIDADA;31.0;45.0
458;57737358;02;64731;DIM0116;LINGUAGEM DE PROGRAMAÇÃO II;3331970.0;60;2024;1;35N34 (26/02/2024 - 06/07/2024);CONSOLIDADA;42.0;76.0
459;57737368;03;64731;DIM0116;LINGUAGEM DE PROGRAMAÇÃO II;3385044.0;60;2024;1;35M12 (26/02/2024 - 06/07/2024);CONSOLIDADA;40.0;31.0
460;57737370;04;64731;DIM0116;LINGUAGEM DE PROGRAMAÇÃO II;4351681.0;60;2024;1;24T56 (26/02/2024 - 06/07/2024);CONSOLIDADA;40.0;26.0
461;57737402;01;55371;DIM0614;PROGRAMAÇÃO DISTRIBUÍDA;2510306.0;60;2024;1;35M56 (26/02/2024 - 06/07/2024);CONSOLIDADA;40.0;53.0
462;57737453;05;55019;IMD0017;PRÁTICAS DE LEITURA E ESCRITA EM PORTUGUÊS I;2916579.0;30;2024;1;5T34 (26/02/2024 - 06/07/2024);CONSOLIDADA;63.0;5.0
463;57737455;06;55019;IMD0017;PRÁTICAS DE LEITURA E ESCRITA EM PORTUGUÊS I;2981295.0;30;2024;1;4N34 (26/02/2024 - 06/07/2024);CONSOLIDADA;69.0;3.0
464;57737456;01;55020;IMD0018;PRÁTICAS DE LEITURA EM INGLÊS;1066675.0;30;2024;1;6M34 (26/02/2024 - 06/07/2024);CONSOLIDADA;64.0;12.0
465;57737457;02;55020;IMD0018;PRÁTICAS DE LEITURA EM INGLÊS;1066675.0;30;2024;1;6M56 (26/02/2024 - 06/07/2024);CONSOLIDADA;63.0;13.0
466;57737458;03;55020;IMD0018;PRÁTICAS DE LEITURA EM INGLÊS;1066675.0;30;2024;1;6T34 (26/02/2024 - 06/07/2024);CONSOLIDADA;63.0;16.0
467;57737459;04;55020;IMD0018;PRÁTICAS DE LEITURA EM INGLÊS;1066675.0;30;2024;1;6T56 (26/02/2024 - 06/07/2024);CONSOLIDADA;63.0;27.0
468;57737460;01;66374;DIM0125;BANCO DE DADOS;1639701.0;90;2024;1;24T34 6T56 (26/02/2024 - 06/07/2024);CONSOLIDADA;40.0;54.0
469;57737461;01;55082;IMD0020;TECNOLOGIA DA INFORMAÇÃO E SOCIEDADE;2164809.0;30;2024;1;6M34 (26/02/2024 - 06/07/2024);CONSOLIDADA;63.0;2.0
470;57737462;02;55082;IMD0020;TECNOLOGIA DA INFORMAÇÃO E SOCIEDADE;2164809.0;30;2024;1;6M56 (26/02/2024 - 06/07/2024);CONSOLIDADA;63.0;3.0
471;57737463;01;76384;DIM0165;PROGRAMAÇÃO FUNCIONAL;1221251.0;60;2024;1;24M34 (26/02/2024 - 06/07/2024);EXCLUÍDA;20.0;0.0
472;57737464;03;55082;IMD0020;TECNOLOGIA DA INFORMAÇÃO E SOCIEDADE;2164809.0;30;2024;1;6T56 (26/02/2024 - 06/07/2024);CONSOLIDADA;63.0;
473;57737465;04;55082;IMD0020;TECNOLOGIA DA INFORMAÇÃO E SOCIEDADE;2164809.0;30;2024;1;6T34 (26/02/2024 - 06/07/2024);CONSOLIDADA;63.0;6.0
474;57737466;05;55082;IMD0020;TECNOLOGIA DA INFORMAÇÃO E SOCIEDADE;2178446.0;30;2024;1;2N12 (26/02/2024 - 06/07/2024);CONSOLIDADA;69.0;6.0
475;57737467;06;55082;IMD0020;TECNOLOGIA DA INFORMAÇÃO E SOCIEDADE;2164809.0;30;2024;1;6N12 (26/02/2024 - 06/07/2024);CONSOLIDADA;69.0;3.0
476;57737468;01;66441;IMD1001;MATEMÁTICA ELEMENTAR;3338879.0;60;2024;1;24T34 (26/02/2024 - 06/07/2024);CONSOLIDADA;68.0;55.0
477;57737469;02;66441;IMD1001;MATEMÁTICA ELEMENTAR;3338879.0;60;2024;1;35N12 (26/02/2024 - 06/07/2024);CONSOLIDADA;77.0;70.0
478;57737470;01;21764;DIM0410;TREINAMENTO PARA COMPETICOES DE PROGRAMACAO;2929823.0;60;2024;1;24T12;CONSOLIDADA;30.0;34.0
479;57737471;03;66441;IMD1001;MATEMÁTICA ELEMENTAR;3338879.0;60;2024;1;35N34 (26/02/2024 - 06/07/2024);CONSOLIDADA;70.0;31.0
480;57737472;01;77889;DIM0446;APRENDIZADO PROFUNDO;3288217.0;60;2024;1;24T12 (26/02/2024 - 06/07/2024);EXCLUÍDA;25.0;0.0
481;57737473;04;66441;IMD1001;MATEMÁTICA ELEMENTAR;1495851.0;60;2024;1;24M12 (26/02/2024 - 06/07/2024);CONSOLIDADA;66.0;37.0
482;57737474;01;2054921;DIM0517;GERÊNCIA DE CONFIGURAÇÃO E MUDANÇAS;1802737.0;60;2024;1;24T12;CONSOLIDADA;40.0;49.0
483;57737475;05;66441;IMD1001;MATEMÁTICA ELEMENTAR;4857233.0;60;2024;1;24M34 (26/02/2024 - 06/07/2024);CONSOLIDADA;64.0;21.0
484;57737476;01;2054919;DIM0516;MÉTODOS FORMAIS DE ENGENHARIA DE SOFTWARE;1639701.0;60;2024;1;24T56;CONSOLIDADA;40.0;20.0
485;57737477;06;66441;IMD1001;MATEMÁTICA ELEMENTAR;4857233.0;60;2024;1;24T34 (26/02/2024 - 06/07/2024);CONSOLIDADA;65.0;30.0
486;57737478;01;52867;DIM0546;DESENVOLVIMENTO DE SISTEMAS WEB I;1149392.0;60;2024;1;35T12 (26/02/2024 - 06/07/2024);CONSOLIDADA;40.0;89.0
487;57737479;01;52813;DIM0548;ENGENHARIA DE LINGUAGENS;1495704.0;60;2024;1;35T34 (26/02/2024 - 06/07/2024);CONSOLIDADA;40.0;23.0
488;57737480;01;66436;IMD1002;ANÁLISE COMBINATÓRIA;2042579.0;30;2024;1;5M34 (26/02/2024 - 06/07/2024);CONSOLIDADA;65.0;22.0
489;57737481;01;2054920;DIM0590;PROPOSTA DE TRABALHO DE CONCLUSÃO DE CURSO;1213777.0;30;2024;1;3M56;CONSOLIDADA;25.0;5.0
490;57737482;02;66436;IMD1002;ANÁLISE COMBINATÓRIA;2042579.0;30;2024;1;5M56 (26/02/2024 - 06/07/2024);CONSOLIDADA;63.0;8.0
491;57737483;03;66436;IMD1002;ANÁLISE COMBINATÓRIA;2042579.0;30;2024;1;3T34 (26/02/2024 - 06/07/2024);CONSOLIDADA;63.0;22.0
492;57737484;04;66436;IMD1002;ANÁLISE COMBINATÓRIA;2989758.0;30;2024;1;2T56 (26/02/2024 - 06/07/2024);CONSOLIDADA;63.0;15.0
493;57737485;05;66436;IMD1002;ANÁLISE COMBINATÓRIA;2989758.0;30;2024;1;5N12 (26/02/2024 - 06/07/2024);CONSOLIDADA;70.0;33.0
494;57737486;06;66436;IMD1002;ANÁLISE COMBINATÓRIA;2989758.0;30;2024;1;5N34 (26/02/2024 - 06/07/2024);CONSOLIDADA;71.0;17.0
495;57737487;01;66438;IMD1003;GEOMETRIA EUCLIDIANA;2645969.0;30;2024;1;3M34 (26/02/2024 - 06/07/2024);CONSOLIDADA;63.0;51.0
496;57737488;02;66438;IMD1003;GEOMETRIA EUCLIDIANA;2645969.0;30;2024;1;3M56 (26/02/2024 - 06/07/2024);CONSOLIDADA;64.0;12.0
497;57737489;01;2054914;DIM0511;ENGENHARIA DE REQUISITOS;1754430.0;60;2024;1;24T34;CONSOLIDADA;40.0;13.0
498;57737490;01;2054913;DIM0510;PROCESSOS DE SOFTWARE;1961108.0;60;2024;1;35T12;CONSOLIDADA;40.0;34.0
499;57737491;01;69698;DIM0138;PROJETO DETALHADO DE SOFTWARE;1644456.0;60;2024;1;35T34 (26/02/2024 - 06/07/2024);CONSOLIDADA;40.0;66.0
500;57737492;01;2054911;DIM0507;TESTE DE SOFTWARE I;1709820.0;60;2024;1;24T12;CONSOLIDADA;43.0;78.0
501;57737493;01;2054906;DIM0504;ANÁLISE E PROJETO ORIENTADO A OBJETOS;1754430.0;60;2024;1;24M34;CONSOLIDADA;40.0;28.0
502;57737496;03;66438;IMD1003;GEOMETRIA EUCLIDIANA;4857233.0;30;2024;1;5T34 (26/02/2024 - 06/07/2024);CONSOLIDADA;64.0;21.0
503;57737497;04;66438;IMD1003;GEOMETRIA EUCLIDIANA;4857233.0;30;2024;1;3T34 (26/02/2024 - 06/07/2024);CONSOLIDADA;67.0;38.0
504;57737498;05;66438;IMD1003;GEOMETRIA EUCLIDIANA;1495851.0;30;2024;1;3N12 (26/02/2024 - 06/07/2024);CONSOLIDADA;70.0;58.0
505;57737499;01;52662;IMD0024;CÁLCULO DIFERENCIAL E INTEGRAL I;2989758.0;90;2024;1;246T34 (26/02/2024 - 06/07/2024);CONSOLIDADA;60.0;67.0
506;57737500;01;55021;IMD0027;PRÁTICAS DE LEITURA E ESCRITA EM PORTUGUÊS II;2916579.0;30;2024;1;3M56 (26/02/2024 - 06/07/2024);CONSOLIDADA;60.0;30.0
507;57737501;02;55021;IMD0027;PRÁTICAS DE LEITURA E ESCRITA EM PORTUGUÊS II;2916579.0;30;2024;1;3N12 (26/02/2024 - 06/07/2024);CONSOLIDADA;60.0;28.0
508;57737502;01;72712;IMD1113;PROBABILIDADE E INFERÊNCIA;3063244.0;60;2024;1;24M34 (26/02/2024 - 06/07/2024);CONSOLIDADA;70.0;74.0
509;57737503;06;66438;IMD1003;GEOMETRIA EUCLIDIANA;1265148.0;30;2024;1;3N34 (26/02/2024 - 06/07/2024);CONSOLIDADA;72.0;29.0
510;57737504;01;55022;IMD0028;FUNDAMENTOS MATEMÁTICOS DA COMPUTAÇÃO I;3884005.0;90;2024;1;246T56 (26/02/2024 - 06/07/2024);CONSOLIDADA;65.0;131.0
511;57737505;02;55022;IMD0028;FUNDAMENTOS MATEMÁTICOS DA COMPUTAÇÃO I;3405324.0;60;2024;1;246N12 (26/02/2024 - 06/07/2024);CONSOLIDADA;63.0;91.0
512;57737505;02;55022;IMD0028;FUNDAMENTOS MATEMÁTICOS DA COMPUTAÇÃO I;3884005.0;30;2024;1;246N12 (26/02/2024 - 06/07/2024);CONSOLIDADA;63.0;91.0
513;57737506;03;55022;IMD0028;FUNDAMENTOS MATEMÁTICOS DA COMPUTAÇÃO I;1495851.0;90;2024;1;246N34 (26/02/2024 - 06/07/2024);CONSOLIDADA;60.0;46.0
514;57737507;01;55025;IMD0038;FUNDAMENTOS MATEMÁTICOS DA COMPUTAÇÃO II;2278403.0;90;2024;1;246T12 (26/02/2024 - 06/07/2024);CONSOLIDADA;60.0;22.0
515;57737508;02;55025;IMD0038;FUNDAMENTOS MATEMÁTICOS DA COMPUTAÇÃO II;3331260.0;90;2024;1;246N12 (26/02/2024 - 06/07/2024);CONSOLIDADA;60.0;88.0
516;57737509;03;55025;IMD0038;FUNDAMENTOS MATEMÁTICOS DA COMPUTAÇÃO II;3331260.0;90;2024;1;246N34 (26/02/2024 - 06/07/2024);CONSOLIDADA;61.0;66.0
517;57737517;02;52662;IMD0024;CÁLCULO DIFERENCIAL E INTEGRAL I;2042579.0;90;2024;1;246M12 (26/02/2024 - 06/07/2024);CONSOLIDADA;60.0;45.0
518;57737675;01;21783;DIM0437;LINGUAGENS DE PROGRAMACAO: CONCEITOS E PARADIGMAS;1495704.0;60;2024;1;35M56;CONSOLIDADA;40.0;14.0
519;57737679;01;52975;DIM0610;LÓGICA COMPUTACIONAL;2645969.0;60;2024;1;24M56 (26/02/2024 - 06/07/2024);CONSOLIDADA;20.0;14.0
520;57737724;01;76375;DIM0156;INTRODUÇÃO À ANÁLISE DE ALGORITMOS;1988053.0;60;2024;1;24M56 (26/02/2024 - 06/07/2024);CONSOLIDADA;25.0;13.0
521;57737729;01;52866;DIM0549;GRAFOS;2859606.0;30;2024;1;35M56 (26/02/2024 - 06/07/2024);CONSOLIDADA;40.0;38.0
522;57737729;01;52866;DIM0549;GRAFOS;1201268.0;30;2024;1;35M56 (26/02/2024 - 06/07/2024);CONSOLIDADA;40.0;38.0
523;57737738;01;40134;DIM0443;INTERACAO HUMANO-COMPUTADOR;1356585.0;60;2024;1;35M56;CONSOLIDADA;30.0;2.0
524;57737747;01;2054917;DIM0514;ARQUITETURA DE SOFTWARE;1213777.0;30;2024;1;24M56;CONSOLIDADA;40.0;10.0
525;57737747;01;2054917;DIM0514;ARQUITETURA DE SOFTWARE;1149392.0;30;2024;1;24M56;CONSOLIDADA;40.0;10.0
526;57737843;01;66440;IMD1004;PENSAMENTO COMPUTACIONAL;2978747.0;60;2024;1;24M34 (26/02/2024 - 06/07/2024);CONSOLIDADA;43.0;6.0
527;57737845;02;66440;IMD1004;PENSAMENTO COMPUTACIONAL;1669545.0;60;2024;1;24M56 (26/02/2024 - 06/07/2024);CONSOLIDADA;44.0;6.0
528;57737847;03;66440;IMD1004;PENSAMENTO COMPUTACIONAL;2149456.0;60;2024;1;24M12 (26/02/2024 - 06/07/2024);CONSOLIDADA;43.0;4.0
529;57737852;01;69696;IMD0718;FORENSE COMPUTACIONAL;1874895.0;60;2024;1;35N12 (26/02/2024 - 06/07/2024);CONSOLIDADA;45.0;130.0
530;57737854;04;66440;IMD1004;PENSAMENTO COMPUTACIONAL;2245086.0;60;2024;1;35T56 (26/02/2024 - 06/07/2024);CONSOLIDADA;44.0;14.0
531;57737855;05;66440;IMD1004;PENSAMENTO COMPUTACIONAL;3385794.0;40;2024;1;24N12 (26/02/2024 - 06/07/2024);CONSOLIDADA;43.0;17.0
532;57737855;05;66440;IMD1004;PENSAMENTO COMPUTACIONAL;3229319.0;20;2024;1;24N12 (26/02/2024 - 06/07/2024);CONSOLIDADA;43.0;17.0
533;57737856;06;66440;IMD1004;PENSAMENTO COMPUTACIONAL;1424103.0;40;2024;1;24N34 (26/02/2024 - 06/07/2024);CONSOLIDADA;50.0;19.0
534;57737856;06;66440;IMD1004;PENSAMENTO COMPUTACIONAL;3229319.0;20;2024;1;24N34 (26/02/2024 - 06/07/2024);CONSOLIDADA;50.0;19.0
535;57737857;02;72712;IMD1113;PROBABILIDADE E INFERÊNCIA;1362181.0;60;2024;1;2N1234 (26/02/2024 - 06/07/2024);CONSOLIDADA;62.0;50.0
536;57737858;07;66440;IMD1004;PENSAMENTO COMPUTACIONAL;1424103.0;60;2024;1;26N34 (26/02/2024 - 06/07/2024);CONSOLIDADA;55.0;8.0
537;57737863;08;66440;IMD1004;PENSAMENTO COMPUTACIONAL;3385794.0;60;2024;1;24T12 (26/02/2024 - 06/07/2024);CONSOLIDADA;43.0;9.0
538;57737864;09;66440;IMD1004;PENSAMENTO COMPUTACIONAL;1671962.0;60;2024;1;35T56 (26/02/2024 - 06/07/2024);CONSOLIDADA;43.0;7.0
539;57737877;04;52662;IMD0024;CÁLCULO DIFERENCIAL E INTEGRAL I;1265148.0;90;2024;1;246N34 (26/02/2024 - 06/07/2024);CONSOLIDADA;60.0;14.0
540;57737879;01;72711;IMD1112;ÉTICA E DADOS;1350250.0;60;2024;1;35T34 (26/02/2024 - 06/07/2024);CONSOLIDADA;30.0;112.0
541;57737880;01;66444;IMD1012;INTRODUÇÃO ÀS TÉCNICAS DE PROGRAMAÇÃO;1013173.0;90;2024;1;246M34 (26/02/2024 - 06/07/2024);CONSOLIDADA;41.0;42.0
542;57737882;02;66444;IMD1012;INTRODUÇÃO ÀS TÉCNICAS DE PROGRAMAÇÃO;2278573.0;90;2024;1;246N12 (26/02/2024 - 06/07/2024);CONSOLIDADA;42.0;46.0
543;57737883;03;66444;IMD1012;INTRODUÇÃO ÀS TÉCNICAS DE PROGRAMAÇÃO;2060541.0;90;2024;1;246N34 (26/02/2024 - 06/07/2024);CONSOLIDADA;40.0;33.0
544;57737890;04;66444;IMD1012;INTRODUÇÃO ÀS TÉCNICAS DE PROGRAMAÇÃO;2143852.0;90;2024;1;246M56 (26/02/2024 - 06/07/2024);CONSOLIDADA;40.0;17.0
545;57737892;01;55023;IMD0029;ESTRUTURA DE DADOS BÁSICAS I;3385794.0;60;2024;1;35M12 (26/02/2024 - 06/07/2024);CONSOLIDADA;40.0;25.0
546;57737906;02;55023;IMD0029;ESTRUTURA DE DADOS BÁSICAS I;3083298.0;60;2024;1;35M34 (26/02/2024 - 06/07/2024);CONSOLIDADA;40.0;46.0
547;57737907;03;55023;IMD0029;ESTRUTURA DE DADOS BÁSICAS I;2274774.0;60;2024;1;35T34 (26/02/2024 - 06/07/2024);CONSOLIDADA;40.0;36.0
548;57737908;01;2054904;DIM0501;BOAS PRÁTICAS DE PROGRAMAÇÃO;3385044.0;30;2024;1;6T12;CONSOLIDADA;40.0;59.0
549;57737909;04;55023;IMD0029;ESTRUTURA DE DADOS BÁSICAS I;2276280.0;60;2024;1;35T12 (26/02/2024 - 06/07/2024);CONSOLIDADA;69.0;94.0
550;57737910;05;55023;IMD0029;ESTRUTURA DE DADOS BÁSICAS I;3405324.0;60;2024;1;35N12 (26/02/2024 - 06/07/2024);CONSOLIDADA;40.0;56.0
551;57737911;06;55023;IMD0029;ESTRUTURA DE DADOS BÁSICAS I;5687943.0;60;2024;1;35N34 (26/02/2024 - 06/07/2024);CONSOLIDADA;40.0;53.0
552;57737912;01;55024;IMD0030;LINGUAGEM DE PROGRAMAÇÃO I;1054235.0;60;2024;1;35N12 (26/02/2024 - 06/07/2024);CONSOLIDADA;43.0;60.0
553;57737914;02;55024;IMD0030;LINGUAGEM DE PROGRAMAÇÃO I;1721835.0;60;2024;1;35N34 (26/02/2024 - 06/07/2024);CONSOLIDADA;42.0;49.0
554;57737918;03;55024;IMD0030;LINGUAGEM DE PROGRAMAÇÃO I;1969071.0;60;2024;1;35M56 (26/02/2024 - 06/07/2024);CONSOLIDADA;44.0;86.0
555;57737920;04;55024;IMD0030;LINGUAGEM DE PROGRAMAÇÃO I;3385794.0;60;2024;1;35T34 (26/02/2024 - 06/07/2024);CONSOLIDADA;43.0;55.0
556;57737922;05;55024;IMD0030;LINGUAGEM DE PROGRAMAÇÃO I;1969071.0;60;2024;1;35T56 (26/02/2024 - 06/07/2024);CONSOLIDADA;42.0;85.0
557;57737926;01;66437;IMD0121;ARQUITETURA DE COMPUTADORES;1694485.0;15;2024;1;35M56 (26/02/2024 - 06/07/2024);CONSOLIDADA;52.0;55.0
558;57737926;01;66437;IMD0121;ARQUITETURA DE COMPUTADORES;1882699.0;45;2024;1;35M56 (26/02/2024 - 06/07/2024);CONSOLIDADA;52.0;55.0
559;57737927;02;66437;IMD0121;ARQUITETURA DE COMPUTADORES;2140727.0;60;2024;1;24T34 (26/02/2024 - 06/07/2024);CONSOLIDADA;50.0;74.0
560;57737928;03;66437;IMD0121;ARQUITETURA DE COMPUTADORES;2140727.0;60;2024;1;24T56 (26/02/2024 - 06/07/2024);CONSOLIDADA;52.0;81.0
561;57737930;04;66437;IMD0121;ARQUITETURA DE COMPUTADORES;5687943.0;40;2024;1;24N12 (26/02/2024 - 06/07/2024);CONSOLIDADA;50.0;70.0
562;57737930;04;66437;IMD0121;ARQUITETURA DE COMPUTADORES;3139050.0;20;2024;1;24N12 (26/02/2024 - 06/07/2024);CONSOLIDADA;50.0;70.0
563;57737944;01;76395;DIM0176;PROGRAMAÇÃO I;2497950.0;60;2024;1;35M34 (26/02/2024 - 06/07/2024);CONSOLIDADA;40.0;39.0
564;57737965;01;55028;IMD0043;REDES DE COMPUTADORES;2060541.0;60;2024;1;35T12 (26/02/2024 - 06/07/2024);CONSOLIDADA;54.0;78.0
565;57737966;01;76386;DIM0167;ESTRUTURAS ALGÉBRICAS;2278403.0;60;2024;1;24T34 (26/02/2024 - 06/07/2024);CONSOLIDADA;63.0;13.0
566;57737967;01;52666;IMD0036;SISTEMAS OPERACIONAIS;1424103.0;60;2024;1;24N12 (26/02/2024 - 06/07/2024);CONSOLIDADA;45.0;45.0
567;57737968;02;52666;IMD0036;SISTEMAS OPERACIONAIS;3325263.0;60;2024;1;24N34 (26/02/2024 - 06/07/2024);CONSOLIDADA;47.0;46.0
568;57737969;01;61114;IMD0265;TÓPICOS ESPECIAIS EM BIOINFORMÁTICA F;2276280.0;60;2024;1;35M34 (26/02/2024 - 06/07/2024);CONSOLIDADA;20.0;13.0
569;57737970;03;52666;IMD0036;SISTEMAS OPERACIONAIS;1424103.0;60;2024;1;24M34 (26/02/2024 - 06/07/2024);CONSOLIDADA;45.0;45.0
570;57737971;02;55028;IMD0043;REDES DE COMPUTADORES;2467763.0;60;2024;1;24N12 (26/02/2024 - 06/07/2024);CONSOLIDADA;50.0;55.0
571;57737972;03;55028;IMD0043;REDES DE COMPUTADORES;2467763.0;60;2024;1;35N34 (26/02/2024 - 06/07/2024);CONSOLIDADA;50.0;54.0
572;57737973;01;52790;IMD0401;BANCO DE DADOS;3293042.0;10;2024;1;246T12 (26/02/2024 - 05/06/2024);CONSOLIDADA;41.0;45.0
573;57737973;01;52790;IMD0401;BANCO DE DADOS;1053116.0;50;2024;1;246T12 (26/02/2024 - 05/06/2024);CONSOLIDADA;41.0;45.0
574;57737974;02;52790;IMD0401;BANCO DE DADOS;4351681.0;60;2024;1;24N12 (26/02/2024 - 06/07/2024);CONSOLIDADA;40.0;46.0
575;57737975;01;66482;IMD0605;SEMINÁRIOS EM BIOINFORMÁTICA;3063244.0;30;2024;1;4M56 (26/02/2024 - 06/07/2024);CONSOLIDADA;60.0;53.0
576;57737976;01;61101;IMD0246;TÓPICOS ESPECIAIS EM SISTEMAS DE INFORMAÇÃO DE GESTÃO G;;60;2024;1;35M34 (26/02/2024 - 06/07/2024);CONSOLIDADA;42.0;48.0
577;57737977;01;52684;IMD0408;PROCESSOS DE SOFTWARE;2274774.0;60;2024;1;35N12 (26/02/2024 - 06/07/2024);CONSOLIDADA;40.0;20.0
578;57737979;01;52789;IMD0404;DESENVOLVIMENTO DE SISTEMAS WEB I;3331970.0;60;2024;1;24N12 (26/02/2024 - 06/07/2024);CONSOLIDADA;40.0;131.0
579;57737980;01;52685;IMD0405;FUNDAMENTOS DE SISTEMAS DE INFORMAÇÃO;2885481.0;60;2024;1;35T56 (26/02/2024 - 06/07/2024);CONSOLIDADA;66.0;121.0
580;57737981;01;52794;IMD0509;DESENVOLVIMENTO PARA DISPOSITIVOS MÓVEIS;2180207.0;60;2024;1;35T12 (26/02/2024 - 06/07/2024);CONSOLIDADA;30.0;42.0
581;57737982;01;21083;DIM0346;GERENCIAMENTO E SEGURANCA EM REDES DE COMPUTADORES;3363765.0;60;2024;1;24T34;CONSOLIDADA;30.0;15.0
582;57737983;01;52791;IMD0409;DESENVOLVIMENTO DE SISTEMAS WEB II;3331970.0;60;2024;1;24N34 (26/02/2024 - 06/07/2024);CONSOLIDADA;34.0;88.0
583;57737984;02;52791;IMD0409;DESENVOLVIMENTO DE SISTEMAS WEB II;2180207.0;60;2024;1;35M34 (26/02/2024 - 06/07/2024);CONSOLIDADA;30.0;49.0
584;57737985;02;52794;IMD0509;DESENVOLVIMENTO PARA DISPOSITIVOS MÓVEIS;3374361.0;60;2024;1;35N34 (26/02/2024 - 06/07/2024);CONSOLIDADA;33.0;78.0
585;57737986;03;52791;IMD0409;DESENVOLVIMENTO DE SISTEMAS WEB II;3374361.0;60;2024;1;35N12 (26/02/2024 - 06/07/2024);CONSOLIDADA;33.0;78.0
586;57737987;01;52686;IMD0415;GESTÃO DE INFRAESTRUTURA DE TI;2278573.0;60;2024;1;24N34 (26/02/2024 - 06/07/2024);CONSOLIDADA;46.0;124.0
587;57737988;01;55059;IMD0521;FUNDAMENTOS DE JOGOS DIGITAIS;2978747.0;60;2024;1;24T56 (26/02/2024 - 06/07/2024);CONSOLIDADA;40.0;115.0
588;57737989;02;55059;IMD0521;FUNDAMENTOS DE JOGOS DIGITAIS;2140866.0;60;2024;1;35T34 (26/02/2024 - 06/07/2024);CONSOLIDADA;40.0;88.0
589;57737990;01;69606;IMD0280;TÓPICOS ESPECIAIS EM PRODUÇÃO DE JOGOS DIGITAIS A;1013173.0;60;2024;1;35N34 (26/02/2024 - 06/07/2024);CONSOLIDADA;68.0;102.0
590;57737991;01;66481;IMD0811;MOTORES DE JOGOS DIGITAIS;2140866.0;60;2024;1;35T56 (26/02/2024 - 06/07/2024);CONSOLIDADA;42.0;65.0
591;57737992;01;69602;IMD0802;DESIGN DE NÍVEIS DE JOGOS;1013173.0;60;2024;1;35N12 (26/02/2024 - 06/07/2024);CONSOLIDADA;40.0;23.0
592;57737993;01;69610;IMD0284;TÓPICOS ESPECIAIS EM PRODUÇÃO DE JOGOS DIGITAIS E;2140866.0;15;2024;1;6M56 (26/02/2024 - 06/07/2024);CONSOLIDADA;70.0;60.0
593;57737993;01;69610;IMD0284;TÓPICOS ESPECIAIS EM PRODUÇÃO DE JOGOS DIGITAIS E;2978747.0;15;2024;1;6M56 (26/02/2024 - 06/07/2024);CONSOLIDADA;70.0;60.0
594;57737994;01;69603;IMD0812;JOGOS EM REDE MULTIUSUÁRIOS;1969071.0;60;2024;1;2N1234 (26/02/2024 - 06/07/2024);CONSOLIDADA;41.0;41.0
595;57737995;01;52689;IMD0501;FUNDAMENTOS PEDAGÓGICOS PARA A INFORMÁTICA EDUCACIONAL;2451906.0;60;2024;1;24M34 (26/02/2024 - 06/07/2024);CONSOLIDADA;33.0;35.0
596;57737996;01;52691;IMD0503;LEVANTAMENTO E MODELAGEM DE REQUISITOS;2245086.0;60;2024;1;24N12 (26/02/2024 - 06/07/2024);CONSOLIDADA;44.0;96.0
597;57737998;01;69599;IMD0525;ANÁLISE COMPUTACIONAL DA APRENDIZAGEM;2245086.0;60;2024;1;24N34 (26/02/2024 - 06/07/2024);CONSOLIDADA;42.0;60.0
598;57737999;01;52694;IMD0506;SISTEMAS COLABORATIVOS DE APOIO À APRENDIZAGEM;2451906.0;60;2024;1;35M34 (26/02/2024 - 06/07/2024);CONSOLIDADA;40.0;33.0
599;57738000;01;52698;IMD0511;INTELIGÊNCIA ARTIFICIAL APLICADA À EDUCAÇÃO;2451906.0;60;2024;1;35M56 (26/02/2024 - 06/07/2024);CONSOLIDADA;42.0;73.0
600;57738001;01;55058;IMD0520;DESIGN INSTRUCIONAL PARA TI;3229319.0;60;2024;1;24T56 (26/02/2024 - 06/07/2024);EXCLUÍDA;40.0;0.0
601;57738002;01;69594;IMD0292;TÓPICOS ESPECIAIS EM INTERNET DAS COISAS C;2467763.0;60;2024;1;35N12 (26/02/2024 - 06/07/2024);CONSOLIDADA;34.0;42.0
602;57738003;01;52697;IMD0510;ACESSIBILIDADE DIGITAL;1976579.0;60;2024;1;6M3456 (26/02/2024 - 06/07/2024);CONSOLIDADA;34.0;66.0
603;57738005;01;69587;IMD0902;INTRODUÇÃO A INTERNET DAS COISAS;1241170.0;60;2024;1;35M56 (26/02/2024 - 06/07/2024);EXCLUÍDA;25.0;0.0
604;57738006;01;69588;IMD0903;DISPOSITIVOS PARA INTERNET DAS COISAS;3325263.0;60;2024;1;24T34 (26/02/2024 - 06/07/2024);CONSOLIDADA;30.0;34.0
605;57738007;01;57807;IMD0101;TÓPICOS ESPECIAIS EM TECNOLOGIA DA INFORMAÇÃO II;1976579.0;60;2024;1;4N1234 (26/02/2024 - 06/07/2024);CONSOLIDADA;40.0;33.0
606;57738008;01;69586;IMD0904;PLATAFORMAS DE HARDWARE PARA INTERNET DAS COISAS;2143852.0;60;2024;1;24M34 (26/02/2024 - 06/07/2024);CONSOLIDADA;30.0;25.0
607;57738009;02;69586;IMD0904;PLATAFORMAS DE HARDWARE PARA INTERNET DAS COISAS;3325263.0;60;2024;1;35T34 (26/02/2024 - 06/07/2024);CONSOLIDADA;25.0;26.0
608;57738010;01;69585;IMD0907;TECNOLOGIAS DE COMUNICAÇÃO PARA INTERNET DAS COISAS;1874895.0;60;2024;1;35N34 (26/02/2024 - 06/07/2024);CONSOLIDADA;41.0;57.0
609;57738011;01;69589;IMD0911;APLICAÇÕES EM INTERNET DAS COISAS;2149456.0;60;2024;1;24T34 (26/02/2024 - 06/07/2024);CONSOLIDADA;41.0;47.0
610;57738012;01;69612;IMD1101;APRENDIZADO DE MÁQUINA;1669545.0;60;2024;1;24M34 (26/02/2024 - 06/07/2024);CONSOLIDADA;43.0;59.0
611;57738013;01;69618;IMD1107;PROCESSAMENTO DE LINGUAGEM NATURAL;2353000.0;60;2024;1;4N1234 (26/02/2024 - 06/07/2024);CONSOLIDADA;40.0;22.0
612;57738014;01;69614;IMD1103;APRENDIZADO POR REFORÇO;2978747.0;60;2024;1;24M56 (26/02/2024 - 06/07/2024);CONSOLIDADA;40.0;12.0
613;57738015;01;72722;IMD1301;EMPREENDEDORISMO E FORMAÇÃO EMPREENDEDORA;2885481.0;60;2024;1;35T34 (26/02/2024 - 06/07/2024);CONSOLIDADA;60.0;31.0
614;57738016;01;72724;IMD1305;GESTÃO E INOVAÇÃO E ATRAÇÃO DE CAPITAL;3255024.0;30;2024;1;3N34 (26/02/2024 - 06/07/2024);CONSOLIDADA;60.0;12.0
615;57738017;01;72723;IMD1307;LANÇAMENTO DE STARTUPS I;3255024.0;60;2024;1;35M56 (26/02/2024 - 06/07/2024);CONSOLIDADA;60.0;18.0
616;57738018;01;72725;IMD1308;LANÇAMENTO DE STARTUPS II;3255024.0;60;2024;1;24T56 (26/02/2024 - 06/07/2024);CONSOLIDADA;60.0;10.0
617;57738019;01;72707;IMD1151;CIÊNCIAS DE DADOS;1241170.0;30;2024;1;24T12 (26/02/2024 - 06/07/2024);CONSOLIDADA;42.0;53.0
618;57738019;01;72707;IMD1151;CIÊNCIAS DE DADOS;1669545.0;30;2024;1;24T12 (26/02/2024 - 06/07/2024);CONSOLIDADA;42.0;53.0
619;57738020;02;72707;IMD1151;CIÊNCIAS DE DADOS;3063244.0;60;2024;1;35M34 (26/02/2024 - 06/07/2024);CONSOLIDADA;30.0;45.0
620;57738021;01;72709;IMD1153;ANÁLISE VISUAL DE DADOS;1976579.0;60;2024;1;4T3456 (26/02/2024 - 06/07/2024);CONSOLIDADA;30.0;51.0
621;57738373;02;76373;DIM0155;MATEMÁTICA PARA A COMPUTAÇÃO II;1345816.0;60;2024;1;24T34 (26/02/2024 - 06/07/2024);CONSOLIDADA;40.0;13.0
622;57738652;02;66373;DIM0124;PROGRAMAÇÃO CONCORRENTE;1678918.0;60;2024;1;6M3456 (26/02/2024 - 06/07/2024);CONSOLIDADA;40.0;28.0
623;57738726;02;76384;DIM0165;PROGRAMAÇÃO FUNCIONAL;1221251.0;60;2024;1;35T12 (26/02/2024 - 06/07/2024);CONSOLIDADA;20.0;9.0
624;57738751;02;2054904;DIM0501;BOAS PRÁTICAS DE PROGRAMAÇÃO;3385044.0;30;2024;1;6T34;CONSOLIDADA;40.0;97.0
625;57738978;01;61116;IMD0270;TÓPICOS ESPECIAIS EM REDES DE COMPUTADORES A;1775264.0;60;2024;1;35T56 (26/02/2024 - 06/07/2024);CONSOLIDADA;33.0;150.0
626;57738979;02;69587;IMD0902;INTRODUÇÃO A INTERNET DAS COISAS;1241170.0;60;2024;1;24M56 (26/02/2024 - 06/07/2024);CONSOLIDADA;26.0;89.0
627;57738980;02;77889;DIM0446;APRENDIZADO PROFUNDO;3288217.0;60;2024;1;24T34 (26/02/2024 - 06/07/2024);CONSOLIDADA;20.0;5.0
628;57739796;01;72273;IMD1203;INTERDISCIPLINARIDADE E TRANSVERSALIDADE EM TECNOLOGIA DA INFORMAÇÃO;2140866.0;30;2024;1;3N12 (26/02/2024 - 06/07/2024);CONSOLIDADA;9.0;9.0
629;57740219;02;52867;DIM0546;DESENVOLVIMENTO DE SISTEMAS WEB I;1961108.0;60;2024;1;35T34 (26/02/2024 - 06/07/2024);CONSOLIDADA;30.0;34.0
630;57740316;05;66437;IMD0121;ARQUITETURA DE COMPUTADORES;5687943.0;40;2024;1;7M3456 (26/02/2024 - 06/07/2024);CONSOLIDADA;40.0;26.0
631;57740316;05;66437;IMD0121;ARQUITETURA DE COMPUTADORES;3139050.0;20;2024;1;7M3456 (26/02/2024 - 06/07/2024);CONSOLIDADA;40.0;26.0
632;57740317;01;52665;IMD0034;VETORES E GEOMETRIA ANALÍTICA;1265148.0;60;2024;1;24N12 (26/02/2024 - 06/07/2024);CONSOLIDADA;60.0;10.0
633;57740318;03;69587;IMD0902;INTRODUÇÃO A INTERNET DAS COISAS;1241170.0;60;2024;1;24N34 (26/02/2024 - 06/07/2024);CONSOLIDADA;26.0;32.0
634;57740319;02;52789;IMD0404;DESENVOLVIMENTO DE SISTEMAS WEB I;3374361.0;60;2024;1;35T12 (26/02/2024 - 06/07/2024);CONSOLIDADA;32.0;42.0
635;57740883;01;72710;IMD1155;ANÁLISE DE REDES;3884005.0;60;2024;1;24T34 (26/02/2024 - 06/07/2024);CONSOLIDADA;40.0;
636;57635397;01;55019;IMD0017;PRÁTICAS DE LEITURA E ESCRITA EM PORTUGUÊS I;2981295.0;30;2019;1;3M12 (11/02/2019 - 29/06/2019);CONSOLIDADA;58.0;4.0
637;57635398;02;55019;IMD0017;PRÁTICAS DE LEITURA E ESCRITA EM PORTUGUÊS I;2981295.0;30;2019;1;3M34 (11/02/2019 - 29/06/2019);CONSOLIDADA;59.0;3.0
638;57635400;03;55019;IMD0017;PRÁTICAS DE LEITURA E ESCRITA EM PORTUGUÊS I;2916579.0;30;2019;1;3T34 (11/02/2019 - 29/06/2019);CONSOLIDADA;59.0;1.0
639;57635401;04;55019;IMD0017;PRÁTICAS DE LEITURA E ESCRITA EM PORTUGUÊS I;2916579.0;30;2019;1;3T56 (11/02/2019 - 29/06/2019);CONSOLIDADA;58.0;3.0
640;57635402;05;55019;IMD0017;PRÁTICAS DE LEITURA E ESCRITA EM PORTUGUÊS I;2981295.0;30;2019;1;3N12 (11/02/2019 - 29/06/2019);CONSOLIDADA;50.0;7.0
641;57635403;06;55019;IMD0017;PRÁTICAS DE LEITURA E ESCRITA EM PORTUGUÊS I;2981295.0;30;2019;1;3N34 (11/02/2019 - 29/06/2019);CONSOLIDADA;47.0;4.0
642;57635405;07;55019;IMD0017;PRÁTICAS DE LEITURA E ESCRITA EM PORTUGUÊS I;2916579.0;30;2019;1;5N12 (11/02/2019 - 29/06/2019);CONSOLIDADA;45.0;3.0
643;57635406;01;55020;IMD0018;PRÁTICAS DE LEITURA EM INGLÊS;1066675.0;30;2019;1;3M34 (11/02/2019 - 29/06/2019);CONSOLIDADA;59.0;6.0
644;57635408;02;55020;IMD0018;PRÁTICAS DE LEITURA EM INGLÊS;1066675.0;30;2019;1;3M56 (11/02/2019 - 29/06/2019);CONSOLIDADA;60.0;10.0
645;57635409;03;55020;IMD0018;PRÁTICAS DE LEITURA EM INGLÊS;1066675.0;30;2019;1;3T34 (11/02/2019 - 29/06/2019);CONSOLIDADA;58.0;7.0
646;57635411;04;55020;IMD0018;PRÁTICAS DE LEITURA EM INGLÊS;1066675.0;30;2019;1;3T56 (11/02/2019 - 29/06/2019);CONSOLIDADA;62.0;21.0
647;57635412;01;66441;IMD1001;MATEMÁTICA ELEMENTAR;4857233.0;60;2019;1;24M34 (11/02/2019 - 29/06/2019);CONSOLIDADA;60.0;11.0
648;57635415;02;66441;IMD1001;MATEMÁTICA ELEMENTAR;1739507.0;40;2019;1;24M56 (11/02/2019 - 29/06/2019);CONSOLIDADA;66.0;16.0
649;57635415;02;66441;IMD1001;MATEMÁTICA ELEMENTAR;1495851.0;20;2019;1;24M56 (11/02/2019 - 29/06/2019);CONSOLIDADA;66.0;16.0
650;57635416;03;66441;IMD1001;MATEMÁTICA ELEMENTAR;4857233.0;60;2019;1;24T12 (11/02/2019 - 29/06/2019);CONSOLIDADA;65.0;7.0
651;57635417;04;66441;IMD1001;MATEMÁTICA ELEMENTAR;4857233.0;60;2019;1;24T34 (11/02/2019 - 29/06/2019);CONSOLIDADA;60.0;7.0
652;57635419;05;66441;IMD1001;MATEMÁTICA ELEMENTAR;1739507.0;60;2019;1;24N12 (11/02/2019 - 29/06/2019);CONSOLIDADA;60.0;12.0
653;57635420;06;66441;IMD1001;MATEMÁTICA ELEMENTAR;3049192.0;60;2019;1;24N12 (11/02/2019 - 29/06/2019);CONSOLIDADA;60.0;13.0
654;57635421;07;66441;IMD1001;MATEMÁTICA ELEMENTAR;3049192.0;60;2019;1;24N34 (11/02/2019 - 29/06/2019);CONSOLIDADA;65.0;14.0
655;57635422;01;66436;IMD1002;ANÁLISE COMBINATÓRIA;3102542.0;18;2019;1;5M34 (11/02/2019 - 29/06/2019);CONSOLIDADA;60.0;20.0
656;57635422;01;66436;IMD1002;ANÁLISE COMBINATÓRIA;3508272.0;12;2019;1;5M34 (11/02/2019 - 29/06/2019);CONSOLIDADA;60.0;20.0
657;57635423;02;66436;IMD1002;ANÁLISE COMBINATÓRIA;3102542.0;18;2019;1;5M56 (11/02/2019 - 29/06/2019);CONSOLIDADA;62.0;10.0
658;57635423;02;66436;IMD1002;ANÁLISE COMBINATÓRIA;3508272.0;12;2019;1;5M56 (11/02/2019 - 29/06/2019);CONSOLIDADA;62.0;10.0
659;57635424;03;66436;IMD1002;ANÁLISE COMBINATÓRIA;3102542.0;30;2019;1;5T34 (11/02/2019 - 29/06/2019);CONSOLIDADA;60.0;11.0
660;57635425;04;66436;IMD1002;ANÁLISE COMBINATÓRIA;3102542.0;30;2019;1;5T56 (11/02/2019 - 29/06/2019);CONSOLIDADA;60.0;9.0
661;57635426;05;66436;IMD1002;ANÁLISE COMBINATÓRIA;3109385.0;30;2019;1;5N12 (11/02/2019 - 29/06/2019);CONSOLIDADA;60.0;18.0
662;57635427;06;66436;IMD1002;ANÁLISE COMBINATÓRIA;3049192.0;30;2019;1;5N34 (11/02/2019 - 29/06/2019);CONSOLIDADA;60.0;5.0
663;57635429;07;66436;IMD1002;ANÁLISE COMBINATÓRIA;3109385.0;30;2019;1;5N34 (11/02/2019 - 29/06/2019);CONSOLIDADA;60.0;2.0
664;57635431;01;66438;IMD1003;GEOMETRIA EUCLIDIANA;3508272.0;12;2019;1;3M12 (11/02/2019 - 29/06/2019);CONSOLIDADA;60.0;6.0
665;57635431;01;66438;IMD1003;GEOMETRIA EUCLIDIANA;2042579.0;18;2019;1;3M12 (11/02/2019 - 29/06/2019);CONSOLIDADA;60.0;6.0
666;57635432;02;66438;IMD1003;GEOMETRIA EUCLIDIANA;1739507.0;30;2019;1;3M56 (11/02/2019 - 29/06/2019);CONSOLIDADA;63.0;32.0
667;57635433;03;66438;IMD1003;GEOMETRIA EUCLIDIANA;3109385.0;30;2019;1;3T12 (11/02/2019 - 29/06/2019);CONSOLIDADA;60.0;3.0
668;57635434;04;66438;IMD1003;GEOMETRIA EUCLIDIANA;3109385.0;30;2019;1;5T12 (11/02/2019 - 29/06/2019);CONSOLIDADA;60.0;16.0
669;57635435;05;66438;IMD1003;GEOMETRIA EUCLIDIANA;3109385.0;30;2019;1;3N12 (11/02/2019 - 29/06/2019);CONSOLIDADA;60.0;13.0
670;57635436;06;66438;IMD1003;GEOMETRIA EUCLIDIANA;1739507.0;18;2019;1;3N34 (11/02/2019 - 29/06/2019);CONSOLIDADA;60.0;20.0
671;57635436;06;66438;IMD1003;GEOMETRIA EUCLIDIANA;3508272.0;12;2019;1;3N34 (11/02/2019 - 29/06/2019);CONSOLIDADA;60.0;20.0
672;57635437;07;66438;IMD1003;GEOMETRIA EUCLIDIANA;3109385.0;30;2019;1;3N34 (11/02/2019 - 29/06/2019);CONSOLIDADA;60.0;5.0
673;57635438;01;66440;IMD1004;PENSAMENTO COMPUTACIONAL;1885001.0;60;2019;1;24M34 (11/02/2019 - 29/06/2019);CONSOLIDADA;40.0;10.0
674;57635439;02;66440;IMD1004;PENSAMENTO COMPUTACIONAL;2859562.0;60;2019;1;24M34 (11/02/2019 - 29/06/2019);CONSOLIDADA;40.0;9.0
675;57635440;03;66440;IMD1004;PENSAMENTO COMPUTACIONAL;1363515.0;60;2019;1;24M56 (11/02/2019 - 29/06/2019);CONSOLIDADA;40.0;18.0
676;57635442;04;66440;IMD1004;PENSAMENTO COMPUTACIONAL;2978747.0;60;2019;1;24T34 (11/02/2019 - 29/06/2019);CONSOLIDADA;32.0;6.0
677;57635443;05;66440;IMD1004;PENSAMENTO COMPUTACIONAL;2510306.0;60;2019;1;24N12 (11/02/2019 - 29/06/2019);CONSOLIDADA;40.0;7.0
678;57635444;06;66440;IMD1004;PENSAMENTO COMPUTACIONAL;1885001.0;60;2019;1;24N12 (11/02/2019 - 29/06/2019);CONSOLIDADA;40.0;10.0
679;57635445;07;66440;IMD1004;PENSAMENTO COMPUTACIONAL;1669545.0;60;2019;1;24N34 (11/02/2019 - 29/06/2019);CONSOLIDADA;40.0;8.0
680;57635446;08;66440;IMD1004;PENSAMENTO COMPUTACIONAL;1231792.0;60;2019;1;24N34 (11/02/2019 - 29/06/2019);CONSOLIDADA;40.0;12.0
681;57635447;01;55082;IMD0020;TECNOLOGIA DA INFORMAÇÃO E SOCIEDADE;2451906.0;30;2019;1;5M34 (11/02/2019 - 29/06/2019);CONSOLIDADA;59.0;0.0
682;57635448;02;55082;IMD0020;TECNOLOGIA DA INFORMAÇÃO E SOCIEDADE;2451906.0;30;2019;1;5M56 (11/02/2019 - 29/06/2019);CONSOLIDADA;59.0;4.0
683;57635449;03;55082;IMD0020;TECNOLOGIA DA INFORMAÇÃO E SOCIEDADE;1949528.0;30;2019;1;5T34 (11/02/2019 - 29/06/2019);CONSOLIDADA;58.0;3.0
684;57635450;04;55082;IMD0020;TECNOLOGIA DA INFORMAÇÃO E SOCIEDADE;1976579.0;30;2019;1;5T56 (11/02/2019 - 29/06/2019);CONSOLIDADA;58.0;7.0
685;57635451;05;55082;IMD0020;TECNOLOGIA DA INFORMAÇÃO E SOCIEDADE;2164809.0;30;2019;1;3N12 (11/02/2019 - 29/06/2019);CONSOLIDADA;46.0;6.0
686;57635452;06;55082;IMD0020;TECNOLOGIA DA INFORMAÇÃO E SOCIEDADE;2164809.0;30;2019;1;5N12 (11/02/2019 - 29/06/2019);CONSOLIDADA;50.0;6.0
687;57635453;07;55082;IMD0020;TECNOLOGIA DA INFORMAÇÃO E SOCIEDADE;2245086.0;30;2019;1;5N34 (11/02/2019 - 29/06/2019);CONSOLIDADA;49.0;8.0
688;57635454;01;66444;IMD1012;INTRODUÇÃO ÀS TÉCNICAS DE PROGRAMAÇÃO;2140727.0;90;2019;1;246N12 (11/02/2019 - 29/06/2019);CONSOLIDADA;45.0;114.0
689;57635455;01;52662;IMD0024;CÁLCULO DIFERENCIAL E INTEGRAL I;2042579.0;90;2019;1;246T34 (11/02/2019 - 29/06/2019);CONSOLIDADA;60.0;52.0
690;57635456;02;52662;IMD0024;CÁLCULO DIFERENCIAL E INTEGRAL I;1739507.0;90;2019;1;246N34 (11/02/2019 - 29/06/2019);CONSOLIDADA;66.0;120.0
691;57635457;01;55022;IMD0028;FUNDAMENTOS MATEMÁTICOS DA COMPUTAÇÃO I;3102542.0;90;2019;1;246M34 (11/02/2019 - 29/06/2019);CONSOLIDADA;68.0;71.0
692;57635458;02;55022;IMD0028;FUNDAMENTOS MATEMÁTICOS DA COMPUTAÇÃO I;3102542.0;90;2019;1;246N34 (11/02/2019 - 29/06/2019);CONSOLIDADA;68.0;74.0
693;57635459;01;52665;IMD0034;VETORES E GEOMETRIA ANALÍTICA;2042579.0;60;2019;1;24T12 (11/02/2019 - 29/06/2019);CONSOLIDADA;60.0;44.0
694;57635460;02;52665;IMD0034;VETORES E GEOMETRIA ANALÍTICA;3508272.0;24;2019;1;35N12 (11/02/2019 - 29/06/2019);CONSOLIDADA;65.0;80.0
695;57635460;02;52665;IMD0034;VETORES E GEOMETRIA ANALÍTICA;3049192.0;36;2019;1;35N12 (11/02/2019 - 29/06/2019);CONSOLIDADA;65.0;80.0
696;57635461;01;55021;IMD0027;PRÁTICAS DE LEITURA E ESCRITA EM PORTUGUÊS II;2916579.0;30;2019;1;5N34 (11/02/2019 - 29/06/2019);CONSOLIDADA;41.0;41.0
697;57635462;01;55023;IMD0029;ESTRUTURA DE DADOS BÁSICAS I;2859562.0;60;2019;1;35M34 (11/02/2019 - 29/06/2019);CONSOLIDADA;40.0;57.0
698;57635463;02;55023;IMD0029;ESTRUTURA DE DADOS BÁSICAS I;2276280.0;60;2019;1;35T12 (11/02/2019 - 29/06/2019);CONSOLIDADA;50.0;53.0
699;57635464;03;55023;IMD0029;ESTRUTURA DE DADOS BÁSICAS I;3083298.0;60;2019;1;35N12 (11/02/2019 - 29/06/2019);CONSOLIDADA;40.0;45.0
700;57635465;04;55023;IMD0029;ESTRUTURA DE DADOS BÁSICAS I;3104412.0;60;2019;1;35N12 (11/02/2019 - 29/06/2019);CONSOLIDADA;40.0;49.0
701;57635466;01;55024;IMD0030;LINGUAGEM DE PROGRAMAÇÃO I;1969071.0;60;2019;1;35M56 (11/02/2019 - 29/06/2019);CONSOLIDADA;42.0;74.0
702;57635467;02;55024;IMD0030;LINGUAGEM DE PROGRAMAÇÃO I;2266415.0;60;2019;1;35T34 (11/02/2019 - 29/06/2019);CONSOLIDADA;43.0;64.0
703;57635468;03;55024;IMD0030;LINGUAGEM DE PROGRAMAÇÃO I;3083298.0;60;2019;1;35N34 (11/02/2019 - 29/06/2019);CONSOLIDADA;42.0;56.0
704;57635469;04;55024;IMD0030;LINGUAGEM DE PROGRAMAÇÃO I;3104412.0;60;2019;1;35N34 (11/02/2019 - 29/06/2019);CONSOLIDADA;42.0;57.0
705;57635470;01;52664;IMD0033;PROBABILIDADE;2885532.0;60;2019;1;24T34 (11/02/2019 - 29/06/2019);CONSOLIDADA;41.0;97.0
706;57635471;02;52664;IMD0033;PROBABILIDADE;3063244.0;60;2019;1;24N12 (11/02/2019 - 29/06/2019);CONSOLIDADA;40.0;60.0
707;57635472;01;55025;IMD0038;FUNDAMENTOS MATEMÁTICOS DA COMPUTAÇÃO II;2278403.0;60;2019;1;246T34 (11/02/2019 - 29/06/2019);CONSOLIDADA;65.0;59.0
708;57635472;01;55025;IMD0038;FUNDAMENTOS MATEMÁTICOS DA COMPUTAÇÃO II;1495851.0;30;2019;1;246T34 (11/02/2019 - 29/06/2019);CONSOLIDADA;65.0;59.0
709;57635473;02;55025;IMD0038;FUNDAMENTOS MATEMÁTICOS DA COMPUTAÇÃO II;2278403.0;90;2019;1;246N12 (11/02/2019 - 29/06/2019);CONSOLIDADA;68.0;75.0
710;57635474;01;66437;IMD0121;ARQUITETURA DE COMPUTADORES;2140727.0;60;2019;1;24N34 (11/02/2019 - 29/06/2019);CONSOLIDADA;47.0;92.0
711;57635475;01;55026;IMD0039;ESTRUTURAS DE DADOS BÁSICAS II;2170415.0;60;2019;1;35N12 (11/02/2019 - 29/06/2019);CONSOLIDADA;41.0;41.0
712;57635476;01;55027;IMD0040;LINGUAGEM DE PROGRAMAÇÃO II;4351681.0;60;2019;1;35M56 (11/02/2019 - 29/06/2019);CONSOLIDADA;38.0;22.0
713;57635477;02;55027;IMD0040;LINGUAGEM DE PROGRAMAÇÃO II;2278573.0;60;2019;1;35N34 (11/02/2019 - 29/06/2019);CONSOLIDADA;38.0;30.0
714;57635478;01;55028;IMD0043;REDES DE COMPUTADORES;2266415.0;60;2019;1;24N34 (11/02/2019 - 29/06/2019);CONSOLIDADA;29.0;29.0
715;57635479;01;52691;IMD0503;LEVANTAMENTO E MODELAGEM DE REQUISITOS;2245086.0;60;2019;1;24N12 (11/02/2019 - 29/06/2019);CONSOLIDADA;31.0;92.0
716;57635480;01;52689;IMD0501;FUNDAMENTOS PEDAGÓGICOS PARA A INFORMÁTICA EDUCACIONAL;2178446.0;60;2019;1;24N34 (11/02/2019 - 29/06/2019);EXCLUÍDA;29.0;3.0
717;57635481;01;52694;IMD0506;SISTEMAS COLABORATIVOS DE APOIO À APRENDIZAGEM;2451906.0;60;2019;1;24T56 (11/02/2019 - 29/06/2019);CONSOLIDADA;42.0;64.0
718;57635482;01;59734;IMD0104;TÓPICOS ESPECIAIS EM TECNOLOGIA DA INFORMAÇÃO V;1976579.0;60;2019;1;35T34 (11/02/2019 - 29/06/2019);CONSOLIDADA;38.0;19.0
719;57635483;01;52697;IMD0510;ACESSIBILIDADE DIGITAL;1976579.0;60;2019;1;35N12 (11/02/2019 - 29/06/2019);CONSOLIDADA;44.0;123.0
720;57635484;01;52685;IMD0405;FUNDAMENTOS DE SISTEMAS DE INFORMAÇÃO;2278573.0;60;2019;1;24N34 (11/02/2019 - 29/06/2019);EXCLUÍDA;50.0;0.0
721;57635485;01;52686;IMD0415;GESTÃO DE INFRAESTRUTURA DE TI;2278573.0;60;2019;1;24N12 (11/02/2019 - 29/06/2019);CONSOLIDADA;30.0;137.0
722;57635486;01;52791;IMD0409;DESENVOLVIMENTO DE SISTEMAS WEB II;1542998.0;60;2019;1;24N34 (11/02/2019 - 29/06/2019);CONSOLIDADA;29.0;24.0
723;57635487;01;52684;IMD0408;PROCESSOS DE SOFTWARE;2274774.0;60;2019;1;35N12 (11/02/2019 - 29/06/2019);CONSOLIDADA;30.0;31.0
724;57635488;01;68477;IMD0905;CIÊNCIA DE DADOS I;2885532.0;60;2019;1;24T56 (11/02/2019 - 29/06/2019);CONSOLIDADA;30.0;98.0
725;57635489;01;61129;IMD0701;ADMINISTRAÇÃO DE SISTEMAS OPERACIONAIS PARA REDES;1054235.0;60;2019;1;24T56 (11/02/2019 - 29/06/2019);CONSOLIDADA;34.0;78.0
726;57635490;01;63934;IMD0725;DESENVOLVIMENTO DE PROJETOS DE REDES DE COMPUTADORES;1994173.0;60;2019;1;6N1234 (11/02/2019 - 29/06/2019);CONSOLIDADA;32.0;64.0
727;57635491;01;66482;IMD0605;SEMINÁRIOS EM BIOINFORMÁTICA;2276280.0;15;2019;1;4M56 (11/02/2019 - 29/06/2019);CONSOLIDADA;50.0;50.0
728;57635491;01;66482;IMD0605;SEMINÁRIOS EM BIOINFORMÁTICA;2170415.0;15;2019;1;4M56 (11/02/2019 - 29/06/2019);CONSOLIDADA;50.0;50.0
729;57635493;01;63936;IMD0601;BIOESTATÍSTICA;3063244.0;60;2019;1;24T12 (11/02/2019 - 29/06/2019);CONSOLIDADA;29.0;14.0
730;57635494;01;55059;IMD0521;FUNDAMENTOS DE JOGOS DIGITAIS;2978747.0;60;2019;1;24T56 (11/02/2019 - 29/06/2019);CONSOLIDADA;42.0;111.0
731;57635495;01;66481;IMD0811;MOTORES DE JOGOS DIGITAIS;1969071.0;60;2019;1;35T34 (11/02/2019 - 29/06/2019);CONSOLIDADA;38.0;24.0
732;57635728;01;55085;IMD0524;EDUCAÇÃO A DISTÂNCIA;2164809.0;60;2019;1;35N34 (11/02/2019 - 29/06/2019);CONSOLIDADA;32.0;86.0
733;57638492;01;21753;DIM0321;LINGUAGENS DE PROGRAMAÇÃO;3096045.0;60;2019;1;35M12;CONSOLIDADA;40.0;22.0
734;57638494;01;21747;DIM0104;SOFTWARES APLICATIVOS;6350518.0;60;2019;1;24T34;CONSOLIDADA;40.0;30.0
735;57638496;01;25247;DIM0320;ALGORITMO E PROGRAMACAO DE COMPUTADORES;3096045.0;60;2019;1;35M34;CONSOLIDADA;55.0;17.0
736;57638497;02;25247;DIM0320;ALGORITMO E PROGRAMACAO DE COMPUTADORES;6350518.0;60;2019;1;35M56;CONSOLIDADA;57.0;18.0
737;57638498;03;25247;DIM0320;ALGORITMO E PROGRAMACAO DE COMPUTADORES;3096045.0;60;2019;1;35M56;CONSOLIDADA;40.0;8.0
738;57638499;04;25247;DIM0320;ALGORITMO E PROGRAMACAO DE COMPUTADORES;6350518.0;60;2019;1;35T12;CONSOLIDADA;40.0;25.0
739;57638501;05;25247;DIM0320;ALGORITMO E PROGRAMACAO DE COMPUTADORES;3096045.0;60;2019;1;35T12;CONSOLIDADA;25.0;11.0
740;57638504;06;25247;DIM0320;ALGORITMO E PROGRAMACAO DE COMPUTADORES;6350518.0;60;2019;1;35T34;CONSOLIDADA;40.0;13.0
741;57638592;01;66368;DIM0123;PENSAMENTO COMPUTACIONAL;1671962.0;60;2019;1;24T12 (11/02/2019 - 29/06/2019);CONSOLIDADA;37.0;8.0
742;57638593;01;52866;DIM0549;GRAFOS;1201268.0;60;2019;1;35M12 (11/02/2019 - 29/06/2019);CONSOLIDADA;40.0;10.0
743;57638594;01;66373;DIM0124;PROGRAMAÇÃO CONCORRENTE;1678918.0;60;2019;1;35M34 (11/02/2019 - 29/06/2019);CONSOLIDADA;30.0;7.0
744;57638595;02;66368;DIM0123;PENSAMENTO COMPUTACIONAL;3241425.0;60;2019;1;24T34 (11/02/2019 - 29/06/2019);CONSOLIDADA;40.0;6.0
745;57638600;01;66374;DIM0125;BANCO DE DADOS;1639701.0;90;2019;1;24T34 6T56 (11/02/2019 - 29/06/2019);CONSOLIDADA;40.0;41.0
746;57638601;01;21764;DIM0410;TREINAMENTO PARA COMPETICOES DE PROGRAMACAO;2929823.0;30;2019;1;6T3456;CONSOLIDADA;25.0;27.0
747;57638601;01;21764;DIM0410;TREINAMENTO PARA COMPETICOES DE PROGRAMACAO;1845280.0;30;2019;1;6T3456;CONSOLIDADA;25.0;27.0
748;57638602;01;21790;DIM0438;REDES DE COMPUTADORES;1525670.0;60;2019;1;35M56;CONSOLIDADA;30.0;20.0
749;57638603;01;40134;DIM0443;INTERACAO HUMANO-COMPUTADOR;1356585.0;60;2019;1;35M56;CONSOLIDADA;40.0;17.0
750;57638604;01;2040700;DIM0490;TÓPICOS ESPECIAIS EM COMPUTAÇÃO XI;1172485.0;60;2019;1;35T56;EXCLUÍDA;20.0;0.0
751;57638605;01;2054904;DIM0501;BOAS PRÁTICAS DE PROGRAMAÇÃO;2274774.0;30;2019;1;3T56;CONSOLIDADA;42.0;59.0
752;57638606;01;2054906;DIM0504;ANÁLISE E PROJETO ORIENTADO A OBJETOS;1754430.0;60;2019;1;35T12;CONSOLIDADA;40.0;28.0
753;57638607;01;2054910;DIM0506;PROJETO DETALHADO DE SOFTWARE;1644456.0;60;2019;1;35T34;EXCLUÍDA;40.0;0.0
754;57638608;01;2054911;DIM0507;TESTE DE SOFTWARE I;1709820.0;60;2019;1;24T12;CONSOLIDADA;42.0;49.0
755;57638609;01;2054913;DIM0510;PROCESSOS DE SOFTWARE;1671962.0;15;2019;1;35T12;CONSOLIDADA;40.0;11.0
756;57638609;01;2054913;DIM0510;PROCESSOS DE SOFTWARE;1961108.0;45;2019;1;35T12;CONSOLIDADA;40.0;11.0
757;57638610;01;2054914;DIM0511;ENGENHARIA DE REQUISITOS;2195240.0;60;2019;1;35T12;CONSOLIDADA;30.0;26.0
758;57638611;01;2054919;DIM0516;MÉTODOS FORMAIS DE ENGENHARIA DE SOFTWARE;1639701.0;60;2019;1;24T12;CONSOLIDADA;40.0;13.0
759;57638612;01;2054921;DIM0517;GERÊNCIA DE CONFIGURAÇÃO E MUDANÇAS;1671962.0;15;2019;1;35T34;CONSOLIDADA;30.0;29.0
760;57638612;01;2054921;DIM0517;GERÊNCIA DE CONFIGURAÇÃO E MUDANÇAS;1961108.0;45;2019;1;35T34;CONSOLIDADA;30.0;29.0
761;57638613;01;2054922;DIM0518;PLANEJAMENTO E GERENCIAMENTO DE PROJETOS;2195240.0;60;2019;1;35T56;CONSOLIDADA;40.0;43.0
762;57638614;01;2054928;DIM0529;DESENVOLVIMENTO EM TIMES;1149561.0;60;2019;1;35M56;CONSOLIDADA;40.0;15.0
763;57638615;01;2054951;DIM0535;TÓPICOS ESPECIAIS EM ENGENHARIA DE SOFTWARE V;1671962.0;60;2019;1;35T56;CONSOLIDADA;40.0;25.0
764;57638616;01;2054954;DIM0538;TÓPICOS ESPECIAIS EM ENGENHARIA DE SOFTWARE VIII;1754430.0;60;2019;1;35T34;CONSOLIDADA;30.0;8.0
765;57638617;01;52867;DIM0546;DESENVOLVIMENTO DE SISTEMAS WEB I;1149392.0;60;2019;1;35T12 (11/02/2019 - 29/06/2019);CONSOLIDADA;42.0;59.0
766;57638618;01;52813;DIM0548;ENGENHARIA DE LINGUAGENS;1495704.0;60;2019;1;24T34 (11/02/2019 - 29/06/2019);CONSOLIDADA;30.0;24.0
767;57638619;02;52866;DIM0549;GRAFOS;2859606.0;60;2019;1;35M56 (11/02/2019 - 29/06/2019);CONSOLIDADA;40.0;29.0
768;57638620;01;52811;DIM0550;MÉTODOS EXPERIMENTAIS EM ENGENHARIA DE SOFTWARE;1213777.0;30;2019;1;35T34 (11/02/2019 - 29/06/2019);CONSOLIDADA;40.0;22.0
769;57638620;01;52811;DIM0550;MÉTODOS EXPERIMENTAIS EM ENGENHARIA DE SOFTWARE;2316877.0;30;2019;1;35T34 (11/02/2019 - 29/06/2019);CONSOLIDADA;40.0;22.0
770;57638621;01;2054920;DIM0590;PROPOSTA DE TRABALHO DE CONCLUSÃO DE CURSO;6350797.0;30;2019;1;6T34;CONSOLIDADA;20.0;8.0
771;57638622;01;55371;DIM0614;PROGRAMAÇÃO DISTRIBUÍDA;1213777.0;30;2019;1;35T34 (11/02/2019 - 29/06/2019);CONSOLIDADA;30.0;13.0
772;57638622;01;55371;DIM0614;PROGRAMAÇÃO DISTRIBUÍDA;2510306.0;30;2019;1;35T34 (11/02/2019 - 29/06/2019);CONSOLIDADA;30.0;13.0
773;57638623;01;64732;DIM0117;ESTRUTURAS DE DADOS BÁSICAS II;2859606.0;60;2019;1;35M34 (11/02/2019 - 29/06/2019);CONSOLIDADA;38.0;15.0
774;57638624;01;64786;DIM0119;ESTRUTURA DE DADOS BÁSICAS I;2497950.0;60;2019;1;35M34 (11/02/2019 - 29/06/2019);CONSOLIDADA;40.0;39.0
775;57638625;01;64787;DIM0120;LINGUAGEM DE PROGRAMAÇÃO I;2497950.0;60;2019;1;35M56 (11/02/2019 - 29/06/2019);CONSOLIDADA;40.0;46.0
776;57638626;01;64788;DIM0121;FUNDAMENTOS MATEMÁTICOS DA COMPUTAÇÃO II;2251108.0;90;2019;1;246M56 (11/02/2019 - 29/06/2019);CONSOLIDADA;65.0;75.0
777;57638632;01;21783;DIM0437;LINGUAGENS DE PROGRAMACAO: CONCEITOS E PARADIGMAS;1495704.0;60;2019;1;24M56;CONSOLIDADA;60.0;22.0
778;57638635;01;2040950;DIM0451;COMPUTAÇÃO GRÁFICA I;2497950.0;60;2019;1;35M12;CONSOLIDADA;40.0;17.0
779;57638636;01;2040701;DIM0491;TÓPICOS ESPECIAIS EM COMPUTAÇÃO XII;2929823.0;60;2019;1;24M34;CONSOLIDADA;25.0;24.0
780;57638639;01;2040702;DIM0492;TÓPICOS ESPECIAIS EM COMPUTAÇÃO XIII;1517271.0;60;2019;1;24T34;CONSOLIDADA;50.0;12.0
781;57638643;01;52972;DIM0601;FUNDAMENTOS MATEMÁTICOS DA COMPUTAÇÃO III;1517271.0;60;2019;1;246T12 (11/02/2019 - 29/06/2019);CONSOLIDADA;60.0;17.0
782;57638643;01;52972;DIM0601;FUNDAMENTOS MATEMÁTICOS DA COMPUTAÇÃO III;2251108.0;30;2019;1;246T12 (11/02/2019 - 29/06/2019);CONSOLIDADA;60.0;17.0
783;57638645;01;52973;DIM0605;PROJETO E ANÁLISE DE ALGORITMOS;1201268.0;60;2019;1;35M34 (11/02/2019 - 29/06/2019);CONSOLIDADA;40.0;4.0
784;57638646;01;52974;DIM0606;LINGUAGENS FORMAIS E AUTÔMATOS;1221251.0;60;2019;1;24M12 (11/02/2019 - 29/06/2019);EXCLUÍDA;30.0;0.0
785;57638648;01;52975;DIM0610;LÓGICA COMPUTACIONAL;1345816.0;60;2019;1;24M12 (11/02/2019 - 29/06/2019);CONSOLIDADA;60.0;11.0
786;57638650;01;55372;DIM0616;SISTEMAS EMBARCADOS;1882699.0;60;2019;1;35M34 (11/02/2019 - 29/06/2019);CONSOLIDADA;60.0;10.0
787;57638654;01;23558;DIM0404;CALCULO NUMERICO PARA CIENCIA DA COMPUTACAO;2929823.0;60;2019;1;35M34;CONSOLIDADA;20.0;17.0
788;57638658;01;21734;DIM0421;REDES SEM FIO;1699087.0;60;2019;1;24T56;CONSOLIDADA;30.0;4.0
789;57638659;01;21759;DIM0439;TEORIA DA COMPUTACAO;1221251.0;60;2019;1;24M12;CONSOLIDADA;60.0;57.0
790;57638660;01;55327;DIM0615.0;PROJETO DE SISTEMAS OPERACIONAIS;6350797.0;60;2019;1;24M34 (11/02/2019 - 29/06/2019);CONSOLIDADA;15.0;9.0
791;57638671;01;55328;DIM0615.1;LABORATORIO DE PROJETO DE SISTEMAS OPERACIONAIS;6350797.0;30;2019;1;6M34 (11/02/2019 - 29/06/2019);CONSOLIDADA;15.0;9.0
792;57639194;01;69651;DIM0135;PROCESSAMENTO DE LINGUAGEM NATURAL;1988053.0;60;2019;1;35T56 (11/02/2019 - 29/06/2019);CONSOLIDADA;20.0;2.0
793;57639196;02;2040700;DIM0490;TÓPICOS ESPECIAIS EM COMPUTAÇÃO XI;1172485.0;60;2019;1;35T34;CONSOLIDADA;25.0;5.0
794;57639199;01;26930;DIM0333;ELEM.DE PESQ.OPER.APLIC. A INDUST.DO PETROLEO;1149561.0;60;2019;1;35M12;CONSOLIDADA;40.0;2.0
795;57639380;01;69634;DIM0127;ARQUITETURA DE COMPUTADORES;1694485.0;60;2019;1;24M34 (11/02/2019 - 29/06/2019);CONSOLIDADA;31.0;58.0
796;57639381;01;69639;DIM0132;PROBABILIDADE;1350250.0;60;2019;1;35M12 (11/02/2019 - 29/06/2019);CONSOLIDADA;50.0;28.0
797;57639383;01;69637;DIM0133;INTRODUÇÃO ÀS TÉCNICAS DE PROGRAMAÇÃO;2524467.0;90;2019;1;246M12 (11/02/2019 - 29/06/2019);CONSOLIDADA;40.0;44.0
798;57639386;01;69701;DIM0139;INTELIGÊNCIA ARTIFICIAL PARA JOGOS II;1363515.0;30;2019;1;24T12 (11/02/2019 - 29/06/2019);EXCLUÍDA;40.0;3.0
799;57639386;01;69701;DIM0139;INTELIGÊNCIA ARTIFICIAL PARA JOGOS II;2978747.0;30;2019;1;24T12 (11/02/2019 - 29/06/2019);EXCLUÍDA;40.0;3.0
800;57639397;01;69698;DIM0138;PROJETO DETALHADO DE SOFTWARE;1644456.0;60;2019;1;35T34 (11/02/2019 - 29/06/2019);CONSOLIDADA;40.0;27.0
801;57640371;01;69592;IMD0290;TÓPICOS ESPECIAIS EM INTERNET DAS COISAS A;1542998.0;60;2019;1;24N12 (11/02/2019 - 29/06/2019);CONSOLIDADA;30.0;27.0
802;57640372;01;69695;IMD0713;REDES MULTIMIDIA;1231792.0;60;2019;1;35N12 (11/02/2019 - 29/06/2019);CONSOLIDADA;38.0;7.0
803;57640373;01;69696;IMD0718;FORENSE COMPUTACIONAL;1231792.0;60;2019;1;35N34 (11/02/2019 - 29/06/2019);CONSOLIDADA;28.0;19.0
804;57640374;01;69587;IMD0902;INTRODUÇÃO A INTERNET DAS COISAS;2244846.0;60;2019;1;35T34 (11/02/2019 - 29/06/2019);CONSOLIDADA;28.0;58.0
805;57640375;01;69586;IMD0904;PLATAFORMAS DE HARDWARE PARA INTERNET DAS COISAS;2244846.0;60;2019;1;35T56 (11/02/2019 - 29/06/2019);CONSOLIDADA;28.0;35.0
806;57640376;01;69602;IMD0802;DESIGN DE NÍVEIS DE JOGOS;3104412.0;60;2019;1;35T12 (11/02/2019 - 29/06/2019);CONSOLIDADA;38.0;16.0
807;57640377;01;69603;IMD0812;JOGOS EM REDE MULTIUSUÁRIOS;3104412.0;60;2019;1;35T56 (11/02/2019 - 29/06/2019);CONSOLIDADA;30.0;17.0
808;57640378;01;69604;IMD0814;INTELIGÊNCIA ARTIFICIAL PARA JOGOS II;1363515.0;30;2019;1;24T12 (11/02/2019 - 29/06/2019);EXCLUÍDA;38.0;0.0
809;57640378;01;69604;IMD0814;INTELIGÊNCIA ARTIFICIAL PARA JOGOS II;2978747.0;30;2019;1;24T12 (11/02/2019 - 29/06/2019);EXCLUÍDA;38.0;0.0
810;57640379;01;69612;IMD1101;APRENDIZADO DE MÁQUINA;4351681.0;30;2019;1;35M34 (11/02/2019 - 29/06/2019);CONSOLIDADA;28.0;19.0
811;57640379;01;69612;IMD1101;APRENDIZADO DE MÁQUINA;1350250.0;30;2019;1;35M34 (11/02/2019 - 29/06/2019);CONSOLIDADA;28.0;19.0
812;57640782;01;69594;IMD0292;TÓPICOS ESPECIAIS EM INTERNET DAS COISAS C;1721835.0;60;2019;1;35T56 (11/02/2019 - 29/06/2019);CONSOLIDADA;38.0;12.0
813;57641738;02;69634;DIM0127;ARQUITETURA DE COMPUTADORES;1882699.0;60;2019;1;35M56 (11/02/2019 - 29/06/2019);CONSOLIDADA;32.0;29.0
814;57641740;01;61087;IMD0254;TÓPICOS ESPECIAIS EM INFORMÁTICA EDUCACIONAL E;2178446.0;60;2019;1;24N34 (11/02/2019 - 29/06/2019);CONSOLIDADA;30.0;42.0
815;57641780;01;59739;IMD0109;TÓPICOS ESPECIAIS EM TECNOLOGIA DA INFORMAÇÃO X;2278403.0;30;2019;1;246T12 (13/05/2019 - 29/06/2019);CONSOLIDADA;20.0;12.0
816;57641783;02;69637;DIM0133;INTRODUÇÃO ÀS TÉCNICAS DE PROGRAMAÇÃO;1363515.0;90;2019;1;24T1234 (20/03/2019 - 29/06/2019);CONSOLIDADA;30.0;26.0
817;57586177;01;55023;IMD0029;ESTRUTURA DE DADOS BÁSICAS I;2497950.0;60;2016;2;35M12 (25/07/2016 - 17/12/2016);CONSOLIDADA;60.0;27.0
818;57586198;01;55024;IMD0030;LINGUAGEM DE PROGRAMAÇÃO I;2497950.0;30;2016;2;35M34 (25/07/2016 - 17/12/2016);CONSOLIDADA;30.0;28.0
819;57586202;01;55031;IMD0019;RESOLUÇÃO DE PROBLEMAS MATEMÁTICOS PARA TI;2978747.0;30;2016;2;246T2345 (25/07/2016 - 17/12/2016);CONSOLIDADA;74.0;110.0
820;57586202;01;55031;IMD0019;RESOLUÇÃO DE PROBLEMAS MATEMÁTICOS PARA TI;2241509.0;150;2016;2;246T2345 (25/07/2016 - 17/12/2016);CONSOLIDADA;74.0;110.0
821;57586215;02;55031;IMD0019;RESOLUÇÃO DE PROBLEMAS MATEMÁTICOS PARA TI;2241509.0;150;2016;2;246N1234 (25/07/2016 - 17/12/2016);CONSOLIDADA;69.0;76.0
822;57586215;02;55031;IMD0019;RESOLUÇÃO DE PROBLEMAS MATEMÁTICOS PARA TI;1495851.0;30;2016;2;246N1234 (25/07/2016 - 17/12/2016);CONSOLIDADA;69.0;76.0
823;57586217;01;55019;IMD0017;PRÁTICAS DE LEITURA E ESCRITA EM PORTUGUÊS I;2916579.0;30;2016;2;3T12 (25/07/2016 - 17/12/2016);CONSOLIDADA;65.0;37.0
824;57586221;02;55019;IMD0017;PRÁTICAS DE LEITURA E ESCRITA EM PORTUGUÊS I;2916579.0;30;2016;2;3N12 (25/07/2016 - 17/12/2016);EXCLUÍDA;60.0;0.0
825;57586228;01;55020;IMD0018;PRÁTICAS DE LEITURA EM INGLÊS;1066675.0;30;2016;2;3T56 (25/07/2016 - 17/12/2016);CONSOLIDADA;65.0;46.0
826;57586231;01;55082;IMD0020;TECNOLOGIA DA INFORMAÇÃO E SOCIEDADE;2164809.0;30;2016;2;3T34 (25/07/2016 - 17/12/2016);CONSOLIDADA;65.0;11.0
827;57586236;02;55082;IMD0020;TECNOLOGIA DA INFORMAÇÃO E SOCIEDADE;2164809.0;30;2016;2;3N34 (25/07/2016 - 17/12/2016);CONSOLIDADA;60.0;11.0
828;57586247;01;52651;IMD0012.0;INTRODUÇÃO ÀS TÉCNICAS DE PROGRAMAÇÃO;1307580.0;60;2016;2;35M12 (25/07/2016 - 17/12/2016);CONSOLIDADA;60.0;33.0
829;57586250;02;52651;IMD0012.0;INTRODUÇÃO ÀS TÉCNICAS DE PROGRAMAÇÃO;1363515.0;60;2016;2;35M34 (25/07/2016 - 17/12/2016);CONSOLIDADA;60.0;30.0
830;57586253;03;52651;IMD0012.0;INTRODUÇÃO ÀS TÉCNICAS DE PROGRAMAÇÃO;1969071.0;60;2016;2;35T12 (25/07/2016 - 17/12/2016);CONSOLIDADA;60.0;22.0
831;57586254;04;52651;IMD0012.0;INTRODUÇÃO ÀS TÉCNICAS DE PROGRAMAÇÃO;2245086.0;60;2016;2;35T34 (25/07/2016 - 17/12/2016);CONSOLIDADA;60.0;38.0
832;57586256;05;52651;IMD0012.0;INTRODUÇÃO ÀS TÉCNICAS DE PROGRAMAÇÃO;2451906.0;60;2016;2;35N12 (25/07/2016 - 17/12/2016);CONSOLIDADA;60.0;53.0
833;57586258;06;52651;IMD0012.0;INTRODUÇÃO ÀS TÉCNICAS DE PROGRAMAÇÃO;2241425.0;60;2016;2;35N34 (25/07/2016 - 17/12/2016);CONSOLIDADA;60.0;14.0
834;57586259;01;52652;IMD0012.1;PRÁTICAS DE TÉCNICAS DE PROGRAMAÇÃO;1363515.0;30;2016;2;3M56 (25/07/2016 - 17/12/2016);CONSOLIDADA;40.0;45.0
835;57586260;02;52652;IMD0012.1;PRÁTICAS DE TÉCNICAS DE PROGRAMAÇÃO;1949528.0;30;2016;2;5M56 (25/07/2016 - 17/12/2016);CONSOLIDADA;40.0;8.0
836;57586277;03;52652;IMD0012.1;PRÁTICAS DE TÉCNICAS DE PROGRAMAÇÃO;1363515.0;30;2016;2;5M56 (25/07/2016 - 17/12/2016);CONSOLIDADA;40.0;22.0
837;57586278;04;52652;IMD0012.1;PRÁTICAS DE TÉCNICAS DE PROGRAMAÇÃO;2241425.0;30;2016;2;3T56 (25/07/2016 - 17/12/2016);CONSOLIDADA;40.0;31.0
838;57586279;05;52652;IMD0012.1;PRÁTICAS DE TÉCNICAS DE PROGRAMAÇÃO;1949528.0;30;2016;2;5T56 (25/07/2016 - 17/12/2016);CONSOLIDADA;40.0;17.0
839;57586280;06;52652;IMD0012.1;PRÁTICAS DE TÉCNICAS DE PROGRAMAÇÃO;1949528.0;30;2016;2;5T56 (25/07/2016 - 17/12/2016);EXCLUÍDA;40.0;0.0
840;57586281;07;52652;IMD0012.1;PRÁTICAS DE TÉCNICAS DE PROGRAMAÇÃO;2278573.0;30;2016;2;3N12 (25/07/2016 - 17/12/2016);CONSOLIDADA;30.0;4.0
841;57586282;08;52652;IMD0012.1;PRÁTICAS DE TÉCNICAS DE PROGRAMAÇÃO;2140866.0;30;2016;2;3N34 (25/07/2016 - 17/12/2016);CONSOLIDADA;30.0;30.0
842;57586284;09;52652;IMD0012.1;PRÁTICAS DE TÉCNICAS DE PROGRAMAÇÃO;2278573.0;30;2016;2;5N12 (25/07/2016 - 17/12/2016);CONSOLIDADA;30.0;12.0
843;57586285;10;52652;IMD0012.1;PRÁTICAS DE TÉCNICAS DE PROGRAMAÇÃO;2140866.0;30;2016;2;5N34 (25/07/2016 - 17/12/2016);CONSOLIDADA;30.0;15.0
844;57586286;01;52662;IMD0024;CÁLCULO DIFERENCIAL E INTEGRAL I;2989758.0;90;2016;2;246T56 (25/07/2016 - 17/12/2016);CONSOLIDADA;65.0;54.0
845;57586287;02;52662;IMD0024;CÁLCULO DIFERENCIAL E INTEGRAL I;2693180.0;90;2016;2;246N12 (25/07/2016 - 17/12/2016);CONSOLIDADA;65.0;39.0
846;57586288;03;52662;IMD0024;CÁLCULO DIFERENCIAL E INTEGRAL I;2693180.0;90;2016;2;246N34 (25/07/2016 - 17/12/2016);CONSOLIDADA;65.0;25.0
847;57586290;04;52662;IMD0024;CÁLCULO DIFERENCIAL E INTEGRAL I;4857233.0;90;2016;2;246M34 (25/07/2016 - 17/12/2016);CONSOLIDADA;62.0;65.0
848;57586293;01;55021;IMD0027;PRÁTICAS DE LEITURA E ESCRITA EM PORTUGUÊS II;2981295.0;15;2016;2;3M34 (25/07/2016 - 17/12/2016);CONSOLIDADA;67.0;84.0
849;57586293;01;55021;IMD0027;PRÁTICAS DE LEITURA E ESCRITA EM PORTUGUÊS II;2916579.0;15;2016;2;3M34 (25/07/2016 - 17/12/2016);CONSOLIDADA;67.0;84.0
850;57586295;02;55021;IMD0027;PRÁTICAS DE LEITURA E ESCRITA EM PORTUGUÊS II;2916579.0;30;2016;2;3T34 (25/07/2016 - 17/12/2016);CONSOLIDADA;66.0;83.0
851;57586296;03;55021;IMD0027;PRÁTICAS DE LEITURA E ESCRITA EM PORTUGUÊS II;2916579.0;30;2016;2;2N12 (25/07/2016 - 17/12/2016);CONSOLIDADA;65.0;29.0
852;57586297;04;55021;IMD0027;PRÁTICAS DE LEITURA E ESCRITA EM PORTUGUÊS II;2916579.0;30;2016;2;2N34 (25/07/2016 - 17/12/2016);CONSOLIDADA;65.0;41.0
853;57586303;01;55022;IMD0028;FUNDAMENTOS MATEMÁTICOS DA COMPUTAÇÃO I;2276603.0;90;2016;2;246M12 (25/07/2016 - 17/12/2016);CONSOLIDADA;65.0;55.0
854;57586312;02;55022;IMD0028;FUNDAMENTOS MATEMÁTICOS DA COMPUTAÇÃO I;1988053.0;90;2016;2;246M56 (25/07/2016 - 17/12/2016);CONSOLIDADA;65.0;47.0
855;57586314;03;55022;IMD0028;FUNDAMENTOS MATEMÁTICOS DA COMPUTAÇÃO I;2276603.0;90;2016;2;246T12 (25/07/2016 - 17/12/2016);CONSOLIDADA;65.0;66.0
856;57586317;04;55022;IMD0028;FUNDAMENTOS MATEMÁTICOS DA COMPUTAÇÃO I;2278403.0;90;2016;2;246N12 (25/07/2016 - 17/12/2016);CONSOLIDADA;65.0;62.0
857;57586319;05;55022;IMD0028;FUNDAMENTOS MATEMÁTICOS DA COMPUTAÇÃO I;2278403.0;90;2016;2;246N34 (25/07/2016 - 17/12/2016);CONSOLIDADA;65.0;18.0
858;57586321;01;52665;IMD0034;VETORES E GEOMETRIA ANALÍTICA;2042579.0;60;2016;2;24M34 (25/07/2016 - 17/12/2016);CONSOLIDADA;65.0;10.0
859;57586324;02;52665;IMD0034;VETORES E GEOMETRIA ANALÍTICA;4857233.0;60;2016;2;46N12 (25/07/2016 - 17/12/2016);CONSOLIDADA;65.0;24.0
860;57586328;03;52665;IMD0034;VETORES E GEOMETRIA ANALÍTICA;2042579.0;60;2016;2;24M56 (25/07/2016 - 17/12/2016);CONSOLIDADA;65.0;40.0
861;57586333;04;52665;IMD0034;VETORES E GEOMETRIA ANALÍTICA;2042579.0;60;2016;2;24T34 (25/07/2016 - 17/12/2016);CONSOLIDADA;65.0;62.0
862;57586338;05;52665;IMD0034;VETORES E GEOMETRIA ANALÍTICA;4857233.0;60;2016;2;46N34 (25/07/2016 - 17/12/2016);CONSOLIDADA;65.0;49.0
863;57586351;02;55023;IMD0029;ESTRUTURA DE DADOS BÁSICAS I;2278805.0;60;2016;2;35T12 (25/07/2016 - 17/12/2016);CONSOLIDADA;60.0;54.0
864;57586359;03;55023;IMD0029;ESTRUTURA DE DADOS BÁSICAS I;2276280.0;30;2016;2;35N12 (25/07/2016 - 17/12/2016);CONSOLIDADA;60.0;47.0
865;57586359;03;55023;IMD0029;ESTRUTURA DE DADOS BÁSICAS I;2170415.0;30;2016;2;35N12 (25/07/2016 - 17/12/2016);CONSOLIDADA;60.0;47.0
866;57586361;04;55023;IMD0029;ESTRUTURA DE DADOS BÁSICAS I;2274774.0;60;2016;2;35N34 (25/07/2016 - 17/12/2016);CONSOLIDADA;40.0;30.0
867;57586362;02;55024;IMD0030;LINGUAGEM DE PROGRAMAÇÃO I;2978747.0;60;2016;2;35M56 (25/07/2016 - 17/12/2016);CONSOLIDADA;30.0;19.0
868;57586366;03;55024;IMD0030;LINGUAGEM DE PROGRAMAÇÃO I;1495704.0;60;2016;2;35T34 (25/07/2016 - 17/12/2016);CONSOLIDADA;30.0;30.0
869;57586369;04;55024;IMD0030;LINGUAGEM DE PROGRAMAÇÃO I;2316877.0;60;2016;2;35T56 (25/07/2016 - 17/12/2016);CONSOLIDADA;30.0;17.0
870;57586373;05;55024;IMD0030;LINGUAGEM DE PROGRAMAÇÃO I;2276280.0;60;2016;2;35N34 (25/07/2016 - 17/12/2016);CONSOLIDADA;32.0;34.0
871;57586392;06;55024;IMD0030;LINGUAGEM DE PROGRAMAÇÃO I;1307580.0;60;2016;2;35N34 (25/07/2016 - 17/12/2016);CONSOLIDADA;30.0;5.0
872;57586393;07;55024;IMD0030;LINGUAGEM DE PROGRAMAÇÃO I;2266415.0;60;2016;2;35N12 (25/07/2016 - 17/12/2016);CONSOLIDADA;40.0;36.0
873;57586394;01;52664;IMD0033;PROBABILIDADE;1350250.0;60;2016;2;24M12 (25/07/2016 - 17/12/2016);CONSOLIDADA;60.0;17.0
874;57586395;02;52664;IMD0033;PROBABILIDADE;2989758.0;60;2016;2;24N12 (25/07/2016 - 17/12/2016);CONSOLIDADA;60.0;42.0
875;57586396;01;55025;IMD0038;FUNDAMENTOS MATEMÁTICOS DA COMPUTAÇÃO II;1517271.0;45;2016;2;246M34 (25/07/2016 - 17/12/2016);CONSOLIDADA;60.0;38.0
876;57586396;01;55025;IMD0038;FUNDAMENTOS MATEMÁTICOS DA COMPUTAÇÃO II;2251108.0;45;2016;2;246M34 (25/07/2016 - 17/12/2016);CONSOLIDADA;60.0;38.0
877;57586397;02;55025;IMD0038;FUNDAMENTOS MATEMÁTICOS DA COMPUTAÇÃO II;1495851.0;90;2016;2;246N12 (25/07/2016 - 17/12/2016);CONSOLIDADA;63.0;74.0
878;57586398;01;55026;IMD0039;ESTRUTURAS DE DADOS BÁSICAS II;2859606.0;60;2016;2;35M12 (25/07/2016 - 17/12/2016);CONSOLIDADA;40.0;38.0
879;57586399;02;55026;IMD0039;ESTRUTURAS DE DADOS BÁSICAS II;2170415.0;60;2016;2;35N34 (25/07/2016 - 17/12/2016);CONSOLIDADA;45.0;65.0
880;57586400;01;55027;IMD0040;LINGUAGEM DE PROGRAMAÇÃO II;4351681.0;60;2016;2;35M34 (25/07/2016 - 17/12/2016);CONSOLIDADA;40.0;37.0
881;57586401;02;55027;IMD0040;LINGUAGEM DE PROGRAMAÇÃO II;2241425.0;60;2016;2;35N12 (25/07/2016 - 17/12/2016);CONSOLIDADA;43.0;65.0
882;57586402;01;56269;IMD0044;PRÁTICAS DE LEITURA E ESCRITA EM INGLÊS;1066675.0;60;2016;2;35T34 (25/07/2016 - 17/12/2016);CONSOLIDADA;60.0;45.0
883;57586403;01;59735;IMD0105;TÓPICOS ESPECIAIS EM TECNOLOGIA DA INFORMAÇÃO VI;2916579.0;60;2016;2;24T56 (25/07/2016 - 17/12/2016);EXCLUÍDA;60.0;0.0
884;57586405;01;59736;IMD0106;TÓPICOS ESPECIAIS EM TECNOLOGIA DA INFORMAÇÃO VII;2467763.0;60;2016;2;4M1234 (25/07/2016 - 17/12/2016);EXCLUÍDA;30.0;0.0
885;57586621;01;2054906;DIM0504;ANÁLISE E PROJETO ORIENTADO A OBJETOS;1356585.0;60;2016;2;35T12;CONSOLIDADA;40.0;37.0
886;57586625;01;2054905;DIM0505;LÓGICA APLICADA A ENGENHARIA DE SOFTWARE;1639701.0;60;2016;2;24T34;CONSOLIDADA;42.0;20.0
887;57586629;01;2054912;DIM0508;PROJETO DE INTERFACES DE USUÁRIO;1149392.0;60;2016;2;35T34;CONSOLIDADA;40.0;56.0
888;57586635;01;2054913;DIM0510;PROCESSOS DE SOFTWARE;1961108.0;60;2016;2;24T34;CONSOLIDADA;30.0;34.0
889;57586641;01;2054915;DIM0512;TESTE DE SOFTWARE II;1709820.0;60;2016;2;35T12;CONSOLIDADA;30.0;17.0
890;57586644;01;2054917;DIM0514;ARQUITETURA DE SOFTWARE;1213777.0;30;2016;2;35M56;CONSOLIDADA;30.0;18.0
891;57586644;01;2054917;DIM0514;ARQUITETURA DE SOFTWARE;1149392.0;30;2016;2;35M56;CONSOLIDADA;30.0;18.0
892;57586649;01;2054921;DIM0517;GERÊNCIA DE CONFIGURAÇÃO E MUDANÇAS;1671962.0;60;2016;2;35T34;CONSOLIDADA;30.0;16.0
893;57586662;01;2054916;DIM0519;QUALIDADE DE SOFTWARE;1149561.0;60;2016;2;35M56;EXCLUÍDA;40.0;2.0
894;57586663;01;2054927;DIM0524;DESENVOLVIMENTO DE SISTEMAS PARA DISPOSITIVOS MÓVEIS;2180207.0;60;2016;2;24T56;CONSOLIDADA;40.0;57.0
895;57586664;01;2054930;DIM0531;TÓPICOS ESPECIAIS EM ENGENHARIA DE SOFTWARE I;1213777.0;60;2016;2;35M34;CONSOLIDADA;25.0;35.0
896;57586665;01;2054953;DIM0537;TÓPICOS ESPECIAIS EM ENGENHARIA DE SOFTWARE VII;1754430.0;60;2016;2;35T56;CONSOLIDADA;30.0;13.0
897;57586667;01;2054954;DIM0538;TÓPICOS ESPECIAIS EM ENGENHARIA DE SOFTWARE VIII;1754430.0;60;2016;2;35T34;CONSOLIDADA;30.0;3.0
898;57586669;01;52870;DIM0547;DESENVOLVIMENTO DE SISTEMAS WEB II;2316877.0;60;2016;2;24T12 (25/07/2016 - 17/12/2016);CONSOLIDADA;40.0;42.0
899;57586670;01;2054920;DIM0590;PROPOSTA DE TRABALHO DE CONCLUSÃO DE CURSO;1221251.0;30;2016;2;4M34;CONSOLIDADA;30.0;12.0
900;57586672;01;55369;DIM0612;PROGRAMAÇÃO CONCORRENTE;2316877.0;60;2016;2;35T34 (25/07/2016 - 17/12/2016);CONSOLIDADA;40.0;39.0
901;57586679;01;26923;DIM0098;TOPICOS ESPECIAIS EM COMPUTACAO IX;1172485.0;60;2016;2;35T34;CONSOLIDADA;40.0;9.0
902;57586681;01;2022854;DIM0109.0;CIRCUITOS LÓGICOS;6350797.0;60;2016;2;24M56;CONSOLIDADA;40.0;20.0
903;57586685;01;2022855;DIM0109.1;LABORATÓRIO DE CIRCUITOS LÓGICOS;6350797.0;30;2016;2;6T12;CONSOLIDADA;40.0;20.0
904;57586689;01;21785;DIM0406;ALGORITMOS AVANÇADOS;2859606.0;60;2016;2;35M34;CONSOLIDADA;40.0;26.0
905;57586690;01;21764;DIM0410;TREINAMENTO PARA COMPETICOES DE PROGRAMACAO;2929823.0;30;2016;2;6T3456;CONSOLIDADA;30.0;24.0
906;57586690;01;21764;DIM0410;TREINAMENTO PARA COMPETICOES DE PROGRAMACAO;1845280.0;30;2016;2;6T3456;CONSOLIDADA;30.0;24.0
907;57586693;01;21771;DIM0431;ORGANIZACAO E ARQUITETURA DE COMPUTADORES;1694485.0;60;2016;2;24M34;CONSOLIDADA;60.0;30.0
908;57586697;01;21783;DIM0437;LINGUAGENS DE PROGRAMACAO: CONCEITOS E PARADIGMAS;1495704.0;60;2016;2;35T56;CONSOLIDADA;40.0;22.0
909;57586702;01;21790;DIM0438;REDES DE COMPUTADORES;1699087.0;60;2016;2;35M56;CONSOLIDADA;40.0;22.0
910;57586706;01;40134;DIM0443;INTERACAO HUMANO-COMPUTADOR;1356585.0;60;2016;2;35T56;CONSOLIDADA;40.0;8.0
911;57586713;01;2040950;DIM0451;COMPUTAÇÃO GRÁFICA I;2177445.0;60;2016;2;35M34;CONSOLIDADA;40.0;7.0
912;57586720;01;52866;DIM0549;GRAFOS;1988053.0;60;2016;2;24T34 (25/07/2016 - 17/12/2016);EXCLUÍDA;40.0;0.0
913;57586724;01;52973;DIM0605;PROJETO E ANÁLISE DE ALGORITMOS;1201268.0;60;2016;2;35M12 (25/07/2016 - 17/12/2016);CONSOLIDADA;40.0;7.0
914;57586740;01;52974;DIM0606;LINGUAGENS FORMAIS E AUTÔMATOS;2212166.0;60;2016;2;35T12 (25/07/2016 - 17/12/2016);CONSOLIDADA;40.0;25.0
915;57586744;01;52975;DIM0610;LÓGICA COMPUTACIONAL;2251108.0;30;2016;2;24T12 (25/07/2016 - 17/12/2016);CONSOLIDADA;40.0;13.0
916;57586744;01;52975;DIM0610;LÓGICA COMPUTACIONAL;1517271.0;30;2016;2;24T12 (25/07/2016 - 17/12/2016);CONSOLIDADA;40.0;13.0
917;57586748;01;52990;DIM0611;COMPILADORES;1221251.0;90;2016;2;2M1234 4M12 (25/07/2016 - 17/12/2016);CONSOLIDADA;30.0;2.0
918;57586758;01;26916;DIM0091;TOPICOS ESPECIAIS EM COMPUTACAO II;6350797.0;30;2016;2;5T56;CONSOLIDADA;20.0;8.0
919;57586764;01;52971;DIM0600;PROJETO DE SOFTWARE;1644456.0;60;2016;2;24M56 (25/07/2016 - 17/12/2016);CONSOLIDADA;40.0;35.0
920;57586767;01;55372;DIM0616;SISTEMAS EMBARCADOS;1882699.0;60;2016;2;35M56 (25/07/2016 - 17/12/2016);CONSOLIDADA;40.0;13.0
921;57586784;01;25248;DIM0103;INTRODUCAO A INFORMATICA;2246650.0;60;2016;2;35T12;CONSOLIDADA;60.0;46.0
922;57586831;01;55036;IMD0319;TEORIA DE CIRCUITOS ELÉTRICOS;2140683.0;60;2016;2;24M12 (25/07/2016 - 17/12/2016);CONSOLIDADA;60.0;11.0
923;57586832;01;55040;IMD0320;CIRCUITOS ELETRÔNICOS;2140683.0;90;2016;2;246M56 (25/07/2016 - 17/12/2016);CONSOLIDADA;60.0;4.0
924;57586833;01;55038;IMD0321;PROJETOS BASEADOS EM MICROCONTROLADORES;2244846.0;60;2016;2;35M56 (25/07/2016 - 17/12/2016);CONSOLIDADA;30.0;17.0
925;57586834;01;52673;IMD0309;INSTRUMENTAÇÃO ELETROELETRÔNICA;1157135.0;60;2016;2;24M56 (25/07/2016 - 17/12/2016);CONSOLIDADA;30.0;2.0
926;57586836;01;55041;IMD0325;INTRODUÇÃO A SISTEMAS DE CONTROLE;2143852.0;60;2016;2;35M56 (25/07/2016 - 17/12/2016);CONSOLIDADA;30.0;3.0
927;57586837;01;55044;IMD0326;PROCESSAMENTO DIGITAL DE SINAIS;2244846.0;60;2016;2;35M34 (25/07/2016 - 17/12/2016);CONSOLIDADA;40.0;1.0
928;57586844;01;52666;IMD0036;SISTEMAS OPERACIONAIS;2885532.0;60;2016;2;24T34 (25/07/2016 - 17/12/2016);CONSOLIDADA;40.0;27.0
929;57586846;02;52666;IMD0036;SISTEMAS OPERACIONAIS;2885532.0;60;2016;2;24N34 (25/07/2016 - 17/12/2016);CONSOLIDADA;40.0;11.0
930;57586967;01;21747;DIM0104;SOFTWARES APLICATIVOS;2246650.0;60;2016;2;24T12;CONSOLIDADA;40.0;24.0
931;57586970;01;21753;DIM0321;LINGUAGENS DE PROGRAMAÇÃO;2246650.0;60;2016;2;35M56;CONSOLIDADA;50.0;25.0
932;57586975;02;21753;DIM0321;LINGUAGENS DE PROGRAMAÇÃO;1096045.0;60;2016;2;35M56;CONSOLIDADA;50.0;29.0
933;57586977;03;21753;DIM0321;LINGUAGENS DE PROGRAMAÇÃO;2246650.0;60;2016;2;35T34;CONSOLIDADA;40.0;24.0
934;57586979;04;21753;DIM0321;LINGUAGENS DE PROGRAMAÇÃO;1096045.0;60;2016;2;46T12;CONSOLIDADA;30.0;4.0
935;57586981;01;25247;DIM0320;ALGORITMO E PROGRAMACAO DE COMPUTADORES;347031.0;60;2016;2;35M56;CONSOLIDADA;40.0;33.0
936;57586982;02;25247;DIM0320;ALGORITMO E PROGRAMACAO DE COMPUTADORES;347031.0;60;2016;2;35T56;CONSOLIDADA;60.0;43.0
937;57586983;03;25247;DIM0320;ALGORITMO E PROGRAMACAO DE COMPUTADORES;1096045.0;60;2016;2;35N12;CONSOLIDADA;60.0;32.0
938;57586984;04;25247;DIM0320;ALGORITMO E PROGRAMACAO DE COMPUTADORES;2929823.0;60;2016;2;35M12;CONSOLIDADA;50.0;42.0
939;57586988;05;25247;DIM0320;ALGORITMO E PROGRAMACAO DE COMPUTADORES;1096045.0;60;2016;2;35T12;CONSOLIDADA;40.0;25.0
940;57587373;01;52790;IMD0401;BANCO DE DADOS;2195240.0;60;2016;2;35M34 (25/07/2016 - 17/12/2016);CONSOLIDADA;25.0;21.0
941;57587381;02;52790;IMD0401;BANCO DE DADOS;4351681.0;60;2016;2;24N12 (25/07/2016 - 17/12/2016);CONSOLIDADA;40.0;11.0
942;57587385;01;52789;IMD0404;DESENVOLVIMENTO DE SISTEMAS WEB I;1949528.0;60;2016;2;24N34 (25/07/2016 - 17/12/2016);CONSOLIDADA;40.0;59.0
943;57587395;01;52682;IMD0406;PROTOCOLO E SERVIÇOS DE INTERNET;1054235.0;30;2016;2;6N12 (25/07/2016 - 17/12/2016);CONSOLIDADA;40.0;5.0
944;57587401;01;52683;IMD0407;DESIGN DE SOFTWARE II;2278573.0;60;2016;2;35N34 (25/07/2016 - 17/12/2016);CONSOLIDADA;40.0;23.0
945;57587403;01;52681;IMD0411;INTRODUÇÃO À GOVERNANÇA E GESTÃO DE TI;2885481.0;60;2016;2;35N12 (25/07/2016 - 17/12/2016);CONSOLIDADA;40.0;19.0
946;57587406;01;52795;IMD0410;PROGRAMAÇÃO CONCORRENTE E DISTRIBUÍDA;2278805.0;60;2016;2;24N34 (25/07/2016 - 17/12/2016);CONSOLIDADA;40.0;9.0
947;57587409;01;52690;IMD0502;PROCESSO DE DESENVOLVIMENTO DE SOFTWARE EDUCACIONAL;2245086.0;60;2016;2;35N12 (25/07/2016 - 17/12/2016);CONSOLIDADA;60.0;33.0
948;57587411;01;55056;IMD0518;FUNDAMENTOS PEDAGÓGICOS PARA A INFORMÁTICA EDUCACIONAL II;2178446.0;60;2016;2;24N34 (25/07/2016 - 17/12/2016);CONSOLIDADA;40.0;24.0
949;57587412;01;55084;IMD0523;TECNOLOGIAS EDUCACIONAIS;2451906.0;60;2016;2;35N34 (25/07/2016 - 17/12/2016);CONSOLIDADA;40.0;15.0
950;57587415;01;52697;IMD0510;ACESSIBILIDADE DIGITAL;1976579.0;60;2016;2;6T56  6N12 (25/07/2016 - 17/12/2016);CONSOLIDADA;40.0;17.0
951;57587418;01;55060;IMD0522;JOGOS DIGITAIS COMO FERRAMENTA PEDAGÓGICA;2978747.0;60;2016;2;35T56 (25/07/2016 - 17/12/2016);CONSOLIDADA;43.0;78.0
952;57587432;01;52793;IMD0413;DESENVOLVIMENTO PARA AMBIENTE DESKTOP;2278805.0;60;2016;2;24N12 (25/07/2016 - 17/12/2016);CONSOLIDADA;40.0;35.0
953;57587434;01;52700;IMD0513;EMPREENDEDORISMO;2885481.0;60;2016;2;35N34 (25/07/2016 - 17/12/2016);CONSOLIDADA;60.0;65.0
954;57587436;01;55057;IMD0519;APRENDIZAGEM BASEADA EM PROJETOS;2178446.0;60;2016;2;35N12 (25/07/2016 - 17/12/2016);CONSOLIDADA;40.0;16.0
955;57587438;01;55085;IMD0524;EDUCAÇÃO A DISTÂNCIA;2164809.0;60;2016;2;35N12 (25/07/2016 - 17/12/2016);CONSOLIDADA;40.0;11.0
956;57588943;01;21759;DIM0439;TEORIA DA COMPUTACAO;1345816.0;60;2016;2;35T12;CONSOLIDADA;51.0;54.0
957;57589147;01;62886;IMD0702;SERVIÇOS DE REDE E TRANSPORTE;2467763.0;60;2016;2;35N12 (25/07/2016 - 17/12/2016);CONSOLIDADA;30.0;50.0
958;57589148;01;62887;IMD0703;SEGURANÇA DE REDES;2266415.0;60;2016;2;6N1234 (25/07/2016 - 17/12/2016);CONSOLIDADA;39.0;77.0
959;57589149;01;62888;IMD0704;ADMINISTRAÇÃO DE SERVIÇOS DE REDES PARA INTERNET;2149456.0;60;2016;2;35N34 (25/07/2016 - 17/12/2016);CONSOLIDADA;30.0;53.0
960;57589297;02;52866;DIM0549;GRAFOS;1988053.0;60;2016;2;24T56 (25/07/2016 - 17/12/2016);CONSOLIDADA;42.0;40.0
961;57590057;01;52788;IMD0412;INTRODUÇÃO AO TESTE DE SOFTWARE;2274774.0;60;2016;2;35N12 (25/07/2016 - 17/12/2016);CONSOLIDADA;40.0;18.0
962;57590060;01;55029;IMD0041;INTRODUÇÃO A ORGANIZAÇÃO E ARQUITETURA DE COMPUTADORES;1882699.0;30;2016;2;24T56 (25/07/2016 - 17/12/2016);CONSOLIDADA;42.0;68.0
963;57590060;01;55029;IMD0041;INTRODUÇÃO A ORGANIZAÇÃO E ARQUITETURA DE COMPUTADORES;2140727.0;30;2016;2;24T56 (25/07/2016 - 17/12/2016);CONSOLIDADA;42.0;68.0
964;57590347;01;55028;IMD0043;REDES DE COMPUTADORES;2467763.0;60;2016;2;4M1234 (25/07/2016 - 17/12/2016);EXCLUÍDA;30.0;0.0
965;57590429;01;59738;IMD0108;TÓPICOS ESPECIAIS EM TECNOLOGIA DA INFORMAÇÃO IX;2266415.0;15;2016;2;5T56 (25/07/2016 - 17/12/2016);CONSOLIDADA;30.0;9.0
966;57590429;01;59738;IMD0108;TÓPICOS ESPECIAIS EM TECNOLOGIA DA INFORMAÇÃO IX;2244846.0;15;2016;2;5T56 (25/07/2016 - 17/12/2016);CONSOLIDADA;30.0;9.0
967;57590951;01;2040707;DIM0448;QUALIDADE DE SOFTWARE;1149561.0;60;2016;2;35M56;CONSOLIDADA;40.0;11.0
968;57591449;02;55028;IMD0043;REDES DE COMPUTADORES;2467763.0;60;2016;2;35T56 (25/07/2016 - 17/12/2016);CONSOLIDADA;30.0;22.0
969;57657817;01;66441;IMD1001;MATEMÁTICA ELEMENTAR;4857233.0;60;2020;1;24M34 (17/02/2020 - 04/07/2020);EXCLUÍDA;65.0;0.0
970;57657818;02;66441;IMD1001;MATEMÁTICA ELEMENTAR;2989758.0;60;2020;1;24M34 (17/02/2020 - 04/07/2020);EXCLUÍDA;65.0;0.0
971;57657820;03;66441;IMD1001;MATEMÁTICA ELEMENTAR;4857233.0;60;2020;1;24T34 (17/02/2020 - 04/07/2020);EXCLUÍDA;65.0;0.0
972;57657821;04;66441;IMD1001;MATEMÁTICA ELEMENTAR;4857233.0;60;2020;1;24T12 (17/02/2020 - 04/07/2020);EXCLUÍDA;65.0;0.0
973;57657834;07;66436;IMD1002;ANÁLISE COMBINATÓRIA;2042579.0;30;2020;1;35T34 (20/04/2020 - 04/07/2020);EXCLUÍDA;65.0;0.0
974;57657840;06;66438;IMD1003;GEOMETRIA EUCLIDIANA;1064162.0;30;2020;1;35T12 (17/02/2020 - 30/04/2020);EXCLUÍDA;65.0;0.0
975;57657841;07;66438;IMD1003;GEOMETRIA EUCLIDIANA;1064162.0;30;2020;1;35T34 (17/02/2020 - 30/04/2020);EXCLUÍDA;65.0;0.0
976;57657911;08;66441;IMD1001;MATEMÁTICA ELEMENTAR;4857233.0;60;2020;1;24M34 (17/02/2020 - 24/04/2020), 7M2345 (25/04/2020 - 25/04/2020), 24M34 (26/04/2020 - 22/05/2020), 7M2345 (23/05/2020 - 23/05/2020), 24M34 (24/05/2020 - 26/06/2020), 7M2345 (27/06/2020 - 27/06/2020);EXCLUÍDA;65.0;0.0
977;57657913;09;66441;IMD1001;MATEMÁTICA ELEMENTAR;2989758.0;60;2020;1;24M34 (17/02/2020 - 24/04/2020), 7M2345 (25/04/2020 - 25/04/2020), 24M34 (26/04/2020 - 22/05/2020), 7M2345 (23/05/2020 - 23/05/2020), 24M34 (24/05/2020 - 26/06/2020), 7M2345 (27/06/2020 - 27/06/2020);EXCLUÍDA;65.0;0.0
978;57657923;10;66441;IMD1001;MATEMÁTICA ELEMENTAR;4857233.0;60;2020;1;24M34 (17/02/2020 - 04/07/2020);EXCLUÍDA;65.0;0.0
979;57658110;02;64787;DIM0120;LINGUAGEM DE PROGRAMAÇÃO I;1495704.0;60;2020;1;35M56 (17/02/2020 - 04/07/2020);EXCLUÍDA;36.0;0.0
980;57658591;02;55025;IMD0038;FUNDAMENTOS MATEMÁTICOS DA COMPUTAÇÃO II;2278403.0;90;2020;1;246T56 (17/02/2020 - 04/07/2020);EXCLUÍDA;65.0;10.0
981;57659085;01;72187;DIM0141;VISÃO COMPUTACIONAL;1172485.0;60;2020;1;24T12 (17/02/2020 - 04/07/2020);EXCLUÍDA;25.0;0.0
982;57659411;01;72204;IMD0608;LABORATÓRIO DE MODELAGEM E SIMULAÇÃO COMPUTACIONAL;2276280.0;30;2020;1;6T1234 (17/02/2020 - 04/07/2020);EXCLUÍDA;6.0;1.0
983;57659411;01;72204;IMD0608;LABORATÓRIO DE MODELAGEM E SIMULAÇÃO COMPUTACIONAL;3083298.0;30;2020;1;6T1234 (17/02/2020 - 04/07/2020);EXCLUÍDA;6.0;1.0
984;57659415;01;69602;IMD0802;DESIGN DE NÍVEIS DE JOGOS;3104412.0;60;2020;1;35T12 (17/02/2020 - 04/07/2020);EXCLUÍDA;40.0;5.0
985;57659417;01;66481;IMD0811;MOTORES DE JOGOS DIGITAIS;1969071.0;60;2020;1;35T34 (17/02/2020 - 04/07/2020);EXCLUÍDA;40.0;2.0
986;57704085;01;64788;DIM0121;FUNDAMENTOS MATEMÁTICOS DA COMPUTAÇÃO II;1345816.0;90;2022;2;246M56 (22/08/2022 - 23/12/2022);CONSOLIDADA;60.0;26.0
987;57704088;02;64788;DIM0121;FUNDAMENTOS MATEMÁTICOS DA COMPUTAÇÃO II;2278403.0;30;2022;2;246T56 (22/08/2022 - 23/12/2022);CONSOLIDADA;60.0;15.0
988;57704088;02;64788;DIM0121;FUNDAMENTOS MATEMÁTICOS DA COMPUTAÇÃO II;1517271.0;60;2022;2;246T56 (22/08/2022 - 23/12/2022);CONSOLIDADA;60.0;15.0
989;57704090;01;64731;DIM0116;LINGUAGEM DE PROGRAMAÇÃO II;3282102.0;60;2022;2;35M56 (22/08/2022 - 23/12/2022);CONSOLIDADA;40.0;43.0
990;57704091;01;64732;DIM0117;ESTRUTURAS DE DADOS BÁSICAS II;1151874.0;60;2022;2;35M34 (22/08/2022 - 23/12/2022);CONSOLIDADA;40.0;35.0
991;57704092;02;64732;DIM0117;ESTRUTURAS DE DADOS BÁSICAS II;1151874.0;60;2022;2;35T12 (22/08/2022 - 23/12/2022);CONSOLIDADA;40.0;29.0
992;57704206;01;55020;IMD0018;PRÁTICAS DE LEITURA EM INGLÊS;3267141.0;30;2022;2;5T56 (22/08/2022 - 23/12/2022);CONSOLIDADA;60.0;22.0
993;57704208;02;55020;IMD0018;PRÁTICAS DE LEITURA EM INGLÊS;3267141.0;30;2022;2;5N12 (22/08/2022 - 23/12/2022);CONSOLIDADA;60.0;63.0
994;57704212;03;55020;IMD0018;PRÁTICAS DE LEITURA EM INGLÊS;3267141.0;30;2022;2;5N34 (22/08/2022 - 23/12/2022);CONSOLIDADA;60.0;34.0
995;57704215;01;52662;IMD0024;CÁLCULO DIFERENCIAL E INTEGRAL I;4857233.0;90;2022;2;246M56 (22/08/2022 - 23/12/2022);CONSOLIDADA;60.0;51.0
996;57704221;02;52662;IMD0024;CÁLCULO DIFERENCIAL E INTEGRAL I;1218864.0;90;2022;2;246T56 (22/08/2022 - 23/12/2022);CONSOLIDADA;60.0;68.0
997;57704227;03;52662;IMD0024;CÁLCULO DIFERENCIAL E INTEGRAL I;1218864.0;30;2022;2;246N12 (22/08/2022 - 23/12/2022);CONSOLIDADA;60.0;37.0
998;57704227;03;52662;IMD0024;CÁLCULO DIFERENCIAL E INTEGRAL I;3299763.0;45;2022;2;246N12 (22/08/2022 - 23/12/2022);CONSOLIDADA;60.0;37.0
999;57704227;03;52662;IMD0024;CÁLCULO DIFERENCIAL E INTEGRAL I;1276603.0;15;2022;2;246N12 (22/08/2022 - 23/12/2022);CONSOLIDADA;60.0;37.0
1000;57704232;04;52662;IMD0024;CÁLCULO DIFERENCIAL E INTEGRAL I;3299763.0;90;2022;2;246N34 (22/08/2022 - 23/12/2022);EXCLUÍDA;60.0;9.0
1001;57704238;01;55021;IMD0027;PRÁTICAS DE LEITURA E ESCRITA EM PORTUGUÊS II;2916579.0;30;2022;2;3M34 (22/08/2022 - 23/12/2022);CONSOLIDADA;60.0;42.0
1002;57704245;02;55021;IMD0027;PRÁTICAS DE LEITURA E ESCRITA EM PORTUGUÊS II;2916579.0;30;2022;2;3M56 (22/08/2022 - 23/12/2022);CONSOLIDADA;60.0;83.0
1003;57704248;03;55021;IMD0027;PRÁTICAS DE LEITURA E ESCRITA EM PORTUGUÊS II;4315648.0;30;2022;2;3T34 (22/08/2022 - 23/12/2022);CONSOLIDADA;60.0;66.0
1004;57704253;04;55021;IMD0027;PRÁTICAS DE LEITURA E ESCRITA EM PORTUGUÊS II;4315648.0;30;2022;2;5T34 (22/08/2022 - 23/12/2022);CONSOLIDADA;60.0;25.0
1005;57704256;05;55021;IMD0027;PRÁTICAS DE LEITURA E ESCRITA EM PORTUGUÊS II;4315648.0;30;2022;2;3N12 (22/08/2022 - 23/12/2022);CONSOLIDADA;60.0;96.0
1006;57704259;06;55021;IMD0027;PRÁTICAS DE LEITURA E ESCRITA EM PORTUGUÊS II;4315648.0;30;2022;2;3N34 (22/08/2022 - 23/12/2022);CONSOLIDADA;60.0;34.0
1007;57704262;01;55022;IMD0028;FUNDAMENTOS MATEMÁTICOS DA COMPUTAÇÃO I;1495851.0;90;2022;2;246M34 (22/08/2022 - 23/12/2022);CONSOLIDADA;60.0;59.0
1008;57704272;01;66441;IMD1001;MATEMÁTICA ELEMENTAR;4857233.0;60;2022;2;35T12 (22/08/2022 - 23/12/2022);CONSOLIDADA;63.0;90.0
1009;57704279;02;66441;IMD1001;MATEMÁTICA ELEMENTAR;4857233.0;30;2022;2;24N34 (22/08/2022 - 23/12/2022);CONSOLIDADA;62.0;108.0
1010;57704279;02;66441;IMD1001;MATEMÁTICA ELEMENTAR;3299763.0;30;2022;2;24N34 (22/08/2022 - 23/12/2022);CONSOLIDADA;62.0;108.0
1011;57704280;01;66436;IMD1002;ANÁLISE COMBINATÓRIA;2042579.0;30;2022;2;3T34 (22/08/2022 - 23/12/2022);CONSOLIDADA;60.0;38.0
1012;57704284;02;55022;IMD0028;FUNDAMENTOS MATEMÁTICOS DA COMPUTAÇÃO I;1495851.0;90;2022;2;246M56 (22/08/2022 - 23/12/2022);CONSOLIDADA;60.0;55.0
1013;57704290;03;55022;IMD0028;FUNDAMENTOS MATEMÁTICOS DA COMPUTAÇÃO I;2278403.0;90;2022;2;246N12 (22/08/2022 - 23/12/2022);CONSOLIDADA;60.0;62.0
1014;57704291;04;55022;IMD0028;FUNDAMENTOS MATEMÁTICOS DA COMPUTAÇÃO I;1276603.0;90;2022;2;246N34 (22/08/2022 - 23/12/2022);CONSOLIDADA;60.0;78.0
1015;57704292;02;66436;IMD1002;ANÁLISE COMBINATÓRIA;3299763.0;15;2022;2;3N12 (22/08/2022 - 23/12/2022);CONSOLIDADA;60.0;48.0
1016;57704292;02;66436;IMD1002;ANÁLISE COMBINATÓRIA;2042579.0;15;2022;2;3N12 (22/08/2022 - 23/12/2022);CONSOLIDADA;60.0;48.0
1017;57704295;01;66438;IMD1003;GEOMETRIA EUCLIDIANA;1276603.0;30;2022;2;2T34 (22/08/2022 - 23/12/2022);CONSOLIDADA;60.0;84.0
1018;57704296;02;66438;IMD1003;GEOMETRIA EUCLIDIANA;1218864.0;30;2022;2;5N12 (22/08/2022 - 23/12/2022);CONSOLIDADA;61.0;86.0
1019;57704303;01;66440;IMD1004;PENSAMENTO COMPUTACIONAL;1885001.0;60;2022;2;24T34 (22/08/2022 - 23/12/2022);CONSOLIDADA;41.0;56.0
1020;57704308;02;66440;IMD1004;PENSAMENTO COMPUTACIONAL;2245086.0;60;2022;2;24N34 (22/08/2022 - 23/12/2022);CONSOLIDADA;40.0;56.0
1021;57704317;01;66444;IMD1012;INTRODUÇÃO ÀS TÉCNICAS DE PROGRAMAÇÃO;2143852.0;90;2022;2;246M34 (22/08/2022 - 23/12/2022);CONSOLIDADA;40.0;52.0
1022;57704321;02;66444;IMD1012;INTRODUÇÃO ÀS TÉCNICAS DE PROGRAMAÇÃO;1669545.0;90;2022;2;246M56 (22/08/2022 - 23/12/2022);CONSOLIDADA;40.0;42.0
1023;57704324;03;66444;IMD1012;INTRODUÇÃO ÀS TÉCNICAS DE PROGRAMAÇÃO;2149456.0;90;2022;2;246T56 (22/08/2022 - 23/12/2022);CONSOLIDADA;40.0;50.0
1024;57704328;04;66444;IMD1012;INTRODUÇÃO ÀS TÉCNICAS DE PROGRAMAÇÃO;2978747.0;90;2022;2;246T34 (22/08/2022 - 23/12/2022);CONSOLIDADA;40.0;49.0
1025;57704330;05;66444;IMD1012;INTRODUÇÃO ÀS TÉCNICAS DE PROGRAMAÇÃO;2510306.0;90;2022;2;246T34 (22/08/2022 - 23/12/2022);CONSOLIDADA;40.0;44.0
1026;57704331;06;66444;IMD1012;INTRODUÇÃO ÀS TÉCNICAS DE PROGRAMAÇÃO;1013173.0;90;2022;2;246N12 (22/08/2022 - 23/12/2022);CONSOLIDADA;41.0;83.0
1027;57704333;07;66444;IMD1012;INTRODUÇÃO ÀS TÉCNICAS DE PROGRAMAÇÃO;2467763.0;90;2022;2;246N34 (22/08/2022 - 23/12/2022);CONSOLIDADA;40.0;33.0
1028;57704335;08;66444;IMD1012;INTRODUÇÃO ÀS TÉCNICAS DE PROGRAMAÇÃO;1969071.0;90;2022;2;246N34 (22/08/2022 - 23/12/2022);CONSOLIDADA;40.0;45.0
1029;57704358;01;55023;IMD0029;ESTRUTURA DE DADOS BÁSICAS I;2276280.0;60;2022;2;35T12 (22/08/2022 - 23/12/2022);CONSOLIDADA;40.0;66.0
1030;57704360;02;55023;IMD0029;ESTRUTURA DE DADOS BÁSICAS I;3066699.0;60;2022;2;35N12 (22/08/2022 - 23/12/2022);CONSOLIDADA;44.0;80.0
1031;57704370;01;52665;IMD0034;VETORES E GEOMETRIA ANALÍTICA;2042579.0;60;2022;2;35M34 (22/08/2022 - 23/12/2022);CONSOLIDADA;60.0;37.0
1032;57704372;02;52665;IMD0034;VETORES E GEOMETRIA ANALÍTICA;2042579.0;60;2022;2;35T12 (22/08/2022 - 23/12/2022);CONSOLIDADA;60.0;27.0
1033;57704374;03;52665;IMD0034;VETORES E GEOMETRIA ANALÍTICA;1218864.0;60;2022;2;35N34 (22/08/2022 - 23/12/2022);CONSOLIDADA;60.0;58.0
1034;57704377;01;52666;IMD0036;SISTEMAS OPERACIONAIS;1721835.0;60;2022;2;24M56 (22/08/2022 - 23/12/2022);CONSOLIDADA;50.0;76.0
1035;57704379;02;52666;IMD0036;SISTEMAS OPERACIONAIS;3139050.0;60;2022;2;24T56 (22/08/2022 - 23/12/2022);CONSOLIDADA;50.0;71.0
1036;57704382;03;52666;IMD0036;SISTEMAS OPERACIONAIS;2140727.0;60;2022;2;24N12 (22/08/2022 - 23/12/2022);CONSOLIDADA;51.0;71.0
1037;57704385;04;52666;IMD0036;SISTEMAS OPERACIONAIS;2140727.0;60;2022;2;24N34 (22/08/2022 - 23/12/2022);CONSOLIDADA;53.0;140.0
1038;57704388;01;55028;IMD0043;REDES DE COMPUTADORES;3139050.0;60;2022;2;24N12 (22/08/2022 - 23/12/2022);CONSOLIDADA;40.0;78.0
1039;57704389;01;52790;IMD0401;BANCO DE DADOS;3066699.0;60;2022;2;24N12 (22/08/2022 - 23/12/2022);CONSOLIDADA;40.0;39.0
1040;57704392;01;55027;IMD0040;LINGUAGEM DE PROGRAMAÇÃO II;4351681.0;60;2022;2;35M56 (22/08/2022 - 23/12/2022);CONSOLIDADA;40.0;35.0
1041;57704394;02;55027;IMD0040;LINGUAGEM DE PROGRAMAÇÃO II;1775264.0;60;2022;2;35N34 (22/08/2022 - 23/12/2022);CONSOLIDADA;41.0;91.0
1042;57704397;01;55026;IMD0039;ESTRUTURAS DE DADOS BÁSICAS II;2170415.0;60;2022;2;35N12 (22/08/2022 - 23/12/2022);CONSOLIDADA;41.0;95.0
1043;57704403;01;52664;IMD0033;PROBABILIDADE;1362181.0;30;2022;2;24M34 (22/08/2022 - 23/12/2022);CONSOLIDADA;60.0;41.0
1044;57704403;01;52664;IMD0033;PROBABILIDADE;3063244.0;30;2022;2;24M34 (22/08/2022 - 23/12/2022);CONSOLIDADA;60.0;41.0
1045;57704404;02;52664;IMD0033;PROBABILIDADE;3063244.0;30;2022;2;24N34 (22/08/2022 - 23/12/2022);CONSOLIDADA;60.0;27.0
1046;57704404;02;52664;IMD0033;PROBABILIDADE;1362181.0;30;2022;2;24N34 (22/08/2022 - 23/12/2022);CONSOLIDADA;60.0;27.0
1047;57704405;03;55023;IMD0029;ESTRUTURA DE DADOS BÁSICAS I;2859562.0;60;2022;2;35M56 (22/08/2022 - 23/12/2022);CONSOLIDADA;40.0;49.0
1048;57704411;01;66373;DIM0124;PROGRAMAÇÃO CONCORRENTE;2316877.0;60;2022;2;24T56 (22/08/2022 - 23/12/2022);CONSOLIDADA;40.0;63.0
1049;57704412;01;64787;DIM0120;LINGUAGEM DE PROGRAMAÇÃO I;2497950.0;60;2022;2;35M34 (22/08/2022 - 23/12/2022);CONSOLIDADA;40.0;39.0
1050;57704413;01;68133;DIM0126;INTELIGÊNCIA ARTIFICIAL PARA JOGOS I;2978747.0;30;2022;2;24M34;EXCLUÍDA;40.0;0.0
1051;57704413;01;68133;DIM0126;INTELIGÊNCIA ARTIFICIAL PARA JOGOS I;1363515.0;30;2022;2;24M34;EXCLUÍDA;40.0;0.0
1052;57704414;01;64730;DIM0114;BANCO DE DADOS;2195240.0;60;2022;2;24T34 (22/08/2022 - 23/12/2022);CONSOLIDADA;30.0;19.0
1053;57704415;01;69635;DIM0128;CIRCUITOS LÓGICOS;1694485.0;60;2022;2;24M34 (22/08/2022 - 23/12/2022);CONSOLIDADA;20.0;14.0
1054;57704416;01;69651;DIM0135;PROCESSAMENTO DE LINGUAGEM NATURAL;1988053.0;60;2022;2;24T34 (22/08/2022 - 23/12/2022);CONSOLIDADA;20.0;10.0
1055;57704417;01;69698;DIM0138;PROJETO DETALHADO DE SOFTWARE;3293042.0;60;2022;2;24M56 (22/08/2022 - 23/12/2022);CONSOLIDADA;40.0;41.0
1056;57704418;01;52973;DIM0605;PROJETO E ANÁLISE DE ALGORITMOS;2859606.0;30;2022;2;35M34 (22/08/2022 - 23/12/2022);CONSOLIDADA;30.0;10.0
1057;57704418;01;52973;DIM0605;PROJETO E ANÁLISE DE ALGORITMOS;1201268.0;30;2022;2;35M34 (22/08/2022 - 23/12/2022);CONSOLIDADA;30.0;10.0
1058;57704419;01;52974;DIM0606;LINGUAGENS FORMAIS E AUTÔMATOS;2212166.0;60;2022;2;24M34 (22/08/2022 - 23/12/2022);CONSOLIDADA;40.0;13.0
1059;57704420;01;73814;DIM0142;INTRODUCÃO A BANCO DE DADOS RELACIONAIS;3293042.0;60;2022;2;24M34;CONSOLIDADA;25.0;8.0
1060;57704421;01;21705;DIM0411;PROCESSAMENTO DE IMAGENS;2177445.0;60;2022;2;24M56;CONSOLIDADA;25.0;6.0
1061;57704422;01;21787;DIM0436;ESPECIFICACAO E VERIFICACAO DE PROGRAMAS;1639701.0;60;2022;2;24M56;CONSOLIDADA;30.0;6.0
1062;57704423;01;2040950;DIM0451;COMPUTAÇÃO GRÁFICA I;2497950.0;60;2022;2;35T12;CONSOLIDADA;20.0;10.0
1063;57704424;01;2054904;DIM0501;BOAS PRÁTICAS DE PROGRAMAÇÃO;1802737.0;30;2022;2;6T34;CONSOLIDADA;30.0;64.0
1064;57704425;02;2054904;DIM0501;BOAS PRÁTICAS DE PROGRAMAÇÃO;2510306.0;30;2022;2;4T12;EXCLUÍDA;40.0;0.0
1065;57704426;01;2054905;DIM0505;LÓGICA APLICADA A ENGENHARIA DE SOFTWARE;1639701.0;60;2022;2;24T34;CONSOLIDADA;40.0;36.0
1066;57704427;01;2054912;DIM0508;PROJETO DE INTERFACES DE USUÁRIO;1149392.0;60;2022;2;35T12;CONSOLIDADA;30.0;65.0
1067;57704428;01;2054914;DIM0511;ENGENHARIA DE REQUISITOS;1754430.0;60;2022;2;24T34;CONSOLIDADA;40.0;11.0
1068;57704429;01;2054915;DIM0512;TESTE DE SOFTWARE II;3282102.0;60;2022;2;24T34;CONSOLIDADA;30.0;17.0
1069;57704430;01;2054923;DIM0520;MODELAGEM DE PROCESSOS DE NEGÓCIO;1671962.0;60;2022;2;7M2345;CONSOLIDADA;50.0;34.0
1070;57704431;01;2054927;DIM0524;DESENVOLVIMENTO DE SISTEMAS PARA DISPOSITIVOS MÓVEIS;2180207.0;60;2022;2;24T12;CONSOLIDADA;40.0;77.0
1071;57704432;01;52870;DIM0547;DESENVOLVIMENTO DE SISTEMAS WEB II;3374361.0;60;2022;2;35T12 (22/08/2022 - 23/12/2022);CONSOLIDADA;40.0;49.0
1072;57704433;01;52813;DIM0548;ENGENHARIA DE LINGUAGENS;1495704.0;60;2022;2;35T34 (22/08/2022 - 23/12/2022);CONSOLIDADA;30.0;28.0
1073;57704434;01;52866;DIM0549;GRAFOS;1201268.0;30;2022;2;35M56 (22/08/2022 - 23/12/2022);CONSOLIDADA;36.0;34.0
1074;57704434;01;52866;DIM0549;GRAFOS;2859606.0;30;2022;2;35M56 (22/08/2022 - 23/12/2022);CONSOLIDADA;36.0;34.0
1075;57704435;01;2054920;DIM0590;PROPOSTA DE TRABALHO DE CONCLUSÃO DE CURSO;1802737.0;30;2022;2;6T56;CONSOLIDADA;30.0;6.0
1076;57704436;01;52990;DIM0611;COMPILADORES;1221251.0;90;2022;2;2M1234 4M34 (22/08/2022 - 23/12/2022);CONSOLIDADA;30.0;11.0
1077;57704437;01;55370;DIM0613;INTELIGENCIA ARTIFICIAL;3288217.0;60;2022;2;35M34 (22/08/2022 - 23/12/2022);CONSOLIDADA;30.0;6.0
1078;57704438;01;55371;DIM0614;PROGRAMAÇÃO DISTRIBUÍDA;1678918.0;60;2022;2;35M56 (22/08/2022 - 23/12/2022);CONSOLIDADA;30.0;28.0
1079;57704439;01;2054950;DIM0534;TÓPICOS ESPECIAIS EM ENGENHARIA DE SOFTWARE IV;1802737.0;60;2022;2;46T12;CONSOLIDADA;30.0;32.0
1080;57704440;01;2054917;DIM0514;ARQUITETURA DE SOFTWARE;1213777.0;60;2022;2;24M56;CONSOLIDADA;30.0;20.0
1081;57704441;01;2054906;DIM0504;ANÁLISE E PROJETO ORIENTADO A OBJETOS;1356585.0;60;2022;2;35T34;CONSOLIDADA;40.0;52.0
1082;57704442;01;21753;DIM0321;LINGUAGENS DE PROGRAMAÇÃO;3263275.0;60;2022;2;35M56;CONSOLIDADA;25.0;24.0
1083;57704443;02;21753;DIM0321;LINGUAGENS DE PROGRAMAÇÃO;3263275.0;60;2022;2;35M34;CONSOLIDADA;40.0;18.0
1084;57704444;03;21753;DIM0321;LINGUAGENS DE PROGRAMAÇÃO;3263275.0;60;2022;2;35T34;CONSOLIDADA;40.0;25.0
1085;57704445;01;25247;DIM0320;ALGORITMO E PROGRAMACAO DE COMPUTADORES;2177445.0;60;2022;2;35M56;CONSOLIDADA;54.0;48.0
1086;57704446;02;25247;DIM0320;ALGORITMO E PROGRAMACAO DE COMPUTADORES;1495704.0;60;2022;2;35T12;CONSOLIDADA;48.0;24.0
1087;57704447;03;25247;DIM0320;ALGORITMO E PROGRAMACAO DE COMPUTADORES;3282102.0;60;2022;2;24T56;CONSOLIDADA;40.0;36.0
1088;57704448;04;25247;DIM0320;ALGORITMO E PROGRAMACAO DE COMPUTADORES;1151874.0;60;2022;2;35M12;CONSOLIDADA;40.0;29.0
1089;57704449;01;2040705;DIM0495;TÓPICOS ESPECIAIS EM COMPUTAÇÃO XIV;6350797.0;60;2022;2;35T12;EXCLUÍDA;25.0;0.0
1090;57704450;01;2040704;DIM0494;TÓPICOS ESPECIAIS EM COMPUTAÇÃO XV;3288217.0;60;2022;2;35M12;EXCLUÍDA;25.0;0.0
1091;57704812;01;2040703;DIM0493;TÓPICOS ESPECIAIS EM COMPUTAÇÃO XVI;1517271.0;60;2022;2;4T1234;CONSOLIDADA;20.0;5.0
1092;57704919;01;69637;DIM0133;INTRODUÇÃO ÀS TÉCNICAS DE PROGRAMAÇÃO;1363515.0;90;2022;2;246M34 (22/08/2022 - 23/12/2022);CONSOLIDADA;40.0;17.0
1093;57704921;01;21790;DIM0438;REDES DE COMPUTADORES;1699087.0;60;2022;2;35T56;CONSOLIDADA;40.0;19.0
1094;57705641;02;68133;DIM0126;INTELIGÊNCIA ARTIFICIAL PARA JOGOS I;2978747.0;30;2022;2;24M56;CONSOLIDADA;40.0;12.0
1095;57705641;02;68133;DIM0126;INTELIGÊNCIA ARTIFICIAL PARA JOGOS I;1363515.0;30;2022;2;24M56;CONSOLIDADA;40.0;12.0
1096;57706039;01;72187;DIM0141;VISÃO COMPUTACIONAL;2929823.0;60;2022;2;35T34 (22/08/2022 - 23/12/2022);CONSOLIDADA;25.0;13.0
1097;57706042;01;21764;DIM0410;TREINAMENTO PARA COMPETICOES DE PROGRAMACAO;2929823.0;60;2022;2;35T12;CONSOLIDADA;25.0;27.0
1098;57706045;02;2040705;DIM0495;TÓPICOS ESPECIAIS EM COMPUTAÇÃO XIV;6350797.0;60;2022;2;35T34;CONSOLIDADA;20.0;9.0
1099;57707905;03;2054904;DIM0501;BOAS PRÁTICAS DE PROGRAMAÇÃO;2510306.0;30;2022;2;3M34;CONSOLIDADA;40.0;34.0
1100;57708294;02;2040704;DIM0494;TÓPICOS ESPECIAIS EM COMPUTAÇÃO XV;3288217.0;60;2022;2;35T12;CONSOLIDADA;30.0;14.0
1101;57709776;02;55024;IMD0030;LINGUAGEM DE PROGRAMAÇÃO I;3083298.0;60;2022;2;35M56 (22/08/2022 - 23/12/2022);CONSOLIDADA;31.0;93.0
1102;57709777;01;55025;IMD0038;FUNDAMENTOS MATEMÁTICOS DA COMPUTAÇÃO II;3884005.0;90;2022;2;246N12 (22/08/2022 - 23/12/2022);CONSOLIDADA;66.0;130.0
1103;57709778;01;66437;IMD0121;ARQUITETURA DE COMPUTADORES;1882699.0;60;2022;2;24M34 (22/08/2022 - 23/12/2022);CONSOLIDADA;40.0;85.0
1104;57709779;01;52691;IMD0503;LEVANTAMENTO E MODELAGEM DE REQUISITOS;2245086.0;60;2022;2;24N12 (22/08/2022 - 23/12/2022);CONSOLIDADA;33.0;125.0
1105;57709780;01;52692;IMD0504;RELAÇÕES ENTRE COMUNICAÇÃO, MÍDIA E EDUCAÇÃO;2164809.0;60;2022;2;35N34 (22/08/2022 - 23/12/2022);CONSOLIDADA;30.0;73.0
1106;57709781;01;55084;IMD0523;TECNOLOGIAS EDUCACIONAIS;2451906.0;60;2022;2;35M56 (22/08/2022 - 23/12/2022);EXCLUÍDA;30.0;35.0
1107;57709782;01;69600;IMD0526;AVALIAÇÃO DE SOFTWARE EDUCACIONAL;2451906.0;60;2022;2;24T56 (22/08/2022 - 23/12/2022);CONSOLIDADA;31.0;56.0
1108;57709783;01;69612;IMD1101;APRENDIZADO DE MÁQUINA;1350250.0;30;2022;2;35M34 (22/08/2022 - 23/12/2022);CONSOLIDADA;34.0;42.0
1109;57709783;01;69612;IMD1101;APRENDIZADO DE MÁQUINA;4351681.0;30;2022;2;35M34 (22/08/2022 - 23/12/2022);CONSOLIDADA;34.0;42.0
1110;57709784;01;72711;IMD1112;ÉTICA E DADOS;1362181.0;60;2022;2;35T34 (22/08/2022 - 23/12/2022);CONSOLIDADA;69.0;175.0
1111;57709785;02;72711;IMD1112;ÉTICA E DADOS;1362181.0;60;2022;2;35N34 (22/08/2022 - 23/12/2022);CONSOLIDADA;69.0;164.0
1112;57709787;01;72713;IMD1114;APRENDIZADO PROFUNDO;3884005.0;60;2022;2;24N34 (22/08/2022 - 23/12/2022);CONSOLIDADA;30.0;12.0
1113;57709817;02;55028;IMD0043;REDES DE COMPUTADORES;2467763.0;60;2022;2;24N12 (22/08/2022 - 23/12/2022);CONSOLIDADA;40.0;50.0
1114;57709821;02;66437;IMD0121;ARQUITETURA DE COMPUTADORES;3139050.0;60;2022;2;24N34 (22/08/2022 - 23/12/2022);CONSOLIDADA;42.0;96.0
1115;57709824;01;52688;IMD0417;GESTÃO DE PROJETOS DE SOFTWARE;3230252.0;60;2022;2;35N34 (22/08/2022 - 23/12/2022);CONSOLIDADA;60.0;27.0
1116;57709825;01;55085;IMD0524;EDUCAÇÃO A DISTÂNCIA;2164809.0;60;2022;2;35N12 (22/08/2022 - 23/12/2022);CONSOLIDADA;44.0;78.0
1117;57709826;01;55054;IMD0421;GESTÃO DA MUDANÇA ORGANIZACIONAL;3230252.0;60;2022;2;35N12 (22/08/2022 - 23/12/2022);CONSOLIDADA;60.0;46.0
1118;57709827;01;69587;IMD0902;INTRODUÇÃO A INTERNET DAS COISAS;1241170.0;60;2022;2;24T56 (22/08/2022 - 23/12/2022);CONSOLIDADA;27.0;100.0
1119;57709828;02;69587;IMD0902;INTRODUÇÃO A INTERNET DAS COISAS;1241170.0;60;2022;2;24N12 (22/08/2022 - 23/12/2022);CONSOLIDADA;25.0;116.0
1120;57709829;01;69589;IMD0911;APLICAÇÕES EM INTERNET DAS COISAS;2149456.0;60;2022;2;35T34 (22/08/2022 - 23/12/2022);CONSOLIDADA;26.0;69.0
1121;57709830;01;69585;IMD0907;TECNOLOGIAS DE COMUNICAÇÃO PARA INTERNET DAS COISAS;1874895.0;60;2022;2;35T56 (22/08/2022 - 23/12/2022);CONSOLIDADA;25.0;94.0
1122;57709832;01;76141;IMD0913;BLOCKCHAIN E APLICAÇÕES DESCENTRALIZADAS;1054235.0;60;2022;2;24T56 (22/08/2022 - 23/12/2022);CONSOLIDADA;40.0;46.0
1123;57709833;01;76144;IMD0611;APRENDIZADO DE MÁQUINA EM BIOINFORMÁTICA;3063244.0;60;2022;2;3M3456 (22/08/2022 - 23/12/2022);CONSOLIDADA;30.0;4.0
1124;57709834;01;72722;IMD1301;EMPREENDEDORISMO E FORMAÇÃO EMPREENDEDORA;2885481.0;60;2022;2;24M56 (22/08/2022 - 23/12/2022);CONSOLIDADA;60.0;40.0
1125;57709835;01;72724;IMD1305;GESTÃO E INOVAÇÃO E ATRAÇÃO DE CAPITAL;3255024.0;30;2022;2;4T34 (22/08/2022 - 23/12/2022);CONSOLIDADA;40.0;35.0
1126;57709836;01;72721;IMD1306;GESTÃO DE PROJETOS E METODOLOGIAS ÁGEIS;3230252.0;60;2022;2;24N12 (22/08/2022 - 23/12/2022);CONSOLIDADA;65.0;70.0
1127;57709837;01;72725;IMD1308;LANÇAMENTO DE STARTUPS II;3255024.0;60;2022;2;24N34 (22/08/2022 - 23/12/2022);EXCLUÍDA;45.0;0.0
1128;57709838;01;76137;IMD1316;INOVAÇÃO EM SAÚDE;1885001.0;60;2022;2;35T56 (22/08/2022 - 23/12/2022);CONSOLIDADA;26.0;24.0
1129;57709839;01;76133;IMD1318;SISTEMA DE DESENVOLVIMENTO DE PRODUTOS;3255024.0;60;2022;2;35M56 (22/08/2022 - 23/12/2022);CONSOLIDADA;45.0;12.0
1130;57709840;01;76135;IMD1320;PROCESSO CRIATIVO;2885481.0;60;2022;2;24M34 (22/08/2022 - 23/12/2022);CONSOLIDADA;35.0;57.0
1131;57709991;01;66482;IMD0605;SEMINÁRIOS EM BIOINFORMÁTICA;3063244.0;30;2022;2;4M56 (22/08/2022 - 23/12/2022);CONSOLIDADA;43.0;44.0
1132;57709992;01;69601;IMD0607;MODELAGEM E SIMULAÇÃO COMPUTACIONAL;2276280.0;60;2022;2;35M34 (22/08/2022 - 23/12/2022);CONSOLIDADA;41.0;49.0
1133;57709994;01;76143;IMD0610;MÉTODOS DE BIOINFORMÁTICA PARA ANÁLISE DE SEQUÊNCIAS BIOLÓGICAS;2170415.0;60;2022;2;35T56 (22/08/2022 - 23/12/2022);EXCLUÍDA;40.0;1.0
1134;57709995;01;65102;IMD0801;MECÂNICAS E BALANCEAMENTO DE JOGOS;1013173.0;60;2022;2;35N12 (22/08/2022 - 23/12/2022);CONSOLIDADA;46.0;107.0
1135;57710002;03;66441;IMD1001;MATEMÁTICA ELEMENTAR;1276603.0;60;2022;2;24T56 (22/08/2022 - 23/12/2022);CONSOLIDADA;61.0;115.0
1136;57710005;01;65104;IMD0211;PROGRAMAÇÃO FUNCIONAL;2278403.0;60;2022;2;7M3456 (22/08/2022 - 23/12/2022);CONSOLIDADA;63.0;139.0
1137;57710023;01;52687;IMD0416;SEGURANÇA DA INFORMAÇÃO;1874895.0;60;2022;2;7M3456 (22/08/2022 - 23/12/2022);CONSOLIDADA;43.0;78.0
1138;57710024;02;55084;IMD0523;TECNOLOGIAS EDUCACIONAIS;2451906.0;60;2022;2;24M12 (22/08/2022 - 23/12/2022);CONSOLIDADA;43.0;70.0
1139;57710032;01;70970;IMD0112;PRÁTICAS DE LEITURA E ESCRITA EM PORTUGUÊS III;2916579.0;60;2022;2;35T12 (22/08/2022 - 23/12/2022);CONSOLIDADA;40.0;23.0
1140;57710483;01;52699;IMD0512;AVALIAÇÃO DA INTERAÇÃO HUMANO-COMPUTADOR;1976579.0;60;2022;2;3T3456 (22/08/2022 - 23/12/2022);CONSOLIDADA;40.0;28.0
1141;57710484;01;72275;IMD0527;INTRODUÇÃO À INTERAÇÃO HUMANO-COMPUTADOR;1976579.0;60;2022;2;5T3456 (22/08/2022 - 23/12/2022);CONSOLIDADA;42.0;42.0
1142;57710526;02;55026;IMD0039;ESTRUTURAS DE DADOS BÁSICAS II;2170415.0;60;2022;2;35T56 (22/08/2022 - 23/12/2022);CONSOLIDADA;40.0;37.0
1143;57710527;03;55027;IMD0040;LINGUAGEM DE PROGRAMAÇÃO II;2180207.0;60;2022;2;35T12 (22/08/2022 - 23/12/2022);CONSOLIDADA;40.0;33.0
1144;57710528;01;72726;IMD1309;TRANSFORMAÇÃO DIGITAL;3255024.0;60;2022;2;24N34 (22/08/2022 - 23/12/2022);CONSOLIDADA;30.0;38.0
1145;57711412;01;72272;IMD1202;O MUNDO DA TECNOLOGIAS DA INFORMAÇÃO: ONTEM, HOJE E AMANHÃ;2140866.0;30;2022;2;23456T12 (01/12/2022 - 23/12/2022);CONSOLIDADA;12.0;
1146;57614042;01;64732;DIM0117;ESTRUTURAS DE DADOS BÁSICAS II;2859606.0;60;2018;1;35M12 (19/02/2018 - 07/07/2018);CONSOLIDADA;30.0;21.0
1147;57614043;01;66368;DIM0123;PENSAMENTO COMPUTACIONAL;2524467.0;60;2018;1;24M12 (19/02/2018 - 07/07/2018);CONSOLIDADA;40.0;15.0
1148;57614044;01;64786;DIM0119;ESTRUTURA DE DADOS BÁSICAS I;2497950.0;60;2018;1;35M12 (19/02/2018 - 07/07/2018);CONSOLIDADA;40.0;36.0
1149;57614045;01;64787;DIM0120;LINGUAGEM DE PROGRAMAÇÃO I;2497950.0;60;2018;1;35M34 (19/02/2018 - 07/07/2018);CONSOLIDADA;40.0;40.0
1150;57614046;01;64784;DIM0118.0;INTRODUÇÃO ÀS TÉCNICAS DE PROGRAMAÇÃO;2929823.0;60;2018;1;24M56 (19/02/2018 - 07/07/2018);CONSOLIDADA;45.0;60.0
1151;57614047;02;66368;DIM0123;PENSAMENTO COMPUTACIONAL;1671962.0;60;2018;1;24T12 (19/02/2018 - 07/07/2018);CONSOLIDADA;40.0;13.0
1152;57614048;01;64785;DIM0118.1;PRÁTICAS DE TÉCNICAS DE PROGRAMAÇÃO;2929823.0;30;2018;1;6M56 (19/02/2018 - 07/07/2018);CONSOLIDADA;45.0;60.0
1153;57614049;03;66368;DIM0123;PENSAMENTO COMPUTACIONAL;1363515.0;60;2018;1;24M34 (19/02/2018 - 07/07/2018);CONSOLIDADA;43.0;8.0
1154;57614050;01;64788;DIM0121;FUNDAMENTOS MATEMÁTICOS DA COMPUTAÇÃO II;2251108.0;90;2018;1;246T12 (19/02/2018 - 07/07/2018);CONSOLIDADA;69.0;42.0
1155;57614051;01;21790;DIM0438;REDES DE COMPUTADORES;1699087.0;60;2018;1;35M56;CONSOLIDADA;40.0;27.0
1156;57614052;01;64729;DIM0115;FUNDAMENTOS MATEMÁTICOS DA COMPUTAÇÃO I;1988053.0;90;2018;1;246N34 (19/02/2018 - 07/07/2018);EXCLUÍDA;60.0;0.0
1157;57614053;01;21771;DIM0431;ORGANIZACAO E ARQUITETURA DE COMPUTADORES;1882699.0;60;2018;1;24M34;CONSOLIDADA;30.0;12.0
1158;57614054;01;2054904;DIM0501;BOAS PRÁTICAS DE PROGRAMAÇÃO;1363515.0;30;2018;1;6T12;CONSOLIDADA;40.0;72.0
1159;57614055;01;2054910;DIM0506;PROJETO DETALHADO DE SOFTWARE;1644456.0;60;2018;1;24T12;CONSOLIDADA;48.0;21.0
1160;57614056;01;2054911;DIM0507;TESTE DE SOFTWARE I;1709820.0;60;2018;1;35T34;CONSOLIDADA;40.0;39.0
1161;57614057;01;66374;DIM0125;BANCO DE DADOS;1639701.0;90;2018;1;246T34 (19/02/2018 - 07/07/2018);EXCLUÍDA;40.0;10.0
1162;57614058;01;52867;DIM0546;DESENVOLVIMENTO DE SISTEMAS WEB I;1149392.0;60;2018;1;35T12 (19/02/2018 - 07/07/2018);CONSOLIDADA;40.0;44.0
1163;57614059;01;52866;DIM0549;GRAFOS;1201268.0;60;2018;1;35M12 (19/02/2018 - 07/07/2018);CONSOLIDADA;50.0;31.0
1164;57614060;01;2054914;DIM0511;ENGENHARIA DE REQUISITOS;1754430.0;60;2018;1;35T12;CONSOLIDADA;40.0;25.0
1165;57614061;01;2054919;DIM0516;MÉTODOS FORMAIS DE ENGENHARIA DE SOFTWARE;1639701.0;60;2018;1;24T12;CONSOLIDADA;30.0;18.0
1166;57614062;01;52813;DIM0548;ENGENHARIA DE LINGUAGENS;1495704.0;60;2018;1;24T34 (19/02/2018 - 07/07/2018);CONSOLIDADA;30.0;17.0
1167;57614063;01;55371;DIM0614;PROGRAMAÇÃO DISTRIBUÍDA;2510306.0;30;2018;1;35M56 (19/02/2018 - 07/07/2018);EXCLUÍDA;45.0;0.0
1168;57614063;01;55371;DIM0614;PROGRAMAÇÃO DISTRIBUÍDA;1213777.0;30;2018;1;35M56 (19/02/2018 - 07/07/2018);EXCLUÍDA;45.0;0.0
1169;57614064;01;25258;DIM0405;PROPOSTA DE MONOGRAFIA DE GRADUACAO;6350797.0;30;2018;1;4M56;CONSOLIDADA;40.0;4.0
1170;57614065;01;2054913;DIM0510;PROCESSOS DE SOFTWARE;1961108.0;60;2018;1;24T34;EXCLUÍDA;40.0;0.0
1171;57614066;01;2054921;DIM0517;GERÊNCIA DE CONFIGURAÇÃO E MUDANÇAS;1671962.0;60;2018;1;35T12;EXCLUÍDA;40.0;0.0
1172;57614067;01;2054922;DIM0518;PLANEJAMENTO E GERENCIAMENTO DE PROJETOS;2195240.0;60;2018;1;35T34;CONSOLIDADA;40.0;21.0
1173;57614068;01;2054906;DIM0504;ANÁLISE E PROJETO ORIENTADO A OBJETOS;1754430.0;60;2018;1;35T34;CONSOLIDADA;30.0;17.0
1174;57614069;01;2022854;DIM0109.0;CIRCUITOS LÓGICOS;1694485.0;60;2018;1;24M34;CONSOLIDADA;40.0;31.0
1175;57614070;01;2022855;DIM0109.1;LABORATÓRIO DE CIRCUITOS LÓGICOS;1694485.0;30;2018;1;4M56;CONSOLIDADA;40.0;31.0
1176;57614071;01;52972;DIM0601;FUNDAMENTOS MATEMÁTICOS DA COMPUTAÇÃO III;1517271.0;60;2018;1;246M65 (19/02/2018 - 07/07/2018);CONSOLIDADA;30.0;8.0
1177;57614071;01;52972;DIM0601;FUNDAMENTOS MATEMÁTICOS DA COMPUTAÇÃO III;2251108.0;30;2018;1;246M65 (19/02/2018 - 07/07/2018);CONSOLIDADA;30.0;8.0
1178;57614072;01;23558;DIM0404;CALCULO NUMERICO PARA CIENCIA DA COMPUTACAO;2929823.0;60;2018;1;35M34;CONSOLIDADA;20.0;10.0
1179;57614073;01;52975;DIM0610;LÓGICA COMPUTACIONAL;1345816.0;60;2018;1;24M34 (19/02/2018 - 07/07/2018);CONSOLIDADA;20.0;8.0
1180;57614074;01;55369;DIM0612;PROGRAMAÇÃO CONCORRENTE;2316877.0;60;2018;1;35M34 (19/02/2018 - 07/07/2018);CONSOLIDADA;40.0;29.0
1181;57614075;01;21783;DIM0437;LINGUAGENS DE PROGRAMACAO: CONCEITOS E PARADIGMAS;1495704.0;60;2018;1;24M56;CONSOLIDADA;30.0;18.0
1182;57614076;01;52990;DIM0611;COMPILADORES;1221251.0;90;2018;1;2M4321 4M43 (19/02/2018 - 07/07/2018);CONSOLIDADA;20.0;14.0
1183;57614077;01;55370;DIM0613;INTELIGENCIA ARTIFICIAL;2524467.0;60;2018;1;24M56 (19/02/2018 - 07/07/2018);CONSOLIDADA;20.0;9.0
1184;57614078;01;21787;DIM0436;ESPECIFICACAO E VERIFICACAO DE PROGRAMAS;2307580.0;60;2018;1;35T56;CONSOLIDADA;20.0;17.0
1185;57614079;01;2054953;DIM0537;TÓPICOS ESPECIAIS EM ENGENHARIA DE SOFTWARE VII;1709820.0;60;2018;1;35M56;CONSOLIDADA;40.0;30.0
1186;57614080;01;26920;DIM0095;TOPICOS ESPECIAIS EM COMPUTACAO VI;1988053.0;60;2018;1;24T34;CONSOLIDADA;20.0;11.0
1187;57614081;01;2054952;DIM0536;TÓPICOS ESPECIAIS EM ENGENHARIA DE SOFTWARE VI;2195240.0;60;2018;1;35T12;CONSOLIDADA;40.0;29.0
1188;57614082;01;2054950;DIM0534;TÓPICOS ESPECIAIS EM ENGENHARIA DE SOFTWARE IV;1363515.0;60;2018;1;6T3456;CONSOLIDADA;25.0;32.0
1189;57614083;01;2054928;DIM0529;DESENVOLVIMENTO EM TIMES;1149561.0;60;2018;1;35M56;CONSOLIDADA;40.0;14.0
1190;57614084;01;26930;DIM0333;ELEM.DE PESQ.OPER.APLIC. A INDUST.DO PETROLEO;1149561.0;60;2018;1;35M34;CONSOLIDADA;15.0;2.0
1191;57614085;01;21764;DIM0410;TREINAMENTO PARA COMPETICOES DE PROGRAMACAO;1988053.0;15;2018;1;6T3456;CONSOLIDADA;25.0;16.0
1192;57614085;01;21764;DIM0410;TREINAMENTO PARA COMPETICOES DE PROGRAMACAO;2929823.0;15;2018;1;6T3456;CONSOLIDADA;25.0;16.0
1193;57614085;01;21764;DIM0410;TREINAMENTO PARA COMPETICOES DE PROGRAMACAO;1845280.0;30;2018;1;6T3456;CONSOLIDADA;25.0;16.0
1194;57614086;01;2054954;DIM0538;TÓPICOS ESPECIAIS EM ENGENHARIA DE SOFTWARE VIII;1356585.0;60;2018;1;35T34;CONSOLIDADA;25.0;8.0
1195;57614087;01;26921;DIM0096;TOPICOS ESPECIAIS EM COMPUTACAO VII;2497950.0;60;2018;1;35T12;CONSOLIDADA;30.0;8.0
1196;57614088;01;26922;DIM0097;TOPICOS ESPECIAIS EM COMPUTACAO VIII;1172485.0;60;2018;1;35M56;CONSOLIDADA;25.0;26.0
1197;57614089;01;25248;DIM0103;INTRODUCAO A INFORMATICA;6350518.0;60;2018;1;24T34;CONSOLIDADA;40.0;35.0
1198;57614090;01;21747;DIM0104;SOFTWARES APLICATIVOS;6350518.0;60;2018;1;24T12;CONSOLIDADA;40.0;25.0
1199;57614091;01;25247;DIM0320;ALGORITMO E PROGRAMACAO DE COMPUTADORES;3096045.0;60;2018;1;35T12;CONSOLIDADA;60.0;13.0
1200;57614092;02;25247;DIM0320;ALGORITMO E PROGRAMACAO DE COMPUTADORES;6350518.0;60;2018;1;35M56;CONSOLIDADA;65.0;8.0
1201;57614093;03;25247;DIM0320;ALGORITMO E PROGRAMACAO DE COMPUTADORES;2859606.0;60;2018;1;35M43;CONSOLIDADA;60.0;16.0
1202;57614094;04;25247;DIM0320;ALGORITMO E PROGRAMACAO DE COMPUTADORES;3096045.0;60;2018;1;35T34;CONSOLIDADA;67.0;33.0
1203;57614095;01;21753;DIM0321;LINGUAGENS DE PROGRAMAÇÃO;6350518.0;60;2018;1;35M12;CONSOLIDADA;40.0;18.0
1204;57614096;01;21759;DIM0439;TEORIA DA COMPUTACAO;2212166.0;60;2018;1;35T12;CONSOLIDADA;57.0;65.0
1205;57614097;01;55327;DIM0615.0;PROJETO DE SISTEMAS OPERACIONAIS;6350797.0;45;2018;1;24M34 (19/02/2018 - 07/07/2018);CONSOLIDADA;30.0;11.0
1206;57614097;01;55327;DIM0615.0;PROJETO DE SISTEMAS OPERACIONAIS;2244846.0;15;2018;1;24M34 (19/02/2018 - 07/07/2018);CONSOLIDADA;30.0;11.0
1207;57614098;01;55328;DIM0615.1;LABORATORIO DE PROJETO DE SISTEMAS OPERACIONAIS;6350797.0;15;2018;1;6M34 (19/02/2018 - 07/07/2018);CONSOLIDADA;30.0;11.0
1208;57614098;01;55328;DIM0615.1;LABORATORIO DE PROJETO DE SISTEMAS OPERACIONAIS;2244846.0;15;2018;1;6M34 (19/02/2018 - 07/07/2018);CONSOLIDADA;30.0;11.0
1209;57614985;01;55226;DIM0112;NOÇÕES DE ALGORITMO E PROGRAMAÇÃO;3096045.0;60;2018;1;7T1234;CONSOLIDADA;20.0;13.0
1210;57618653;01;52651;IMD0012.0;INTRODUÇÃO ÀS TÉCNICAS DE PROGRAMAÇÃO;2278573.0;60;2018;1;24N12 (19/02/2018 - 07/07/2018);EXCLUÍDA;40.0;0.0
1211;57618654;01;52652;IMD0012.1;PRÁTICAS DE TÉCNICAS DE PROGRAMAÇÃO;2278573.0;30;2018;1;6N12 (19/02/2018 - 07/07/2018);EXCLUÍDA;40.0;0.0
1212;57618656;01;55019;IMD0017;PRÁTICAS DE LEITURA E ESCRITA EM PORTUGUÊS I;2981295.0;30;2018;1;3M12 (19/02/2018 - 07/07/2018);CONSOLIDADA;69.0;3.0
1213;57618659;02;55019;IMD0017;PRÁTICAS DE LEITURA E ESCRITA EM PORTUGUÊS I;2981295.0;30;2018;1;5M12 (19/02/2018 - 07/07/2018);CONSOLIDADA;69.0;1.0
1214;57618660;03;55019;IMD0017;PRÁTICAS DE LEITURA E ESCRITA EM PORTUGUÊS I;2916579.0;30;2018;1;3T12 (19/02/2018 - 07/07/2018);CONSOLIDADA;69.0;4.0
1215;57618661;04;55019;IMD0017;PRÁTICAS DE LEITURA E ESCRITA EM PORTUGUÊS I;2981295.0;30;2018;1;2N34 (19/02/2018 - 07/07/2018);CONSOLIDADA;69.0;6.0
1216;57618662;05;55019;IMD0017;PRÁTICAS DE LEITURA E ESCRITA EM PORTUGUÊS I;2916579.0;30;2018;1;3N12 (19/02/2018 - 07/07/2018);CONSOLIDADA;69.0;7.0
1217;57618665;01;55020;IMD0018;PRÁTICAS DE LEITURA EM INGLÊS;1066675.0;30;2018;1;2T56 (19/02/2018 - 07/07/2018);EXCLUÍDA;69.0;0.0
1218;57618666;02;55020;IMD0018;PRÁTICAS DE LEITURA EM INGLÊS;1066675.0;30;2018;1;2M34 (19/02/2018 - 07/07/2018);EXCLUÍDA;69.0;0.0
1219;57618668;03;55020;IMD0018;PRÁTICAS DE LEITURA EM INGLÊS;1066675.0;30;2018;1;2M56 (19/02/2018 - 07/07/2018);EXCLUÍDA;69.0;0.0
1220;57618669;01;55082;IMD0020;TECNOLOGIA DA INFORMAÇÃO E SOCIEDADE;2451906.0;30;2018;1;4M34 (19/02/2018 - 07/07/2018);CONSOLIDADA;69.0;7.0
1221;57618671;02;55082;IMD0020;TECNOLOGIA DA INFORMAÇÃO E SOCIEDADE;2451906.0;30;2018;1;4M56 (19/02/2018 - 07/07/2018);CONSOLIDADA;69.0;4.0
1222;57618672;03;55082;IMD0020;TECNOLOGIA DA INFORMAÇÃO E SOCIEDADE;2245086.0;30;2018;1;5T12 (19/02/2018 - 07/07/2018);CONSOLIDADA;69.0;5.0
1223;57618673;04;55082;IMD0020;TECNOLOGIA DA INFORMAÇÃO E SOCIEDADE;2245086.0;30;2018;1;5N12 (19/02/2018 - 07/07/2018);CONSOLIDADA;69.0;8.0
1224;57618675;05;55082;IMD0020;TECNOLOGIA DA INFORMAÇÃO E SOCIEDADE;2981295.0;30;2018;1;2N12 (19/02/2018 - 07/07/2018);CONSOLIDADA;69.0;6.0
1225;57618676;01;66441;IMD1001;MATEMÁTICA ELEMENTAR;1739507.0;60;2018;1;35M34 (19/02/2018 - 07/07/2018);CONSOLIDADA;82.0;12.0
1226;57618678;02;66441;IMD1001;MATEMÁTICA ELEMENTAR;4857233.0;60;2018;1;35M56 (19/02/2018 - 07/07/2018);CONSOLIDADA;80.0;7.0
1227;57618680;03;66441;IMD1001;MATEMÁTICA ELEMENTAR;1739507.0;60;2018;1;35T34 (19/02/2018 - 07/07/2018);CONSOLIDADA;72.0;10.0
1228;57618681;04;66441;IMD1001;MATEMÁTICA ELEMENTAR;4857233.0;60;2018;1;35T56 (19/02/2018 - 07/07/2018);CONSOLIDADA;69.0;14.0
1229;57618683;05;66441;IMD1001;MATEMÁTICA ELEMENTAR;3049192.0;60;2018;1;46N12 (19/02/2018 - 07/07/2018);CONSOLIDADA;97.0;30.0
1230;57618684;06;66441;IMD1001;MATEMÁTICA ELEMENTAR;3049192.0;60;2018;1;46N34 (19/02/2018 - 07/07/2018);CONSOLIDADA;78.0;4.0
1231;57618685;01;66436;IMD1002;ANÁLISE COMBINATÓRIA;2989758.0;30;2018;1;5M34 (19/02/2018 - 07/07/2018);CONSOLIDADA;80.0;8.0
1232;57618686;02;66436;IMD1002;ANÁLISE COMBINATÓRIA;2989758.0;30;2018;1;5M56 (19/02/2018 - 07/07/2018);CONSOLIDADA;83.0;14.0
1233;57618687;03;66436;IMD1002;ANÁLISE COMBINATÓRIA;2989758.0;30;2018;1;5T34 (19/02/2018 - 07/07/2018);CONSOLIDADA;69.0;9.0
1234;57618688;04;66436;IMD1002;ANÁLISE COMBINATÓRIA;2989758.0;30;2018;1;5T56 (19/02/2018 - 07/07/2018);CONSOLIDADA;70.0;18.0
1235;57618689;05;66436;IMD1002;ANÁLISE COMBINATÓRIA;3049192.0;30;2018;1;3N12 (19/02/2018 - 07/07/2018);CONSOLIDADA;78.0;28.0
1236;57618690;06;66436;IMD1002;ANÁLISE COMBINATÓRIA;3049192.0;30;2018;1;3N34 (19/02/2018 - 07/07/2018);CONSOLIDADA;95.0;5.0
1237;57618691;01;66438;IMD1003;GEOMETRIA EUCLIDIANA;1495851.0;30;2018;1;3M34 (19/02/2018 - 07/07/2018);EXCLUÍDA;69.0;0.0
1238;57618692;02;66438;IMD1003;GEOMETRIA EUCLIDIANA;1495851.0;30;2018;1;3M56 (19/02/2018 - 07/07/2018);EXCLUÍDA;69.0;0.0
1239;57618693;03;66438;IMD1003;GEOMETRIA EUCLIDIANA;1739507.0;30;2018;1;3T34 (19/02/2018 - 07/07/2018);EXCLUÍDA;69.0;0.0
1240;57618694;04;66438;IMD1003;GEOMETRIA EUCLIDIANA;4857233.0;30;2018;1;3T56 (19/02/2018 - 07/07/2018);EXCLUÍDA;69.0;0.0
1241;57618695;05;66438;IMD1003;GEOMETRIA EUCLIDIANA;5686308.0;30;2018;1;5N12 (19/02/2018 - 07/07/2018);CONSOLIDADA;76.0;22.0
1242;57618696;06;66438;IMD1003;GEOMETRIA EUCLIDIANA;5686308.0;30;2018;1;5N34 (19/02/2018 - 07/07/2018);CONSOLIDADA;95.0;5.0
1243;57618697;01;66440;IMD1004;PENSAMENTO COMPUTACIONAL;2978747.0;60;2018;1;24M56 (19/02/2018 - 07/07/2018);CONSOLIDADA;44.0;17.0
1244;57618698;02;66440;IMD1004;PENSAMENTO COMPUTACIONAL;1278805.0;60;2018;1;24T34 (19/02/2018 - 07/07/2018);CONSOLIDADA;41.0;12.0
1245;57618699;03;66440;IMD1004;PENSAMENTO COMPUTACIONAL;2859562.0;60;2018;1;35N12 (19/02/2018 - 07/07/2018);EXCLUÍDA;30.0;0.0
1246;57618700;04;66440;IMD1004;PENSAMENTO COMPUTACIONAL;2859562.0;60;2018;1;35N34 (19/02/2018 - 07/07/2018);CONSOLIDADA;45.0;12.0
1247;57618701;05;66440;IMD1004;PENSAMENTO COMPUTACIONAL;3241425.0;60;2018;1;46N12 (19/02/2018 - 07/07/2018);CONSOLIDADA;41.0;5.0
1248;57618703;06;66440;IMD1004;PENSAMENTO COMPUTACIONAL;3241425.0;60;2018;1;46N34 (19/02/2018 - 07/07/2018);CONSOLIDADA;41.0;8.0
1249;57618704;01;52662;IMD0024;CÁLCULO DIFERENCIAL E INTEGRAL I;2042579.0;90;2018;1;246M12 (19/02/2018 - 07/07/2018);CONSOLIDADA;69.0;79.0
1250;57618705;02;52662;IMD0024;CÁLCULO DIFERENCIAL E INTEGRAL I;3693180.0;90;2018;1;246N12 (19/02/2018 - 07/07/2018);EXCLUÍDA;69.0;0.0
1251;57618706;01;55021;IMD0027;PRÁTICAS DE LEITURA E ESCRITA EM PORTUGUÊS II;2916579.0;30;2018;1;3T34 (19/02/2018 - 07/07/2018);CONSOLIDADA;69.0;46.0
1252;57618740;01;55022;IMD0028;FUNDAMENTOS MATEMÁTICOS DA COMPUTAÇÃO I;3693180.0;90;2018;1;246N34 (19/02/2018 - 07/07/2018);EXCLUÍDA;69.0;0.0
1253;57618743;01;55023;IMD0029;ESTRUTURA DE DADOS BÁSICAS I;2276280.0;60;2018;1;35T34 (19/02/2018 - 07/07/2018);CONSOLIDADA;40.0;108.0
1254;57618749;02;55023;IMD0029;ESTRUTURA DE DADOS BÁSICAS I;2274774.0;60;2018;1;35N12 (19/02/2018 - 07/07/2018);CONSOLIDADA;40.0;56.0
1255;57618754;03;55023;IMD0029;ESTRUTURA DE DADOS BÁSICAS I;3096045.0;60;2018;1;35N34 (19/02/2018 - 07/07/2018);CONSOLIDADA;40.0;42.0
1256;57618760;01;55024;IMD0030;LINGUAGEM DE PROGRAMAÇÃO I;1278805.0;60;2018;1;35T56 (19/02/2018 - 07/07/2018);CONSOLIDADA;44.0;124.0
1257;57618763;02;55024;IMD0030;LINGUAGEM DE PROGRAMAÇÃO I;2266415.0;60;2018;1;35N12 (19/02/2018 - 07/07/2018);CONSOLIDADA;40.0;47.0
1258;57618767;03;55024;IMD0030;LINGUAGEM DE PROGRAMAÇÃO I;2266415.0;60;2018;1;35N34 (19/02/2018 - 07/07/2018);CONSOLIDADA;40.0;54.0
1259;57618778;01;52664;IMD0033;PROBABILIDADE;2885532.0;60;2018;1;35M56 (19/02/2018 - 07/07/2018);CONSOLIDADA;40.0;45.0
1260;57618779;02;52664;IMD0033;PROBABILIDADE;2885532.0;60;2018;1;35T12 (19/02/2018 - 07/07/2018);CONSOLIDADA;40.0;84.0
1261;57618780;03;52664;IMD0033;PROBABILIDADE;1739507.0;60;2018;1;35N12 (19/02/2018 - 07/07/2018);CONSOLIDADA;70.0;62.0
1262;57618782;01;52665;IMD0034;VETORES E GEOMETRIA ANALÍTICA;2042579.0;60;2018;1;24T12 (19/02/2018 - 07/07/2018);CONSOLIDADA;70.0;101.0
1263;57618784;02;52665;IMD0034;VETORES E GEOMETRIA ANALÍTICA;1739507.0;60;2018;1;35N34 (19/02/2018 - 07/07/2018);CONSOLIDADA;71.0;114.0
1264;57618785;01;55025;IMD0038;FUNDAMENTOS MATEMÁTICOS DA COMPUTAÇÃO II;1495851.0;90;2018;1;246M12 (19/02/2018 - 07/07/2018);EXCLUÍDA;69.0;0.0
1265;57618786;02;55025;IMD0038;FUNDAMENTOS MATEMÁTICOS DA COMPUTAÇÃO II;2278403.0;90;2018;1;246N12 (19/02/2018 - 07/07/2018);CONSOLIDADA;69.0;33.0
1266;57618790;01;55026;IMD0039;ESTRUTURAS DE DADOS BÁSICAS II;2170415.0;60;2018;1;35N12 (19/02/2018 - 07/07/2018);CONSOLIDADA;41.0;62.0
1267;57618799;01;55027;IMD0040;LINGUAGEM DE PROGRAMAÇÃO II;2510306.0;60;2018;1;35M56 (19/02/2018 - 07/07/2018);CONSOLIDADA;40.0;45.0
1268;57618801;02;55027;IMD0040;LINGUAGEM DE PROGRAMAÇÃO II;2307580.0;60;2018;1;24N34 (19/02/2018 - 07/07/2018);EXCLUÍDA;40.0;0.0
1269;57618831;01;59734;IMD0104;TÓPICOS ESPECIAIS EM TECNOLOGIA DA INFORMAÇÃO V;1976579.0;60;2018;1;24T12 (19/02/2018 - 07/07/2018);CONSOLIDADA;31.0;23.0
1270;57618836;01;52792;IMD0403;PROGRAMAÇÃO COM BANCO DE DADOS;2307580.0;60;2018;1;24N12 (19/02/2018 - 07/07/2018);EXCLUÍDA;30.0;0.0
1271;57618839;01;52685;IMD0405;FUNDAMENTOS DE SISTEMAS DE INFORMAÇÃO;2885481.0;60;2018;1;24N34 (19/02/2018 - 07/07/2018);EXCLUÍDA;60.0;0.0
1272;57618840;01;52684;IMD0408;PROCESSOS DE SOFTWARE;2274774.0;60;2018;1;35N34 (19/02/2018 - 07/07/2018);CONSOLIDADA;30.0;14.0
1273;57618841;01;52791;IMD0409;DESENVOLVIMENTO DE SISTEMAS WEB II;1542998.0;60;2018;1;35N12 (19/02/2018 - 07/07/2018);CONSOLIDADA;30.0;23.0
1274;57618842;01;52686;IMD0415;GESTÃO DE INFRAESTRUTURA DE TI;2278573.0;60;2018;1;24N34 (19/02/2018 - 07/07/2018);EXCLUÍDA;30.0;0.0
1275;57618843;01;52691;IMD0503;LEVANTAMENTO E MODELAGEM DE REQUISITOS;2245086.0;60;2018;1;35N34 (19/02/2018 - 07/07/2018);CONSOLIDADA;31.0;67.0
1276;57618844;01;52694;IMD0506;SISTEMAS COLABORATIVOS DE APOIO À APRENDIZAGEM;2451906.0;60;2018;1;24T56 (19/02/2018 - 07/07/2018);CONSOLIDADA;30.0;47.0
1277;57618845;01;55055;IMD0517;FUNDAMENTOS PEDAGÓGICOS PARA A INFORMÁTICA EDUCACIONAL I;2178446.0;60;2018;1;24N34 (19/02/2018 - 07/07/2018);CONSOLIDADA;40.0;52.0
1278;57618846;01;55059;IMD0521;FUNDAMENTOS DE JOGOS DIGITAIS;2978747.0;60;2018;1;24T56 (19/02/2018 - 07/07/2018);CONSOLIDADA;46.0;121.0
1279;57618847;01;61129;IMD0701;ADMINISTRAÇÃO DE SISTEMAS OPERACIONAIS PARA REDES;1054235.0;60;2018;1;24N12 (19/02/2018 - 07/07/2018);CONSOLIDADA;30.0;52.0
1280;57618848;01;61132;IMD0822;PROJETO DE INOVAÇÃO TECNOLÓGICA;2645969.0;60;2018;1;6T3456 (19/02/2018 - 07/07/2018);CONSOLIDADA;60.0;15.0
1281;57618849;02;55029;IMD0041;INTRODUÇÃO A ORGANIZAÇÃO E ARQUITETURA DE COMPUTADORES;2140727.0;60;2018;1;24T56 (19/02/2018 - 07/07/2018);CONSOLIDADA;41.0;80.0
1282;57618850;01;63934;IMD0725;DESENVOLVIMENTO DE PROJETOS DE REDES DE COMPUTADORES;1994173.0;60;2018;1;24N34 (19/02/2018 - 07/07/2018);EXCLUÍDA;40.0;0.0
1283;57618851;01;65104;IMD0211;PROGRAMAÇÃO FUNCIONAL;2278403.0;60;2018;1;24T56 (19/02/2018 - 07/07/2018);CONSOLIDADA;39.0;39.0
1284;57618852;01;66481;IMD0811;MOTORES DE JOGOS DIGITAIS;2140866.0;60;2018;1;35T56 (19/02/2018 - 07/07/2018);CONSOLIDADA;40.0;21.0
1285;57618985;02;2054921;DIM0517;GERÊNCIA DE CONFIGURAÇÃO E MUDANÇAS;1671962.0;60;2018;1;24T34;CONSOLIDADA;30.0;13.0
1286;57618986;02;55371;DIM0614;PROGRAMAÇÃO DISTRIBUÍDA;2510306.0;30;2018;1;35M34 (19/02/2018 - 07/07/2018);EXCLUÍDA;40.0;0.0
1287;57618986;02;55371;DIM0614;PROGRAMAÇÃO DISTRIBUÍDA;1213777.0;30;2018;1;35M34 (19/02/2018 - 07/07/2018);EXCLUÍDA;40.0;0.0
1288;57619146;05;25247;DIM0320;ALGORITMO E PROGRAMACAO DE COMPUTADORES;2859606.0;60;2018;1;35M56;CONSOLIDADA;45.0;13.0
1289;57619147;03;55371;DIM0614;PROGRAMAÇÃO DISTRIBUÍDA;2510306.0;30;2018;1;35M34 (19/02/2018 - 07/07/2018);CONSOLIDADA;40.0;27.0
1290;57619147;03;55371;DIM0614;PROGRAMAÇÃO DISTRIBUÍDA;1213777.0;30;2018;1;35M34 (19/02/2018 - 07/07/2018);CONSOLIDADA;40.0;27.0
1291;57619205;02;2054913;DIM0510;PROCESSOS DE SOFTWARE;1961108.0;60;2018;1;35T12;CONSOLIDADA;50.0;9.0
1292;57619567;04;55020;IMD0018;PRÁTICAS DE LEITURA EM INGLÊS;1066675.0;30;2018;1;3M34 (19/02/2018 - 07/07/2018);CONSOLIDADA;79.0;7.0
1293;57619568;05;55020;IMD0018;PRÁTICAS DE LEITURA EM INGLÊS;1066675.0;30;2018;1;3M56 (19/02/2018 - 07/07/2018);CONSOLIDADA;79.0;9.0
1294;57619569;06;55020;IMD0018;PRÁTICAS DE LEITURA EM INGLÊS;1066675.0;30;2018;1;3T56 (19/02/2018 - 07/07/2018);CONSOLIDADA;80.0;33.0
1295;57619570;07;66438;IMD1003;GEOMETRIA EUCLIDIANA;1739507.0;30;2018;1;2M34 (19/02/2018 - 07/07/2018);CONSOLIDADA;80.0;22.0
1296;57619571;08;66438;IMD1003;GEOMETRIA EUCLIDIANA;1495851.0;18;2018;1;2M56 (19/02/2018 - 07/07/2018);CONSOLIDADA;83.0;10.0
1297;57619571;08;66438;IMD1003;GEOMETRIA EUCLIDIANA;4857233.0;12;2018;1;2M56 (19/02/2018 - 07/07/2018);CONSOLIDADA;83.0;10.0
1298;57619572;09;66438;IMD1003;GEOMETRIA EUCLIDIANA;5686308.0;30;2018;1;2T56 (19/02/2018 - 07/07/2018);CONSOLIDADA;69.0;8.0
1299;57619580;08;66440;IMD1004;PENSAMENTO COMPUTACIONAL;2859562.0;60;2018;1;2N1234 (19/02/2018 - 07/07/2018);CONSOLIDADA;59.0;11.0
1300;57619581;02;52651;IMD0012.0;INTRODUÇÃO ÀS TÉCNICAS DE PROGRAMAÇÃO;2278573.0;60;2018;1;24N34 (19/02/2018 - 07/07/2018);CONSOLIDADA;43.0;162.0
1301;57619582;02;52652;IMD0012.1;PRÁTICAS DE TÉCNICAS DE PROGRAMAÇÃO;2278573.0;30;2018;1;6N34 (19/02/2018 - 07/07/2018);CONSOLIDADA;43.0;163.0
1302;57619583;03;52662;IMD0024;CÁLCULO DIFERENCIAL E INTEGRAL I;3693180.0;90;2018;1;246N34 (19/02/2018 - 07/07/2018);CONSOLIDADA;70.0;55.0
1303;57619584;02;55022;IMD0028;FUNDAMENTOS MATEMÁTICOS DA COMPUTAÇÃO I;3693180.0;90;2018;1;246N12 (19/02/2018 - 07/07/2018);CONSOLIDADA;70.0;164.0
1304;57619585;03;55022;IMD0028;FUNDAMENTOS MATEMÁTICOS DA COMPUTAÇÃO I;5686308.0;90;2018;1;246T34 (19/02/2018 - 07/07/2018);CONSOLIDADA;72.0;187.0
1305;57619586;03;55027;IMD0040;LINGUAGEM DE PROGRAMAÇÃO II;2307580.0;60;2018;1;24N12 (19/02/2018 - 07/07/2018);CONSOLIDADA;40.0;36.0
1306;57619587;03;55029;IMD0041;INTRODUÇÃO A ORGANIZAÇÃO E ARQUITETURA DE COMPUTADORES;2244846.0;60;2018;1;24N12 (19/02/2018 - 07/07/2018);CONSOLIDADA;40.0;35.0
1307;57619588;02;55028;IMD0043;REDES DE COMPUTADORES;2467763.0;14;2018;1;24N34 (19/02/2018 - 07/07/2018);CONSOLIDADA;30.0;20.0
1308;57619588;02;55028;IMD0043;REDES DE COMPUTADORES;1994173.0;46;2018;1;24N34 (19/02/2018 - 07/07/2018);CONSOLIDADA;30.0;20.0
1309;57619589;01;59735;IMD0105;TÓPICOS ESPECIAIS EM TECNOLOGIA DA INFORMAÇÃO VI;2885532.0;60;2018;1;35T56 (19/02/2018 - 07/07/2018);EXCLUÍDA;30.0;0.0
1310;57619590;01;61108;IMD0236;TÓPICOS ESPECIAIS EM SISTEMAS EMBARCADOS G;2244846.0;30;2018;1;24T56 (19/02/2018 - 07/07/2018);CONSOLIDADA;24.0;24.0
1311;57619590;01;61108;IMD0236;TÓPICOS ESPECIAIS EM SISTEMAS EMBARCADOS G;6350797.0;30;2018;1;24T56 (19/02/2018 - 07/07/2018);CONSOLIDADA;24.0;24.0
1312;57619591;02;52792;IMD0403;PROGRAMAÇÃO COM BANCO DE DADOS;2307580.0;60;2018;1;24N34 (19/02/2018 - 07/07/2018);CONSOLIDADA;30.0;7.0
1313;57619592;02;52685;IMD0405;FUNDAMENTOS DE SISTEMAS DE INFORMAÇÃO;2885481.0;60;2018;1;24N12 (19/02/2018 - 07/07/2018);CONSOLIDADA;69.0;69.0
1314;57619593;02;52686;IMD0415;GESTÃO DE INFRAESTRUTURA DE TI;2278573.0;60;2018;1;24N12 (19/02/2018 - 07/07/2018);CONSOLIDADA;32.0;78.0
1315;57619595;01;52794;IMD0509;DESENVOLVIMENTO PARA DISPOSITIVOS MÓVEIS;3241425.0;60;2018;1;35T56 (19/02/2018 - 07/07/2018);CONSOLIDADA;43.0;44.0
1316;57619599;03;55025;IMD0038;FUNDAMENTOS MATEMÁTICOS DA COMPUTAÇÃO II;2645969.0;30;2018;1;246M34 (19/02/2018 - 07/07/2018);CONSOLIDADA;69.0;95.0
1317;57619599;03;55025;IMD0038;FUNDAMENTOS MATEMÁTICOS DA COMPUTAÇÃO II;1495851.0;60;2018;1;246M34 (19/02/2018 - 07/07/2018);CONSOLIDADA;69.0;95.0
1318;57619600;02;63934;IMD0725;DESENVOLVIMENTO DE PROJETOS DE REDES DE COMPUTADORES;1994173.0;60;2018;1;35N12 (19/02/2018 - 07/07/2018);CONSOLIDADA;30.0;55.0
1319;57619861;01;59737;IMD0107;TÓPICOS ESPECIAIS EM TECNOLOGIA DA INFORMAÇÃO VIII;1976579.0;60;2018;1;6M3456 (19/02/2018 - 07/07/2018);CONSOLIDADA;30.0;27.0
1320;57619883;01;66482;IMD0605;SEMINÁRIOS EM BIOINFORMÁTICA;2276280.0;15;2018;1;4M56 (19/02/2018 - 07/07/2018);CONSOLIDADA;60.0;24.0
1321;57619883;01;66482;IMD0605;SEMINÁRIOS EM BIOINFORMÁTICA;2170415.0;15;2018;1;4M56 (19/02/2018 - 07/07/2018);CONSOLIDADA;60.0;24.0
1322;57619999;10;66438;IMD1003;GEOMETRIA EUCLIDIANA;4857233.0;30;2018;1;3T34 (19/02/2018 - 07/07/2018);CONSOLIDADA;69.0;6.0
1323;57620602;01;42158;DIM0541.0;BANCO DE DADOS;1639701.0;60;2018;1;24T34;CONSOLIDADA;40.0;50.0
1324;57620603;01;42159;DIM0541.1;PRATICA DE BANCO DE DADOS;1639701.0;30;2018;1;6T34;CONSOLIDADA;40.0;50.0
1325;57564806;01;52651;IMD0012.0;INTRODUÇÃO ÀS TÉCNICAS DE PROGRAMAÇÃO;1363515.0;60;2015;2;35M12 (27/07/2015 - 19/12/2015);CONSOLIDADA;60.0;44.0
1326;57564810;02;52651;IMD0012.0;INTRODUÇÃO ÀS TÉCNICAS DE PROGRAMAÇÃO;2241425.0;60;2015;2;35M34 (27/07/2015 - 19/12/2015);CONSOLIDADA;60.0;56.0
1327;57564811;03;52651;IMD0012.0;INTRODUÇÃO ÀS TÉCNICAS DE PROGRAMAÇÃO;1013173.0;60;2015;2;35N12 (27/07/2015 - 19/12/2015);CONSOLIDADA;60.0;87.0
1328;57564813;01;52683;IMD0407;DESIGN DE SOFTWARE II;2510306.0;60;2015;2;35N12 (27/07/2015 - 19/12/2015);CONSOLIDADA;30.0;19.0
1329;57564815;04;52651;IMD0012.0;INTRODUÇÃO ÀS TÉCNICAS DE PROGRAMAÇÃO;2189436.0;60;2015;2;35N34 (27/07/2015 - 19/12/2015);CONSOLIDADA;60.0;26.0
1330;57564816;01;52682;IMD0406;PROTOCOLO E SERVIÇOS DE INTERNET;1054235.0;30;2015;2;3N34 (27/07/2015 - 19/12/2015);INTERROMPIDA;30.0;3.0
1331;57564818;01;52652;IMD0012.1;PRÁTICAS DE TÉCNICAS DE PROGRAMAÇÃO;2524467.0;30;2015;2;5M12 (27/07/2015 - 19/12/2015);CONSOLIDADA;30.0;36.0
1332;57564820;01;52789;IMD0404;DESENVOLVIMENTO DE SISTEMAS WEB I;1949528.0;60;2015;2;25N34 (27/07/2015 - 19/12/2015);CONSOLIDADA;30.0;24.0
1333;57564821;02;52652;IMD0012.1;PRÁTICAS DE TÉCNICAS DE PROGRAMAÇÃO;2524467.0;30;2015;2;3M12 (27/07/2015 - 19/12/2015);CONSOLIDADA;30.0;17.0
1334;57564823;03;52652;IMD0012.1;PRÁTICAS DE TÉCNICAS DE PROGRAMAÇÃO;1363515.0;30;2015;2;3M34 (27/07/2015 - 19/12/2015);CONSOLIDADA;30.0;30.0
1335;57564825;01;52790;IMD0401;BANCO DE DADOS;4351681.0;60;2015;2;26N12 (27/07/2015 - 19/12/2015);CONSOLIDADA;60.0;11.0
1336;57564833;04;52652;IMD0012.1;PRÁTICAS DE TÉCNICAS DE PROGRAMAÇÃO;1363515.0;30;2015;2;5M34 (27/07/2015 - 19/12/2015);CONSOLIDADA;30.0;15.0
1337;57564836;05;52652;IMD0012.1;PRÁTICAS DE TÉCNICAS DE PROGRAMAÇÃO;1669545.0;30;2015;2;3N12 (27/07/2015 - 19/12/2015);CONSOLIDADA;30.0;21.0
1338;57564837;06;52652;IMD0012.1;PRÁTICAS DE TÉCNICAS DE PROGRAMAÇÃO;1669545.0;30;2015;2;3N34 (27/07/2015 - 19/12/2015);CONSOLIDADA;30.0;27.0
1339;57564838;07;52652;IMD0012.1;PRÁTICAS DE TÉCNICAS DE PROGRAMAÇÃO;2140866.0;30;2015;2;5N12 (27/07/2015 - 19/12/2015);CONSOLIDADA;30.0;10.0
1340;57564839;01;55037;IMD0323;METODOLOGIAS DE PROJETOS EM SISTEMAS EMBARCADOS;2244846.0;60;2015;2;24M12 (27/07/2015 - 19/12/2015);CONSOLIDADA;60.0;18.0
1341;57564840;08;52652;IMD0012.1;PRÁTICAS DE TÉCNICAS DE PROGRAMAÇÃO;1013173.0;30;2015;2;5N34 (27/07/2015 - 19/12/2015);CONSOLIDADA;30.0;58.0
1342;57564841;01;55038;IMD0321;PROJETOS BASEADOS EM MICROCONTROLADORES;2244846.0;60;2015;2;24M34 (27/07/2015 - 19/12/2015);CONSOLIDADA;30.0;4.0
1343;57564842;01;52658;IMD0021;ORGANIZAÇÃO E ARQUITETURA DE COMPUTADORES;2140727.0;60;2015;2;35M56 (27/07/2015 - 19/12/2015);CONSOLIDADA;60.0;35.0
1344;57564843;01;52662;IMD0024;CÁLCULO DIFERENCIAL E INTEGRAL I;2989758.0;90;2015;2;246M34 (27/07/2015 - 19/12/2015);CONSOLIDADA;64.0;47.0
1345;57564844;02;52662;IMD0024;CÁLCULO DIFERENCIAL E INTEGRAL I;2989758.0;45;2015;2;246M56 (27/07/2015 - 19/12/2015);CONSOLIDADA;63.0;70.0
1346;57564844;02;52662;IMD0024;CÁLCULO DIFERENCIAL E INTEGRAL I;4857233.0;45;2015;2;246M56 (27/07/2015 - 19/12/2015);CONSOLIDADA;63.0;70.0
1347;57564845;01;52664;IMD0033;PROBABILIDADE;1350250.0;60;2015;2;24M12 (27/07/2015 - 19/12/2015);CONSOLIDADA;65.0;28.0
1348;57564846;03;52662;IMD0024;CÁLCULO DIFERENCIAL E INTEGRAL I;2042579.0;90;2015;2;246N12 (27/07/2015 - 19/12/2015);CONSOLIDADA;60.0;30.0
1349;57564847;04;52662;IMD0024;CÁLCULO DIFERENCIAL E INTEGRAL I;4857233.0;90;2015;2;246N34 (27/07/2015 - 19/12/2015);CONSOLIDADA;60.0;25.0
1350;57564848;01;55027;IMD0040;LINGUAGEM DE PROGRAMAÇÃO II;1542998.0;30;2015;2;35M34 (27/07/2015 - 19/12/2015);CONSOLIDADA;41.0;44.0
1351;57564848;01;55027;IMD0040;LINGUAGEM DE PROGRAMAÇÃO II;1054235.0;30;2015;2;35M34 (27/07/2015 - 19/12/2015);CONSOLIDADA;41.0;44.0
1352;57564849;02;55027;IMD0040;LINGUAGEM DE PROGRAMAÇÃO II;2510306.0;60;2015;2;35N34 (27/07/2015 - 19/12/2015);CONSOLIDADA;42.0;43.0
1353;57564850;01;55021;IMD0027;PRÁTICAS DE LEITURA E ESCRITA EM PORTUGUÊS II;2916579.0;30;2015;2;3M56 (27/07/2015 - 19/12/2015);CONSOLIDADA;60.0;109.0
1354;57564851;02;55021;IMD0027;PRÁTICAS DE LEITURA E ESCRITA EM PORTUGUÊS II;2916579.0;30;2015;2;3T34 (27/07/2015 - 19/12/2015);CONSOLIDADA;60.0;43.0
1355;57564852;01;55026;IMD0039;ESTRUTURAS DE DADOS BÁSICAS II;2859606.0;60;2015;2;35M12 (27/07/2015 - 19/12/2015);CONSOLIDADA;65.0;39.0
1356;57564853;02;55026;IMD0039;ESTRUTURAS DE DADOS BÁSICAS II;2170415.0;60;2015;2;35N12 (27/07/2015 - 19/12/2015);CONSOLIDADA;60.0;55.0
1357;57564854;03;55021;IMD0027;PRÁTICAS DE LEITURA E ESCRITA EM PORTUGUÊS II;2916579.0;30;2015;2;2N34 (27/07/2015 - 19/12/2015);CONSOLIDADA;64.0;77.0
1358;57564855;01;55025;IMD0038;FUNDAMENTOS MATEMÁTICOS DA COMPUTAÇÃO II;1345816.0;90;2015;2;246M34 (27/07/2015 - 19/12/2015);CONSOLIDADA;65.0;29.0
1359;57564856;01;55022;IMD0028;FUNDAMENTOS MATEMÁTICOS DA COMPUTAÇÃO I;2645969.0;90;2015;2;246M34 (27/07/2015 - 19/12/2015);CONSOLIDADA;64.0;107.0
1360;57564857;02;55022;IMD0028;FUNDAMENTOS MATEMÁTICOS DA COMPUTAÇÃO I;1988053.0;90;2015;2;246M56 (27/07/2015 - 19/12/2015);CONSOLIDADA;65.0;67.0
1361;57564858;02;55025;IMD0038;FUNDAMENTOS MATEMÁTICOS DA COMPUTAÇÃO II;1495851.0;90;2015;2;246N12 (27/07/2015 - 19/12/2015);CONSOLIDADA;60.0;56.0
1362;57564859;03;55022;IMD0028;FUNDAMENTOS MATEMÁTICOS DA COMPUTAÇÃO I;2884005.0;90;2015;2;246N12 (27/07/2015 - 19/12/2015);CONSOLIDADA;60.0;99.0
1363;57564860;01;55024;IMD0030;LINGUAGEM DE PROGRAMAÇÃO I;2497950.0;60;2015;2;35M34 (27/07/2015 - 19/12/2015);CONSOLIDADA;40.0;61.0
1364;57564861;04;55022;IMD0028;FUNDAMENTOS MATEMÁTICOS DA COMPUTAÇÃO I;2884005.0;90;2015;2;246N34 (27/07/2015 - 19/12/2015);CONSOLIDADA;60.0;42.0
1365;57564862;02;55024;IMD0030;LINGUAGEM DE PROGRAMAÇÃO I;1969071.0;60;2015;2;35N34 (27/07/2015 - 19/12/2015);CONSOLIDADA;41.0;63.0
1366;57564863;01;55023;IMD0029;ESTRUTURA DE DADOS BÁSICAS I;2497950.0;60;2015;2;35M12 (27/07/2015 - 19/12/2015);CONSOLIDADA;64.0;79.0
1367;57564864;03;55024;IMD0030;LINGUAGEM DE PROGRAMAÇÃO I;2245086.0;60;2015;2;35N34 (27/07/2015 - 19/12/2015);CONSOLIDADA;41.0;51.0
1368;57564865;02;55023;IMD0029;ESTRUTURA DE DADOS BÁSICAS I;2245086.0;60;2015;2;35N12 (27/07/2015 - 19/12/2015);CONSOLIDADA;64.0;102.0
1369;57564866;01;56269;IMD0044;PRÁTICAS DE LEITURA E ESCRITA EM INGLÊS;1066675.0;60;2015;2;35T56 (27/07/2015 - 19/12/2015);CONSOLIDADA;60.0;36.0
1370;57564867;01;52665;IMD0034;VETORES E GEOMETRIA ANALÍTICA;1049192.0;60;2015;2;46M12 (27/07/2015 - 19/12/2015);CONSOLIDADA;64.0;98.0
1371;57564868;02;52665;IMD0034;VETORES E GEOMETRIA ANALÍTICA;2042579.0;60;2015;2;46T34 (27/07/2015 - 19/12/2015);CONSOLIDADA;60.0;48.0
1372;57564869;03;52665;IMD0034;VETORES E GEOMETRIA ANALÍTICA;2042579.0;60;2015;2;46N34 (27/07/2015 - 19/12/2015);CONSOLIDADA;63.0;78.0
1373;57564870;01;55030;IMD0042;INTRODUÇÃO A SISTEMAS OPERACIONAIS;1721835.0;60;2015;2;24M56 (27/07/2015 - 19/12/2015);CONSOLIDADA;30.0;17.0
1374;57564871;02;55030;IMD0042;INTRODUÇÃO A SISTEMAS OPERACIONAIS;2189436.0;60;2015;2;24N12 (27/07/2015 - 19/12/2015);CONSOLIDADA;30.0;10.0
1375;57564872;01;55028;IMD0043;REDES DE COMPUTADORES;2467763.0;60;2015;2;2M1234 (27/07/2015 - 19/12/2015);CONSOLIDADA;40.0;24.0
1376;57564873;01;55084;IMD0523;TECNOLOGIAS EDUCACIONAIS;2451906.0;60;2015;2;35N12 (27/07/2015 - 19/12/2015);CONSOLIDADA;30.0;8.0
1377;57564875;01;55040;IMD0320;CIRCUITOS ELETRÔNICOS;2140683.0;90;2015;2;246M56 (27/07/2015 - 19/12/2015);CONSOLIDADA;60.0;4.0
1378;57564876;01;52702;IMD0515;TÓPICOS ESPECIAIS EM INFORMÁTICA EDUCACIONAL I;2178446.0;60;2015;2;46N12 (27/07/2015 - 19/12/2015);CONSOLIDADA;30.0;23.0
1379;57564877;01;52694;IMD0506;SISTEMAS COLABORATIVOS DE APOIO À APRENDIZAGEM;2451906.0;60;2015;2;35N34 (27/07/2015 - 19/12/2015);CONSOLIDADA;60.0;6.0
1380;57565057;01;55041;IMD0325;INTRODUÇÃO A SISTEMAS DE CONTROLE;2143852.0;60;2015;2;35M34 (27/07/2015 - 19/12/2015);CONSOLIDADA;60.0;9.0
1381;57565058;01;55044;IMD0326;PROCESSAMENTO DIGITAL DE SINAIS;2140683.0;60;2015;2;35M56 (27/07/2015 - 19/12/2015);CONSOLIDADA;60.0;4.0
1382;57565059;01;55042;IMD0330;REDES DE COMUNICAÇÃO EM SISTEMAS EMBARCADOS;2885532.0;60;2015;2;35T12 (27/07/2015 - 19/12/2015);CONSOLIDADA;30.0;6.0
1383;57565060;01;52792;IMD0403;PROGRAMAÇÃO COM BANCO DE DADOS;4351681.0;60;2015;2;26N34 (27/07/2015 - 19/12/2015);CONSOLIDADA;30.0;6.0
1384;57565061;01;52791;IMD0409;DESENVOLVIMENTO DE SISTEMAS WEB II;1542998.0;60;2015;2;35N12 (27/07/2015 - 19/12/2015);CONSOLIDADA;30.0;10.0
1385;57565062;01;52681;IMD0411;INTRODUÇÃO À GOVERNANÇA E GESTÃO DE TI;1149367.0;30;2015;2;4N1234 (27/07/2015 - 19/12/2015);CONSOLIDADA;60.0;8.0
1386;57565062;01;52681;IMD0411;INTRODUÇÃO À GOVERNANÇA E GESTÃO DE TI;1696802.0;30;2015;2;4N1234 (27/07/2015 - 19/12/2015);CONSOLIDADA;60.0;8.0
1387;57565081;01;55060;IMD0522;JOGOS DIGITAIS COMO FERRAMENTA PEDAGÓGICA;2978747.0;60;2015;2;35T56 (27/07/2015 - 19/12/2015);CONSOLIDADA;60.0;28.0
1388;57565086;01;55055;IMD0517;FUNDAMENTOS PEDAGÓGICOS PARA A INFORMÁTICA EDUCACIONAL I;2164809.0;60;2015;2;35N34 (27/07/2015 - 19/12/2015);CONSOLIDADA;60.0;13.0
1389;57565140;01;52690;IMD0502;PROCESSO DE DESENVOLVIMENTO DE SOFTWARE EDUCACIONAL;2178446.0;60;2015;2;46N34 (27/07/2015 - 19/12/2015);CONSOLIDADA;30.0;14.0
1390;57565145;01;52691;IMD0503;LEVANTAMENTO E MODELAGEM DE REQUISITOS;1976579.0;60;2015;2;24N12 (27/07/2015 - 19/12/2015);CONSOLIDADA;30.0;12.0
1391;57565146;01;52697;IMD0510;ACESSIBILIDADE DIGITAL;1976579.0;60;2015;2;24T56 (27/07/2015 - 19/12/2015);CONSOLIDADA;60.0;13.0
1392;57565207;01;55019;IMD0017;PRÁTICAS DE LEITURA E ESCRITA EM PORTUGUÊS I;1883214.0;30;2015;2;3T34 (27/07/2015 - 19/12/2015);CONSOLIDADA;76.0;13.0
1393;57565211;01;55020;IMD0018;PRÁTICAS DE LEITURA EM INGLÊS;1066675.0;30;2015;2;5T34 (27/07/2015 - 19/12/2015);CONSOLIDADA;76.0;19.0
1394;57565214;01;55031;IMD0019;RESOLUÇÃO DE PROBLEMAS MATEMÁTICOS PARA TI;2978747.0;30;2015;2;246T1234 (27/07/2015 - 19/12/2015);CONSOLIDADA;76.0;9.0
1395;57565214;01;55031;IMD0019;RESOLUÇÃO DE PROBLEMAS MATEMÁTICOS PARA TI;1049192.0;150;2015;2;246T1234 (27/07/2015 - 19/12/2015);CONSOLIDADA;76.0;9.0
1396;57565215;01;55082;IMD0020;TECNOLOGIA DA INFORMAÇÃO E SOCIEDADE;2164809.0;30;2015;2;3T56 (27/07/2015 - 19/12/2015);CONSOLIDADA;76.0;14.0
1397;57565216;02;55019;IMD0017;PRÁTICAS DE LEITURA E ESCRITA EM PORTUGUÊS I;1883214.0;30;2015;2;3M34 (27/07/2015 - 19/12/2015);CONSOLIDADA;60.0;11.0
1398;57565217;03;55019;IMD0017;PRÁTICAS DE LEITURA E ESCRITA EM PORTUGUÊS I;1883214.0;30;2015;2;3N34 (27/07/2015 - 19/12/2015);CONSOLIDADA;61.0;8.0
1399;57565220;02;55020;IMD0018;PRÁTICAS DE LEITURA EM INGLÊS;1066675.0;30;2015;2;5N34 (27/07/2015 - 19/12/2015);CONSOLIDADA;61.0;22.0
1400;57565222;02;55031;IMD0019;RESOLUÇÃO DE PROBLEMAS MATEMÁTICOS PARA TI;2645969.0;30;2015;2;246M1234 (27/07/2015 - 19/12/2015);CONSOLIDADA;60.0;16.0
1401;57565222;02;55031;IMD0019;RESOLUÇÃO DE PROBLEMAS MATEMÁTICOS PARA TI;2241509.0;150;2015;2;246M1234 (27/07/2015 - 19/12/2015);CONSOLIDADA;60.0;16.0
1402;57565224;03;55031;IMD0019;RESOLUÇÃO DE PROBLEMAS MATEMÁTICOS PARA TI;2693180.0;150;2015;2;246N1234 (27/07/2015 - 19/12/2015);CONSOLIDADA;61.0;25.0
1403;57565224;03;55031;IMD0019;RESOLUÇÃO DE PROBLEMAS MATEMÁTICOS PARA TI;1495851.0;30;2015;2;246N1234 (27/07/2015 - 19/12/2015);CONSOLIDADA;61.0;25.0
1404;57565226;02;55082;IMD0020;TECNOLOGIA DA INFORMAÇÃO E SOCIEDADE;2164809.0;30;2015;2;5N12 (27/07/2015 - 19/12/2015);CONSOLIDADA;61.0;17.0
1405;57566667;01;26921;DIM0096;TOPICOS ESPECIAIS EM COMPUTACAO VII;1882699.0;60;2015;2;35T34;CONSOLIDADA;30.0;7.0
1406;57566672;01;26922;DIM0097;TOPICOS ESPECIAIS EM COMPUTACAO VIII;1694485.0;60;2015;2;24M34;CONSOLIDADA;30.0;9.0
1407;57566675;01;25248;DIM0103;INTRODUCAO A INFORMATICA;2246650.0;60;2015;2;35T12;CONSOLIDADA;40.0;48.0
1408;57566676;02;25248;DIM0103;INTRODUCAO A INFORMATICA;1128150.0;30;2015;2;24T34;CONSOLIDADA;40.0;31.0
1409;57566676;02;25248;DIM0103;INTRODUCAO A INFORMATICA;2246650.0;30;2015;2;24T34;CONSOLIDADA;40.0;31.0
1410;57566677;01;21747;DIM0104;SOFTWARES APLICATIVOS;2246650.0;60;2015;2;24T12;CONSOLIDADA;40.0;22.0
1411;57566678;01;25247;DIM0320;ALGORITMO E PROGRAMACAO DE COMPUTADORES;2859606.0;60;2015;2;35M56;CONSOLIDADA;40.0;24.0
1412;57566679;02;25247;DIM0320;ALGORITMO E PROGRAMACAO DE COMPUTADORES;1128150.0;60;2015;2;35T12;CONSOLIDADA;20.0;21.0
1413;57566680;03;25247;DIM0320;ALGORITMO E PROGRAMACAO DE COMPUTADORES;347031.0;60;2015;2;35T56;CONSOLIDADA;10.0;23.0
1414;57566681;04;25247;DIM0320;ALGORITMO E PROGRAMACAO DE COMPUTADORES;347031.0;60;2015;2;35M12;CONSOLIDADA;25.0;26.0
1415;57566682;05;25247;DIM0320;ALGORITMO E PROGRAMACAO DE COMPUTADORES;1096045.0;60;2015;2;24T12;CONSOLIDADA;30.0;15.0
1416;57566683;06;25247;DIM0320;ALGORITMO E PROGRAMACAO DE COMPUTADORES;1096045.0;60;2015;2;35N12;CONSOLIDADA;45.0;41.0
1417;57566684;01;21753;DIM0321;LINGUAGENS DE PROGRAMAÇÃO;2193556.0;60;2015;2;35M56;CONSOLIDADA;50.0;25.0
1418;57566685;02;21753;DIM0321;LINGUAGENS DE PROGRAMAÇÃO;2177445.0;60;2015;2;35T34;CONSOLIDADA;60.0;9.0
1419;57566686;03;21753;DIM0321;LINGUAGENS DE PROGRAMAÇÃO;1128150.0;60;2015;2;46T12;CONSOLIDADA;30.0;5.0
1420;57566687;01;25258;DIM0405;PROPOSTA DE MONOGRAFIA DE GRADUACAO;2212166.0;30;2015;2;3M34;CONSOLIDADA;50.0;14.0
1421;57566689;01;21785;DIM0406;ALGORITMOS AVANÇADOS;1201268.0;60;2015;2;35M12;CONSOLIDADA;50.0;25.0
1422;57566692;01;21700;DIM0416;APRENDIZADO DE MAQUINA;1350250.0;60;2015;2;24T34;EXCLUÍDA;20.0;
1423;57566695;01;21783;DIM0437;LINGUAGENS DE PROGRAMACAO: CONCEITOS E PARADIGMAS;1495704.0;60;2015;2;35M34;CONSOLIDADA;40.0;19.0
1424;57566698;01;21790;DIM0438;REDES DE COMPUTADORES;1525670.0;60;2015;2;24M56;CONSOLIDADA;40.0;27.0
1425;57566700;01;2040700;DIM0490;TÓPICOS ESPECIAIS EM COMPUTAÇÃO XI;1172485.0;60;2015;2;24T34;EXCLUÍDA;30.0;0.0
1426;57566702;01;2040702;DIM0492;TÓPICOS ESPECIAIS EM COMPUTAÇÃO XIII;2177445.0;60;2015;2;35M34;CONSOLIDADA;10.0;2.0
1427;57566703;01;2054906;DIM0504;ANÁLISE E PROJETO ORIENTADO A OBJETOS;1356585.0;60;2015;2;24T12;CONSOLIDADA;20.0;17.0
1428;57566705;01;2054905;DIM0505;LÓGICA APLICADA A ENGENHARIA DE SOFTWARE;1639701.0;60;2015;2;24T34;CONSOLIDADA;40.0;34.0
1429;57566710;01;2054911;DIM0507;TESTE DE SOFTWARE I;1671962.0;60;2015;2;35T34;CONSOLIDADA;40.0;29.0
1430;57566712;01;2054912;DIM0508;PROJETO DE INTERFACES DE USUÁRIO;1149392.0;60;2015;2;35T12;CONSOLIDADA;40.0;56.0
1431;57566718;01;2054916;DIM0519;QUALIDADE DE SOFTWARE;1149561.0;60;2015;2;35T12;CONSOLIDADA;30.0;6.0
1432;57566719;01;2054927;DIM0524;DESENVOLVIMENTO DE SISTEMAS PARA DISPOSITIVOS MÓVEIS;2180207.0;30;2015;2;24T12;CONSOLIDADA;40.0;37.0
1433;57566719;01;2054927;DIM0524;DESENVOLVIMENTO DE SISTEMAS PARA DISPOSITIVOS MÓVEIS;1802737.0;30;2015;2;24T12;CONSOLIDADA;40.0;37.0
1434;57566722;01;2054918;DIM0515;MANUTENÇÃO DE SOFTWARE;1961108.0;60;2015;2;24T34;CONSOLIDADA;20.0;8.0
1435;57566724;01;2054932;DIM0533;TÓPICOS ESPECIAIS EM ENGENHARIA DE SOFTWARE III;1961108.0;60;2015;2;24T56;CONSOLIDADA;30.0;21.0
1436;57566729;01;2054950;DIM0534;TÓPICOS ESPECIAIS EM ENGENHARIA DE SOFTWARE IV;2195240.0;60;2015;2;35T56;CONSOLIDADA;30.0;23.0
1437;57566730;01;2054951;DIM0535;TÓPICOS ESPECIAIS EM ENGENHARIA DE SOFTWARE V;1213777.0;60;2015;2;35M56;CONSOLIDADA;35.0;15.0
1438;57566733;01;52866;DIM0549;GRAFOS;1988053.0;60;2015;2;35T12 (27/07/2015 - 19/12/2015);CONSOLIDADA;50.0;34.0
1439;57566734;01;52972;DIM0601;FUNDAMENTOS MATEMÁTICOS DA COMPUTAÇÃO III;1517271.0;90;2015;2;246M12 (27/07/2015 - 19/12/2015);CONSOLIDADA;30.0;18.0
1440;57566793;01;21764;DIM0410;TREINAMENTO PARA COMPETICOES DE PROGRAMACAO;1845280.0;45;2015;2;6T3456;CONSOLIDADA;30.0;15.0
1441;57566793;01;21764;DIM0410;TREINAMENTO PARA COMPETICOES DE PROGRAMACAO;1988053.0;15;2015;2;6T3456;CONSOLIDADA;30.0;15.0
1442;57566805;01;21759;DIM0439;TEORIA DA COMPUTACAO;2251108.0;30;2015;2;35T12;CONSOLIDADA;45.0;55.0
1443;57566805;01;21759;DIM0439;TEORIA DA COMPUTACAO;2212166.0;30;2015;2;35T12;CONSOLIDADA;45.0;55.0
1444;57566818;01;2054917;DIM0514;ARQUITETURA DE SOFTWARE;1213777.0;30;2015;2;35T34;CONSOLIDADA;25.0;19.0
1445;57566818;01;2054917;DIM0514;ARQUITETURA DE SOFTWARE;1149392.0;30;2015;2;35T34;CONSOLIDADA;25.0;19.0
1446;57567565;01;2054904;DIM0501;BOAS PRÁTICAS DE PROGRAMAÇÃO;1542998.0;30;2015;2;4T34;CONSOLIDADA;30.0;33.0
1447;57567571;01;21795;DIM0442;COMPILADORES;1495704.0;60;2015;2;35M56;CONSOLIDADA;50.0;11.0
1448;57567573;01;55369;DIM0612;PROGRAMAÇÃO CONCORRENTE;1639701.0;30;2015;2;24M34 (27/07/2015 - 19/12/2015);CONSOLIDADA;40.0;9.0
1449;57567573;01;55369;DIM0612;PROGRAMAÇÃO CONCORRENTE;1172485.0;30;2015;2;24M34 (27/07/2015 - 19/12/2015);CONSOLIDADA;40.0;9.0
1450;57567581;01;21766;DIM0331;MODELOS DE OTIM.SOL.DE PROB.DE EXPLOR.E DIST.DE P.;1149561.0;60;2015;2;35M34;CONSOLIDADA;4.0;1.0
1451;57567584;01;21784;DIM0414;SEMANTICA DE LINGUAGENS DE PROGRAMACAO;2220777.0;60;2015;2;24T12;EXCLUÍDA;35.0;
1452;57567587;01;52870;DIM0547;DESENVOLVIMENTO DE SISTEMAS WEB II;1644456.0;60;2015;2;24T56 (27/07/2015 - 19/12/2015);CONSOLIDADA;40.0;30.0
1453;57567588;01;52975;DIM0610;LÓGICA COMPUTACIONAL;1517271.0;30;2015;2;35M56 (27/07/2015 - 19/12/2015);CONSOLIDADA;30.0;6.0
1454;57567588;01;52975;DIM0610;LÓGICA COMPUTACIONAL;2251108.0;30;2015;2;35M56 (27/07/2015 - 19/12/2015);CONSOLIDADA;30.0;6.0
1455;57568129;01;59732;IMD0102;TÓPICOS ESPECIAIS EM TECNOLOGIA DA INFORMAÇÃO III;2916579.0;30;2015;2;2T56 3T12 (27/07/2015 - 19/12/2015);CONSOLIDADA;60.0;7.0
1456;57568129;01;59732;IMD0102;TÓPICOS ESPECIAIS EM TECNOLOGIA DA INFORMAÇÃO III;1883214.0;30;2015;2;2T56 3T12 (27/07/2015 - 19/12/2015);CONSOLIDADA;60.0;7.0
1457;57568130;01;59733;IMD0103;TÓPICOS ESPECIAIS EM TECNOLOGIA DA INFORMAÇÃO IV;2170415.0;60;2015;2;35T56 (27/07/2015 - 19/12/2015);CONSOLIDADA;60.0;17.0
1458;57568131;01;59734;IMD0104;TÓPICOS ESPECIAIS EM TECNOLOGIA DA INFORMAÇÃO V;2467763.0;60;2015;2;4M1234 (27/07/2015 - 19/12/2015);CONSOLIDADA;60.0;15.0
1459;57568182;03;25248;DIM0103;INTRODUCAO A INFORMATICA;2193556.0;60;2015;2;35N12;CONSOLIDADA;30.0;39.0
1460;57568183;04;21753;DIM0321;LINGUAGENS DE PROGRAMAÇÃO;1096045.0;60;2015;2;24M12;CONSOLIDADA;40.0;20.0
1461;57568798;02;55369;DIM0612;PROGRAMAÇÃO CONCORRENTE;1172485.0;30;2015;2;24T12 (27/07/2015 - 19/12/2015);CONSOLIDADA;40.0;16.0
1462;57568798;02;55369;DIM0612;PROGRAMAÇÃO CONCORRENTE;1639701.0;30;2015;2;24T12 (27/07/2015 - 19/12/2015);CONSOLIDADA;40.0;16.0
1463;57570318;01;55074;IMD0422;SISTEMAS DE INTELIGÊNCIA EMPRESARIAL;2241425.0;60;2015;2;35N34 (27/07/2015 - 19/12/2015);CONSOLIDADA;60.0;5.0
1464;57571383;04;55024;IMD0030;LINGUAGEM DE PROGRAMAÇÃO I;2978747.0;60;2015;2;35M56 (27/07/2015 - 19/12/2015);CONSOLIDADA;40.0;13.0
1465;57572025;02;52682;IMD0406;PROTOCOLO E SERVIÇOS DE INTERNET;1054235.0;30;2015;2;7M12 (27/07/2015 - 19/12/2015);CONSOLIDADA;8.0;
1466;57572026;01;52795;IMD0410;PROGRAMAÇÃO CONCORRENTE E DISTRIBUÍDA;2180207.0;60;2015;2;7M3456 (27/07/2015 - 19/12/2015);CONSOLIDADA;5.0;
1467;57657744;01;55372;DIM0616;SISTEMAS EMBARCADOS;1882699.0;60;2020;6;35M34 (06/09/2020 - 19/12/2020);CONSOLIDADA;30.0;8.0
1468;57657747;01;52975;DIM0610;LÓGICA COMPUTACIONAL;1345816.0;60;2020;6;24M34 (06/09/2020 - 19/12/2020);CONSOLIDADA;30.0;18.0
1469;57657747;01;52975;DIM0610;LÓGICA COMPUTACIONAL;2212166.0;60;2020;6;24M34 (06/09/2020 - 19/12/2020);CONSOLIDADA;30.0;18.0
1470;57657754;01;52972;DIM0601;FUNDAMENTOS MATEMÁTICOS DA COMPUTAÇÃO III;1517271.0;90;2020;6;246M56 (06/09/2020 - 19/12/2020);CONSOLIDADA;30.0;16.0
1471;57657758;01;52866;DIM0549;GRAFOS;2859606.0;60;2020;6;35M12 (06/09/2020 - 19/12/2020);CONSOLIDADA;40.0;42.0
1472;57657758;01;52866;DIM0549;GRAFOS;1201268.0;60;2020;6;35M12 (06/09/2020 - 19/12/2020);CONSOLIDADA;40.0;42.0
1473;57657767;01;2040950;DIM0451;COMPUTAÇÃO GRÁFICA I;2497950.0;60;2020;6;35M12;CONSOLIDADA;37.0;13.0
1474;57657771;01;40134;DIM0443;INTERACAO HUMANO-COMPUTADOR;1356585.0;60;2020;6;35T12;CONSOLIDADA;30.0;12.0
1475;57657774;01;21759;DIM0439;TEORIA DA COMPUTACAO;1221251.0;60;2020;6;24M56;CONSOLIDADA;41.0;39.0
1476;57657776;01;55019;IMD0017;PRÁTICAS DE LEITURA E ESCRITA EM PORTUGUÊS I;2981295.0;30;2020;6;4M34 (06/09/2020 - 19/12/2020);CONSOLIDADA;65.0;4.0
1477;57657776;01;55019;IMD0017;PRÁTICAS DE LEITURA E ESCRITA EM PORTUGUÊS I;2916579.0;30;2020;6;4M34 (06/09/2020 - 19/12/2020);CONSOLIDADA;65.0;4.0
1478;57657778;02;55019;IMD0017;PRÁTICAS DE LEITURA E ESCRITA EM PORTUGUÊS I;2916579.0;30;2020;6;5M34 (06/09/2020 - 19/12/2020);CONSOLIDADA;72.0;55.0
1479;57657778;02;55019;IMD0017;PRÁTICAS DE LEITURA E ESCRITA EM PORTUGUÊS I;2981295.0;30;2020;6;5M34 (06/09/2020 - 19/12/2020);CONSOLIDADA;72.0;55.0
1480;57657779;03;55019;IMD0017;PRÁTICAS DE LEITURA E ESCRITA EM PORTUGUÊS I;2916579.0;30;2020;6;3T56 (06/09/2020 - 19/12/2020);CONSOLIDADA;70.0;23.0
1481;57657779;03;55019;IMD0017;PRÁTICAS DE LEITURA E ESCRITA EM PORTUGUÊS I;2981295.0;30;2020;6;3T56 (06/09/2020 - 19/12/2020);CONSOLIDADA;70.0;23.0
1482;57657780;04;55019;IMD0017;PRÁTICAS DE LEITURA E ESCRITA EM PORTUGUÊS I;2916579.0;30;2020;6;3T34 (06/09/2020 - 19/12/2020);CONSOLIDADA;65.0;31.0
1483;57657780;04;55019;IMD0017;PRÁTICAS DE LEITURA E ESCRITA EM PORTUGUÊS I;2981295.0;30;2020;6;3T34 (06/09/2020 - 19/12/2020);CONSOLIDADA;65.0;31.0
1484;57657782;06;55019;IMD0017;PRÁTICAS DE LEITURA E ESCRITA EM PORTUGUÊS I;2981295.0;30;2020;6;3N34 (06/09/2020 - 19/12/2020);CONSOLIDADA;70.0;36.0
1485;57657782;06;55019;IMD0017;PRÁTICAS DE LEITURA E ESCRITA EM PORTUGUÊS I;2916579.0;30;2020;6;3N34 (06/09/2020 - 19/12/2020);CONSOLIDADA;70.0;36.0
1486;57657788;01;55020;IMD0018;PRÁTICAS DE LEITURA EM INGLÊS;2507723.0;30;2020;6;4M56 (06/09/2020 - 19/12/2020);CONSOLIDADA;65.0;33.0
1487;57657789;01;23558;DIM0404;CALCULO NUMERICO PARA CIENCIA DA COMPUTACAO;2929823.0;60;2020;6;35M34;CONSOLIDADA;25.0;23.0
1488;57657790;02;55020;IMD0018;PRÁTICAS DE LEITURA EM INGLÊS;2507723.0;30;2020;6;3T12 (06/09/2020 - 19/12/2020);CONSOLIDADA;65.0;19.0
1489;57657791;03;55020;IMD0018;PRÁTICAS DE LEITURA EM INGLÊS;2507723.0;30;2020;6;3T34 (06/09/2020 - 19/12/2020);CONSOLIDADA;65.0;24.0
1490;57657792;04;55020;IMD0018;PRÁTICAS DE LEITURA EM INGLÊS;2507723.0;30;2020;6;5T12 (06/09/2020 - 19/12/2020);CONSOLIDADA;65.0;12.0
1491;57657793;01;21783;DIM0437;LINGUAGENS DE PROGRAMACAO: CONCEITOS E PARADIGMAS;1495704.0;60;2020;6;24M56;CONSOLIDADA;30.0;26.0
1492;57657794;01;55082;IMD0020;TECNOLOGIA DA INFORMAÇÃO E SOCIEDADE;2451906.0;30;2020;6;4M56 (06/09/2020 - 19/12/2020);CONSOLIDADA;65.0;19.0
1493;57657794;01;55082;IMD0020;TECNOLOGIA DA INFORMAÇÃO E SOCIEDADE;2164809.0;30;2020;6;4M56 (06/09/2020 - 19/12/2020);CONSOLIDADA;65.0;19.0
1494;57657795;02;55082;IMD0020;TECNOLOGIA DA INFORMAÇÃO E SOCIEDADE;2451906.0;30;2020;6;2M56 (06/09/2020 - 19/12/2020);CONSOLIDADA;65.0;13.0
1495;57657797;01;21790;DIM0438;REDES DE COMPUTADORES;1525670.0;60;2020;6;35M56;CONSOLIDADA;43.0;80.0
1496;57657798;04;55082;IMD0020;TECNOLOGIA DA INFORMAÇÃO E SOCIEDADE;2245086.0;30;2020;6;5T56 (06/09/2020 - 19/12/2020);CONSOLIDADA;65.0;25.0
1497;57657798;04;55082;IMD0020;TECNOLOGIA DA INFORMAÇÃO E SOCIEDADE;2164809.0;30;2020;6;5T56 (06/09/2020 - 19/12/2020);CONSOLIDADA;65.0;25.0
1498;57657799;01;66373;DIM0124;PROGRAMAÇÃO CONCORRENTE;1678918.0;60;2020;6;35M34 (06/09/2020 - 19/12/2020);CONSOLIDADA;30.0;17.0
1499;57657802;07;55082;IMD0020;TECNOLOGIA DA INFORMAÇÃO E SOCIEDADE;2164809.0;30;2020;6;5N34 (06/09/2020 - 19/12/2020);CONSOLIDADA;80.0;43.0
1500;57657802;07;55082;IMD0020;TECNOLOGIA DA INFORMAÇÃO E SOCIEDADE;2451906.0;30;2020;6;5N34 (06/09/2020 - 19/12/2020);CONSOLIDADA;80.0;43.0
1501;57657803;01;25247;DIM0320;ALGORITMO E PROGRAMACAO DE COMPUTADORES;2195240.0;60;2020;6;35T34;CONSOLIDADA;43.0;13.0
1502;57657803;01;25247;DIM0320;ALGORITMO E PROGRAMACAO DE COMPUTADORES;1290598.0;60;2020;6;35T34;CONSOLIDADA;43.0;13.0
1503;57657824;06;66441;IMD1001;MATEMÁTICA ELEMENTAR;4857233.0;60;2020;6;35N12 (06/09/2020 - 19/12/2020);CONSOLIDADA;91.0;80.0
1504;57657824;06;66441;IMD1001;MATEMÁTICA ELEMENTAR;2989758.0;60;2020;6;35N12 (06/09/2020 - 19/12/2020);CONSOLIDADA;91.0;80.0
1505;57657827;02;66436;IMD1002;ANÁLISE COMBINATÓRIA;3508272.0;30;2020;6;5M56 (06/09/2020 - 19/12/2020);CONSOLIDADA;144.0;123.0
1506;57657830;04;66436;IMD1002;ANÁLISE COMBINATÓRIA;3508272.0;30;2020;6;6N34 (06/09/2020 - 19/12/2020);CONSOLIDADA;96.0;61.0
1507;57657835;01;66438;IMD1003;GEOMETRIA EUCLIDIANA;1630654.0;30;2020;6;5M12 (06/09/2020 - 19/12/2020);CONSOLIDADA;65.0;40.0
1508;57657836;02;66438;IMD1003;GEOMETRIA EUCLIDIANA;2645969.0;30;2020;6;2M56 (06/09/2020 - 07/12/2020), 2M56 7M1234 (08/12/2020 - 18/12/2020);CONSOLIDADA;65.0;43.0
1509;57657836;02;66438;IMD1003;GEOMETRIA EUCLIDIANA;3508272.0;30;2020;6;2M56 (06/09/2020 - 07/12/2020), 2M56 7M1234 (08/12/2020 - 18/12/2020);CONSOLIDADA;65.0;43.0
1510;57657836;02;66438;IMD1003;GEOMETRIA EUCLIDIANA;1495851.0;30;2020;6;2M56 (06/09/2020 - 07/12/2020), 2M56 7M1234 (08/12/2020 - 18/12/2020);CONSOLIDADA;65.0;43.0
1511;57657838;04;66438;IMD1003;GEOMETRIA EUCLIDIANA;1495851.0;30;2020;6;6N12 (06/09/2020 - 19/12/2020);CONSOLIDADA;88.0;59.0
1512;57657838;04;66438;IMD1003;GEOMETRIA EUCLIDIANA;3508272.0;30;2020;6;6N12 (06/09/2020 - 19/12/2020);CONSOLIDADA;88.0;59.0
1513;57657838;04;66438;IMD1003;GEOMETRIA EUCLIDIANA;2645969.0;30;2020;6;6N12 (06/09/2020 - 19/12/2020);CONSOLIDADA;88.0;59.0
1514;57657842;01;66440;IMD1004;PENSAMENTO COMPUTACIONAL;1885001.0;15;2020;6;24M34 (06/09/2020 - 19/12/2020);CONSOLIDADA;42.0;27.0
1515;57657842;01;66440;IMD1004;PENSAMENTO COMPUTACIONAL;1669545.0;60;2020;6;24M34 (06/09/2020 - 19/12/2020);CONSOLIDADA;42.0;27.0
1516;57657844;03;66440;IMD1004;PENSAMENTO COMPUTACIONAL;1669545.0;60;2020;6;24M56 (06/09/2020 - 19/12/2020);CONSOLIDADA;40.0;40.0
1517;57657846;05;66440;IMD1004;PENSAMENTO COMPUTACIONAL;2149456.0;60;2020;6;24T34 (06/09/2020 - 19/12/2020);CONSOLIDADA;55.0;39.0
1518;57657846;05;66440;IMD1004;PENSAMENTO COMPUTACIONAL;2244846.0;60;2020;6;24T34 (06/09/2020 - 19/12/2020);CONSOLIDADA;55.0;39.0
1519;57657851;08;66440;IMD1004;PENSAMENTO COMPUTACIONAL;1362181.0;60;2020;6;24N12 (06/09/2020 - 19/12/2020);CONSOLIDADA;43.0;27.0
1520;57657855;10;66440;IMD1004;PENSAMENTO COMPUTACIONAL;2859562.0;30;2020;6;24N34 (06/09/2020 - 19/12/2020);CONSOLIDADA;40.0;10.0
1521;57657855;10;66440;IMD1004;PENSAMENTO COMPUTACIONAL;1976579.0;30;2020;6;24N34 (06/09/2020 - 19/12/2020);CONSOLIDADA;40.0;10.0
1522;57657925;11;66441;IMD1001;MATEMÁTICA ELEMENTAR;4857233.0;60;2020;6;24M34 (06/09/2020 - 19/12/2020);CONSOLIDADA;149.0;111.0
1523;57657925;11;66441;IMD1001;MATEMÁTICA ELEMENTAR;2989758.0;60;2020;6;24M34 (06/09/2020 - 19/12/2020);CONSOLIDADA;149.0;111.0
1524;57657927;12;66441;IMD1001;MATEMÁTICA ELEMENTAR;2989758.0;60;2020;6;24T12 (06/09/2020 - 19/12/2020);CONSOLIDADA;97.0;79.0
1525;57657927;12;66441;IMD1001;MATEMÁTICA ELEMENTAR;4857233.0;60;2020;6;24T12 (06/09/2020 - 19/12/2020);CONSOLIDADA;97.0;79.0
1526;57658089;01;66374;DIM0125;BANCO DE DADOS;1639701.0;90;2020;6;246T34 (06/09/2020 - 19/12/2020);CONSOLIDADA;43.0;56.0
1527;57658090;01;69698;DIM0138;PROJETO DETALHADO DE SOFTWARE;1644456.0;60;2020;6;24T12 (06/09/2020 - 19/12/2020);CONSOLIDADA;42.0;43.0
1528;57658091;01;2054911;DIM0507;TESTE DE SOFTWARE I;1709820.0;60;2020;6;35T34;CONSOLIDADA;40.0;47.0
1529;57658092;01;52867;DIM0546;DESENVOLVIMENTO DE SISTEMAS WEB I;1149392.0;60;2020;6;35T12 (06/09/2020 - 19/12/2020);CONSOLIDADA;41.0;131.0
1530;57658093;01;2054914;DIM0511;ENGENHARIA DE REQUISITOS;1754430.0;60;2020;6;35T12;CONSOLIDADA;30.0;16.0
1531;57658094;01;2054919;DIM0516;MÉTODOS FORMAIS DE ENGENHARIA DE SOFTWARE;1639701.0;60;2020;6;24T12;CONSOLIDADA;30.0;7.0
1532;57658095;01;52813;DIM0548;ENGENHARIA DE LINGUAGENS;1495704.0;60;2020;6;24T34 (06/09/2020 - 19/12/2020);CONSOLIDADA;30.0;21.0
1533;57658096;01;55371;DIM0614;PROGRAMAÇÃO DISTRIBUÍDA;1213777.0;60;2020;6;35T34 (06/09/2020 - 19/12/2020);CONSOLIDADA;30.0;25.0
1534;57658097;01;2054913;DIM0510;PROCESSOS DE SOFTWARE;1961108.0;60;2020;6;35T12;CONSOLIDADA;37.0;46.0
1535;57658098;01;2054921;DIM0517;GERÊNCIA DE CONFIGURAÇÃO E MUDANÇAS;1802737.0;60;2020;6;24T12;CONSOLIDADA;32.0;41.0
1536;57658099;01;2054922;DIM0518;PLANEJAMENTO E GERENCIAMENTO DE PROJETOS;1961108.0;60;2020;6;35T34;CONSOLIDADA;44.0;52.0
1537;57658100;01;2054920;DIM0590;PROPOSTA DE TRABALHO DE CONCLUSÃO DE CURSO;1802737.0;30;2020;6;6T34;CONSOLIDADA;30.0;6.0
1538;57658101;01;2054930;DIM0531;TÓPICOS ESPECIAIS EM ENGENHARIA DE SOFTWARE I;1363515.0;60;2020;6;24M56;CONSOLIDADA;40.0;90.0
1539;57658102;01;2054928;DIM0529;DESENVOLVIMENTO EM TIMES;1149561.0;60;2020;6;35M34;CONSOLIDADA;24.0;33.0
1540;57658103;01;2054904;DIM0501;BOAS PRÁTICAS DE PROGRAMAÇÃO;2510306.0;30;2020;6;2T12;CONSOLIDADA;40.0;81.0
1541;57658104;01;2054906;DIM0504;ANÁLISE E PROJETO ORIENTADO A OBJETOS;1754430.0;60;2020;6;35T34;CONSOLIDADA;30.0;28.0
1542;57658105;01;2054956;DIM0540;TÓPICOS ESPECIAIS EM ENGENHARIA DE SOFTWARE X;1802737.0;30;2020;6;4T34;CONSOLIDADA;30.0;14.0
1543;57658106;01;52811;DIM0550;MÉTODOS EXPERIMENTAIS EM ENGENHARIA DE SOFTWARE;2316877.0;60;2020;6;35M56 (06/09/2020 - 19/12/2020);CONSOLIDADA;40.0;13.0
1544;57658107;01;69637;DIM0133;INTRODUÇÃO ÀS TÉCNICAS DE PROGRAMAÇÃO;1363515.0;90;2020;6;246M12 (06/09/2020 - 19/12/2020);CONSOLIDADA;41.0;47.0
1545;57658108;01;64786;DIM0119;ESTRUTURA DE DADOS BÁSICAS I;2497950.0;60;2020;6;35M34 (06/09/2020 - 19/12/2020);CONSOLIDADA;38.0;37.0
1546;57658109;01;64787;DIM0120;LINGUAGEM DE PROGRAMAÇÃO I;2497950.0;60;2020;6;35M56 (06/09/2020 - 19/12/2020);CONSOLIDADA;38.0;50.0
1547;57658111;02;64786;DIM0119;ESTRUTURA DE DADOS BÁSICAS I;3967165.0;60;2020;6;35M12 (06/09/2020 - 19/12/2020);CONSOLIDADA;36.0;10.0
1548;57658112;01;69636;DIM0129;ORGANIZAÇÃO DE COMPUTADORES;1694485.0;60;2020;6;24M34 (06/09/2020 - 19/12/2020);CONSOLIDADA;30.0;13.0
1549;57658113;01;26921;DIM0096;TOPICOS ESPECIAIS EM COMPUTACAO VII;1699087.0;60;2020;6;35T56;CONSOLIDADA;25.0;8.0
1550;57658384;01;52662;IMD0024;CÁLCULO DIFERENCIAL E INTEGRAL I;2042579.0;90;2020;6;246T12 (06/09/2020 - 19/12/2020);CONSOLIDADA;65.0;33.0
1551;57658385;02;52662;IMD0024;CÁLCULO DIFERENCIAL E INTEGRAL I;2042579.0;90;2020;6;246N12 (06/09/2020 - 19/12/2020);CONSOLIDADA;65.0;59.0
1552;57658386;01;55022;IMD0028;FUNDAMENTOS MATEMÁTICOS DA COMPUTAÇÃO I;1495851.0;90;2020;6;246M34 (06/09/2020 - 19/12/2020);CONSOLIDADA;68.0;140.0
1553;57658388;02;55022;IMD0028;FUNDAMENTOS MATEMÁTICOS DA COMPUTAÇÃO I;2278403.0;90;2020;6;246N34 (06/09/2020 - 19/12/2020);CONSOLIDADA;67.0;171.0
1554;57658390;01;55023;IMD0029;ESTRUTURA DE DADOS BÁSICAS I;2276280.0;60;2020;6;35T12 (06/09/2020 - 19/12/2020);CONSOLIDADA;67.0;78.0
1555;57658393;02;55023;IMD0029;ESTRUTURA DE DADOS BÁSICAS I;3104412.0;60;2020;6;35N12 (06/09/2020 - 19/12/2020);CONSOLIDADA;44.0;71.0
1556;57658576;03;55023;IMD0029;ESTRUTURA DE DADOS BÁSICAS I;2859562.0;60;2020;6;35N34 (06/09/2020 - 19/12/2020);CONSOLIDADA;42.0;54.0
1557;57658577;01;55024;IMD0030;LINGUAGEM DE PROGRAMAÇÃO I;3083298.0;60;2020;6;35T34 (06/09/2020 - 19/12/2020);CONSOLIDADA;40.0;81.0
1558;57658579;02;55024;IMD0030;LINGUAGEM DE PROGRAMAÇÃO I;2266415.0;60;2020;6;35N34 (06/09/2020 - 19/12/2020);CONSOLIDADA;41.0;49.0
1559;57658580;03;55024;IMD0030;LINGUAGEM DE PROGRAMAÇÃO I;2266415.0;60;2020;6;35N12 (06/09/2020 - 19/12/2020);CONSOLIDADA;42.0;63.0
1560;57658586;02;52664;IMD0033;PROBABILIDADE;1362181.0;60;2020;6;24T34 (06/09/2020 - 19/12/2020);CONSOLIDADA;66.0;147.0
1561;57658586;02;52664;IMD0033;PROBABILIDADE;3063244.0;60;2020;6;24T34 (06/09/2020 - 19/12/2020);CONSOLIDADA;66.0;147.0
1562;57658587;03;52664;IMD0033;PROBABILIDADE;3063244.0;60;2020;6;24N34 (06/09/2020 - 19/12/2020);CONSOLIDADA;78.0;109.0
1563;57658587;03;52664;IMD0033;PROBABILIDADE;1362181.0;60;2020;6;24N34 (06/09/2020 - 19/12/2020);CONSOLIDADA;78.0;109.0
1564;57658589;01;52665;IMD0034;VETORES E GEOMETRIA ANALÍTICA;3143007.0;60;2020;6;35N12 (06/09/2020 - 19/12/2020);CONSOLIDADA;82.0;77.0
1565;57658589;01;52665;IMD0034;VETORES E GEOMETRIA ANALÍTICA;3159948.0;60;2020;6;35N12 (06/09/2020 - 19/12/2020);CONSOLIDADA;82.0;77.0
1566;57658590;01;55025;IMD0038;FUNDAMENTOS MATEMÁTICOS DA COMPUTAÇÃO II;2645969.0;90;2020;6;246M56 (06/09/2020 - 19/12/2020);CONSOLIDADA;70.0;183.0
1567;57658592;03;55025;IMD0038;FUNDAMENTOS MATEMÁTICOS DA COMPUTAÇÃO II;2278403.0;90;2020;6;246N12 (06/09/2020 - 19/12/2020);CONSOLIDADA;65.0;34.0
1568;57658593;01;55026;IMD0039;ESTRUTURAS DE DADOS BÁSICAS II;2170415.0;60;2020;6;35N12 (06/09/2020 - 19/12/2020);CONSOLIDADA;40.0;92.0
1569;57658594;01;55027;IMD0040;LINGUAGEM DE PROGRAMAÇÃO II;4351681.0;60;2020;6;35M56 (06/09/2020 - 19/12/2020);CONSOLIDADA;30.0;35.0
1570;57658596;02;55027;IMD0040;LINGUAGEM DE PROGRAMAÇÃO II;3204363.0;60;2020;6;35N34 (06/09/2020 - 19/12/2020);CONSOLIDADA;44.0;75.0
1571;57658598;01;55028;IMD0043;REDES DE COMPUTADORES;1054235.0;60;2020;6;24N12 (06/09/2020 - 19/12/2020);CONSOLIDADA;40.0;72.0
1572;57658599;01;66437;IMD0121;ARQUITETURA DE COMPUTADORES;2140727.0;60;2020;6;24M34 (06/09/2020 - 19/12/2020);CONSOLIDADA;48.0;77.0
1573;57658600;02;66437;IMD0121;ARQUITETURA DE COMPUTADORES;2140727.0;60;2020;6;24M56 (06/09/2020 - 19/12/2020);CONSOLIDADA;51.0;89.0
1574;57658602;03;66437;IMD0121;ARQUITETURA DE COMPUTADORES;3139050.0;60;2020;6;24N12 (06/09/2020 - 19/12/2020);CONSOLIDADA;45.0;113.0
1575;57658604;04;66437;IMD0121;ARQUITETURA DE COMPUTADORES;3139050.0;60;2020;6;24N34 (06/09/2020 - 19/12/2020);CONSOLIDADA;45.0;69.0
1576;57658605;01;66444;IMD1012;INTRODUÇÃO ÀS TÉCNICAS DE PROGRAMAÇÃO;2244846.0;90;2020;6;246N12 (06/09/2020 - 19/12/2020);CONSOLIDADA;41.0;167.0
1577;57658755;01;25248;DIM0103;INTRODUCAO A INFORMATICA;3967165.0;60;2020;6;6T3456;CONSOLIDADA;41.0;69.0
1578;57658756;01;21747;DIM0104;SOFTWARES APLICATIVOS;1345816.0;60;2020;6;24T56;CONSOLIDADA;40.0;6.0
1579;57658756;01;21747;DIM0104;SOFTWARES APLICATIVOS;1290598.0;60;2020;6;24T56;CONSOLIDADA;40.0;6.0
1580;57658759;02;25247;DIM0320;ALGORITMO E PROGRAMACAO DE COMPUTADORES;2177445.0;60;2020;6;35M34;CONSOLIDADA;64.0;22.0
1581;57658759;02;25247;DIM0320;ALGORITMO E PROGRAMACAO DE COMPUTADORES;1290598.0;60;2020;6;35M34;CONSOLIDADA;64.0;22.0
1582;57658761;03;25247;DIM0320;ALGORITMO E PROGRAMACAO DE COMPUTADORES;2195240.0;60;2020;6;35T12;CONSOLIDADA;35.0;17.0
1583;57658761;03;25247;DIM0320;ALGORITMO E PROGRAMACAO DE COMPUTADORES;1290598.0;60;2020;6;35T12;CONSOLIDADA;35.0;17.0
1584;57658848;01;21764;DIM0410;TREINAMENTO PARA COMPETICOES DE PROGRAMACAO;1845280.0;60;2020;6;6T1234;CONSOLIDADA;28.0;32.0
1585;57658902;01;64732;DIM0117;ESTRUTURAS DE DADOS BÁSICAS II;3967165.0;60;2020;6;35M34 (06/09/2020 - 19/12/2020);CONSOLIDADA;41.0;42.0
1586;57659071;01;26922;DIM0097;TOPICOS ESPECIAIS EM COMPUTACAO VIII;1172485.0;60;2020;6;24T56;CONSOLIDADA;25.0;22.0
1587;57659092;01;69651;DIM0135;PROCESSAMENTO DE LINGUAGEM NATURAL;1988053.0;60;2020;6;24T34 (06/09/2020 - 19/12/2020);CONSOLIDADA;20.0;5.0
1588;57659100;01;72186;DIM0140;OTIMIZAÇÃO HEURÍSTICA;1149561.0;60;2020;6;35M56 (06/09/2020 - 19/12/2020);CONSOLIDADA;7.0;1.0
1589;57659117;01;21705;DIM0411;PROCESSAMENTO DE IMAGENS;1172485.0;60;2020;6;24T12;CONSOLIDADA;25.0;15.0
1590;57659196;02;72187;DIM0141;VISÃO COMPUTACIONAL;2929823.0;60;2020;6;24M34 (06/09/2020 - 19/12/2020);CONSOLIDADA;40.0;23.0
1591;57659357;01;26904;DIM0024;SEMINARIO DE COMPUTACAO;6350797.0;30;2020;6;6T12;CONSOLIDADA;70.0;78.0
1592;57659400;01;52686;IMD0415;GESTÃO DE INFRAESTRUTURA DE TI;2278573.0;60;2020;6;24N12 (06/09/2020 - 19/12/2020);CONSOLIDADA;72.0;195.0
1593;57659401;01;52689;IMD0501;FUNDAMENTOS PEDAGÓGICOS PARA A INFORMÁTICA EDUCACIONAL;2178446.0;60;2020;6;24N34 (06/09/2020 - 19/12/2020);CONSOLIDADA;46.0;41.0
1594;57659403;01;52694;IMD0506;SISTEMAS COLABORATIVOS DE APOIO À APRENDIZAGEM;2451906.0;60;2020;6;24T56 (06/09/2020 - 19/12/2020);CONSOLIDADA;40.0;87.0
1595;57659404;01;55059;IMD0521;FUNDAMENTOS DE JOGOS DIGITAIS;3104412.0;60;2020;6;35T56 (06/09/2020 - 19/12/2020);CONSOLIDADA;44.0;200.0
1596;57659406;01;63936;IMD0601;BIOESTATÍSTICA;1365498.0;30;2020;6;24T12 (06/09/2020 - 19/12/2020);CONSOLIDADA;30.0;12.0
1597;57659406;01;63936;IMD0601;BIOESTATÍSTICA;3063244.0;30;2020;6;24T12 (06/09/2020 - 19/12/2020);CONSOLIDADA;30.0;12.0
1598;57659407;01;66482;IMD0605;SEMINÁRIOS EM BIOINFORMÁTICA;3063244.0;30;2020;6;4M56 (06/09/2020 - 19/12/2020);CONSOLIDADA;66.0;69.0
1599;57659412;01;61129;IMD0701;ADMINISTRAÇÃO DE SISTEMAS OPERACIONAIS PARA REDES;1949528.0;60;2020;6;35N34 (06/09/2020 - 19/12/2020);CONSOLIDADA;41.0;112.0
1600;57659414;01;69696;IMD0718;FORENSE COMPUTACIONAL;1874895.0;60;2020;6;24N34 (06/09/2020 - 19/12/2020);CONSOLIDADA;30.0;25.0
1601;57659418;01;61132;IMD0822;PROJETO DE INOVAÇÃO TECNOLÓGICA;1885001.0;15;2020;6;6M3456 (06/09/2020 - 19/12/2020);CONSOLIDADA;41.0;34.0
1602;57659418;01;61132;IMD0822;PROJETO DE INOVAÇÃO TECNOLÓGICA;2885481.0;60;2020;6;6M3456 (06/09/2020 - 19/12/2020);CONSOLIDADA;41.0;34.0
1603;57659421;01;69612;IMD1101;APRENDIZADO DE MÁQUINA;4351681.0;30;2020;6;35M34 (06/09/2020 - 19/12/2020);CONSOLIDADA;32.0;34.0
1604;57659421;01;69612;IMD1101;APRENDIZADO DE MÁQUINA;1350250.0;30;2020;6;35M34 (06/09/2020 - 19/12/2020);CONSOLIDADA;32.0;34.0
1605;57659423;01;69615;IMD1104;APRENDIZADO PROFUNDO;2885532.0;60;2020;6;24M56 (06/09/2020 - 19/12/2020);CONSOLIDADA;40.0;9.0
1606;57659425;01;68477;IMD0905;CIÊNCIA DE DADOS I;2885532.0;60;2020;6;35T56 (06/09/2020 - 19/12/2020);CONSOLIDADA;41.0;116.0
1607;57659428;01;69619;IMD1120;TÓPICOS ESPECIAIS EM INTELIGÊNCIA COMPUTACIONAL A;1362181.0;60;2020;6;35N34 (06/09/2020 - 19/12/2020);CONSOLIDADA;60.0;30.0
1608;57659430;01;69620;IMD1121;TÓPICOS ESPECIAIS EM INTELIGÊNCIA COMPUTACIONAL B;1976579.0;60;2020;6;6T3456 (06/09/2020 - 19/12/2020);CONSOLIDADA;40.0;18.0
1609;57659431;02;52665;IMD0034;VETORES E GEOMETRIA ANALÍTICA;2042579.0;60;2020;6;24T34 (06/09/2020 - 19/12/2020);CONSOLIDADA;24.0;22.0
1610;57659543;01;72206;IMD1111;MACHINE LEARNING;2859562.0;60;2020;6;35N12 (06/09/2020 - 19/12/2020);CONSOLIDADA;40.0;72.0
1611;57659860;01;69593;IMD0291;TÓPICOS ESPECIAIS EM INTERNET DAS COISAS B;1721835.0;60;2020;6;24T56 (06/09/2020 - 19/12/2020);CONSOLIDADA;36.0;31.0
1612;57659861;01;69598;IMD0912;METODOLOGIA DE PROJETO DE IOT;6350797.0;60;2020;6;35T12 (06/09/2020 - 19/12/2020);CONSOLIDADA;26.0;35.0
1613;57659861;01;69598;IMD0912;METODOLOGIA DE PROJETO DE IOT;1555898.0;60;2020;6;35T12 (06/09/2020 - 19/12/2020);CONSOLIDADA;26.0;35.0
1614;57659928;04;25247;DIM0320;ALGORITMO E PROGRAMACAO DE COMPUTADORES;2859606.0;60;2020;6;35M56;CONSOLIDADA;35.0;23.0
1615;57659930;05;25247;DIM0320;ALGORITMO E PROGRAMACAO DE COMPUTADORES;1290598.0;60;2020;6;35M56;CONSOLIDADA;55.0;22.0
1616;57659930;05;25247;DIM0320;ALGORITMO E PROGRAMACAO DE COMPUTADORES;2177445.0;60;2020;6;35M56;CONSOLIDADA;55.0;22.0
1617;57660262;04;55025;IMD0038;FUNDAMENTOS MATEMÁTICOS DA COMPUTAÇÃO II;2278403.0;90;2020;6;246T34 (06/09/2020 - 19/12/2020);CONSOLIDADA;65.0;21.0
1618;57660263;02;52685;IMD0405;FUNDAMENTOS DE SISTEMAS DE INFORMAÇÃO;2885481.0;60;2020;6;35N34 (06/09/2020 - 19/12/2020);CONSOLIDADA;65.0;105.0
1619;57660264;01;72275;IMD0527;INTRODUÇÃO À INTERAÇÃO HUMANO-COMPUTADOR;1976579.0;60;2020;6;5M3456 (06/09/2020 - 19/12/2020);CONSOLIDADA;35.0;61.0
1620;57660265;02;69602;IMD0802;DESIGN DE NÍVEIS DE JOGOS;3104412.0;60;2020;6;35T34 (06/09/2020 - 19/12/2020);CONSOLIDADA;40.0;27.0
1621;57660266;02;66481;IMD0811;MOTORES DE JOGOS DIGITAIS;1969071.0;60;2020;6;35T12 (06/09/2020 - 19/12/2020);CONSOLIDADA;41.0;40.0
1622;57660366;04;55024;IMD0030;LINGUAGEM DE PROGRAMAÇÃO I;3204363.0;60;2020;6;35M56 (06/09/2020 - 19/12/2020);CONSOLIDADA;42.0;47.0
1623;57660757;02;66444;IMD1012;INTRODUÇÃO ÀS TÉCNICAS DE PROGRAMAÇÃO;2278573.0;60;2020;6;246T12 (06/09/2020 - 19/12/2020);CONSOLIDADA;40.0;66.0
1624;57660757;02;66444;IMD1012;INTRODUÇÃO ÀS TÉCNICAS DE PROGRAMAÇÃO;3083298.0;30;2020;6;246T12 (06/09/2020 - 19/12/2020);CONSOLIDADA;40.0;66.0
1625;57660758;05;66437;IMD0121;ARQUITETURA DE COMPUTADORES;1721835.0;60;2020;6;24T34 (06/09/2020 - 19/12/2020);CONSOLIDADA;46.0;60.0
1626;57664302;02;26922;DIM0097;TOPICOS ESPECIAIS EM COMPUTACAO VIII;2859606.0;60;2020;6;35T34;CONSOLIDADA;20.0;5.0
1627;57664480;01;52683;IMD0407;DESIGN DE SOFTWARE II;2510306.0;60;2020;6;24T56 (06/09/2020 - 19/12/2020);CONSOLIDADA;22.0;22.0
1628;57664519;08;66436;IMD1002;ANÁLISE COMBINATÓRIA;3508272.0;30;2020;6;5T34 (23/08/2020 - 12/12/2020);EXCLUÍDA;110.0;0.0
1629;57664524;10;66438;IMD1003;GEOMETRIA EUCLIDIANA;3508272.0;30;2020;6;3T12 (06/09/2020 - 19/12/2020);CONSOLIDADA;91.0;80.0
1630;57664524;10;66438;IMD1003;GEOMETRIA EUCLIDIANA;1495851.0;30;2020;6;3T12 (06/09/2020 - 19/12/2020);CONSOLIDADA;91.0;80.0
1631;57664524;10;66438;IMD1003;GEOMETRIA EUCLIDIANA;2645969.0;30;2020;6;3T12 (06/09/2020 - 19/12/2020);CONSOLIDADA;91.0;80.0
1632;57664528;08;55082;IMD0020;TECNOLOGIA DA INFORMAÇÃO E SOCIEDADE;2245086.0;30;2020;6;5T12 (06/09/2020 - 19/12/2020);CONSOLIDADA;75.0;57.0
1633;57664528;08;55082;IMD0020;TECNOLOGIA DA INFORMAÇÃO E SOCIEDADE;2164809.0;30;2020;6;5T12 (06/09/2020 - 19/12/2020);CONSOLIDADA;75.0;57.0
1634;57664547;01;52687;IMD0416;SEGURANÇA DA INFORMAÇÃO;1874895.0;60;2020;6;24N12 (06/09/2020 - 19/12/2020);CONSOLIDADA;20.0;8.0
1635;57664574;01;59739;IMD0109;TÓPICOS ESPECIAIS EM TECNOLOGIA DA INFORMAÇÃO X;2467763.0;30;2020;6;2N12 (06/09/2020 - 19/12/2020);CONSOLIDADA;40.0;12.0
1636;57664575;01;72273;IMD1203;INTERDISCIPLINARIDADE E TRANSVERSALIDADE EM TECNOLOGIA DA INFORMAÇÃO;1321136.0;30;2020;6;3N12 (06/09/2020 - 19/12/2020);CONSOLIDADA;64.0;43.0
1637;57664576;03;66444;IMD1012;INTRODUÇÃO ÀS TÉCNICAS DE PROGRAMAÇÃO;2467763.0;90;2020;6;2N34 3N1234 (06/09/2020 - 19/12/2020);CONSOLIDADA;40.0;28.0
1638;57664620;01;62888;IMD0704;ADMINISTRAÇÃO DE SERVIÇOS DE REDES PARA INTERNET;2149456.0;60;2020;6;35N12 (06/09/2020 - 19/12/2020);CONSOLIDADA;40.0;56.0
1639;57665351;09;66436;IMD1002;ANÁLISE COMBINATÓRIA;3508272.0;30;2020;6;5T34 (06/09/2020 - 19/12/2020);CONSOLIDADA;42.0;39.0
1640;57716846;01;23499;DIM0040;CALCULO NUMERICO;3288217.0;90;2023;1;246M12;CONSOLIDADA;35.0;23.0
1641;57716857;01;64730;DIM0114;BANCO DE DADOS;3293042.0;60;2023;1;35M34 (06/03/2023 - 15/07/2023);CONSOLIDADA;40.0;38.0
1642;57716865;01;64786;DIM0119;ESTRUTURA DE DADOS BÁSICAS I;2497950.0;60;2023;1;35M34 (06/03/2023 - 15/07/2023);CONSOLIDADA;40.0;40.0
1643;57716866;01;64788;DIM0121;FUNDAMENTOS MATEMÁTICOS DA COMPUTAÇÃO II;1345816.0;60;2023;1;246M34 (06/03/2023 - 15/07/2023);CONSOLIDADA;60.0;26.0
1644;57716866;01;64788;DIM0121;FUNDAMENTOS MATEMÁTICOS DA COMPUTAÇÃO II;3315136.0;30;2023;1;246M34 (06/03/2023 - 15/07/2023);CONSOLIDADA;60.0;26.0
1645;57716874;01;66373;DIM0124;PROGRAMAÇÃO CONCORRENTE;2316877.0;60;2023;1;24M34 (06/03/2023 - 15/07/2023);CONSOLIDADA;40.0;41.0
1646;57716878;01;66374;DIM0125;BANCO DE DADOS;1639701.0;90;2023;1;24T34 6T56 (06/03/2023 - 15/07/2023);CONSOLIDADA;40.0;52.0
1647;57716881;01;69635;DIM0128;CIRCUITOS LÓGICOS;6350797.0;60;2023;1;35T12 (06/03/2023 - 15/07/2023);CONSOLIDADA;15.0;11.0
1648;57716887;01;69698;DIM0138;PROJETO DETALHADO DE SOFTWARE;1644456.0;60;2023;1;35T12 (06/03/2023 - 15/07/2023);CONSOLIDADA;40.0;47.0
1649;57716897;01;2054906;DIM0504;ANÁLISE E PROJETO ORIENTADO A OBJETOS;1754430.0;60;2023;1;24M34;CONSOLIDADA;40.0;43.0
1650;57716899;01;2054911;DIM0507;TESTE DE SOFTWARE I;1709820.0;60;2023;1;24M56;CONSOLIDADA;40.0;64.0
1651;57716900;01;2054913;DIM0510;PROCESSOS DE SOFTWARE;1754430.0;60;2023;1;24T34;CONSOLIDADA;30.0;28.0
1652;57716901;01;2054914;DIM0511;ENGENHARIA DE REQUISITOS;2195240.0;60;2023;1;24T34;CONSOLIDADA;30.0;20.0
1653;57716903;01;2054919;DIM0516;MÉTODOS FORMAIS DE ENGENHARIA DE SOFTWARE;1639701.0;60;2023;1;24T56;CONSOLIDADA;40.0;22.0
1654;57716905;01;2054921;DIM0517;GERÊNCIA DE CONFIGURAÇÃO E MUDANÇAS;1802737.0;60;2023;1;46T12;CONSOLIDADA;40.0;59.0
1655;57716910;01;2054922;DIM0518;PLANEJAMENTO E GERENCIAMENTO DE PROJETOS;3293042.0;60;2023;1;35T12;CONSOLIDADA;50.0;56.0
1656;57716911;01;2054931;DIM0532;TÓPICOS ESPECIAIS EM ENGENHARIA DE SOFTWARE II;1363515.0;60;2023;1;35M34;EXCLUÍDA;40.0;0.0
1657;57716912;01;2054952;DIM0536;TÓPICOS ESPECIAIS EM ENGENHARIA DE SOFTWARE VI;1363515.0;60;2023;1;46M56;CONSOLIDADA;40.0;64.0
1658;57716913;01;2054954;DIM0538;TÓPICOS ESPECIAIS EM ENGENHARIA DE SOFTWARE VIII;1678918.0;60;2023;1;6M3456;CONSOLIDADA;25.0;25.0
1659;57716914;01;2054956;DIM0540;TÓPICOS ESPECIAIS EM ENGENHARIA DE SOFTWARE X;2316877.0;30;2023;1;2M56;CONSOLIDADA;40.0;87.0
1660;57716915;01;52867;DIM0546;DESENVOLVIMENTO DE SISTEMAS WEB I;1149392.0;60;2023;1;24T12 (06/03/2023 - 15/07/2023);CONSOLIDADA;40.0;120.0
1661;57716916;01;52813;DIM0548;ENGENHARIA DE LINGUAGENS;1495704.0;60;2023;1;35T34 (06/03/2023 - 15/07/2023);CONSOLIDADA;40.0;44.0
1662;57716917;01;55372;DIM0616;SISTEMAS EMBARCADOS;1882699.0;60;2023;1;35M34 (06/03/2023 - 15/07/2023);CONSOLIDADA;25.0;17.0
1663;57716918;01;55371;DIM0614;PROGRAMAÇÃO DISTRIBUÍDA;1213777.0;60;2023;1;24M56 (06/03/2023 - 15/07/2023);CONSOLIDADA;40.0;45.0
1664;57716941;01;2054920;DIM0590;PROPOSTA DE TRABALHO DE CONCLUSÃO DE CURSO;2316877.0;30;2023;1;4M56;CONSOLIDADA;20.0;7.0
1665;57716974;01;52866;DIM0549;GRAFOS;1201268.0;30;2023;1;35M34 (06/03/2023 - 15/07/2023);CONSOLIDADA;30.0;21.0
1666;57716974;01;52866;DIM0549;GRAFOS;2859606.0;30;2023;1;35M34 (06/03/2023 - 15/07/2023);CONSOLIDADA;30.0;21.0
1667;57716976;02;52866;DIM0549;GRAFOS;1201268.0;30;2023;1;35M56 (06/03/2023 - 15/07/2023);CONSOLIDADA;40.0;33.0
1668;57716976;02;52866;DIM0549;GRAFOS;2859606.0;30;2023;1;35M56 (06/03/2023 - 15/07/2023);CONSOLIDADA;40.0;33.0
1669;57716978;01;2040950;DIM0451;COMPUTAÇÃO GRÁFICA I;2497950.0;60;2023;1;35M12;CONSOLIDADA;25.0;3.0
1670;57716983;01;40134;DIM0443;INTERACAO HUMANO-COMPUTADOR;1356585.0;60;2023;1;35M56;CONSOLIDADA;25.0;14.0
1671;57716986;01;21783;DIM0437;LINGUAGENS DE PROGRAMACAO: CONCEITOS E PARADIGMAS;1495704.0;60;2023;1;35M56;CONSOLIDADA;30.0;6.0
1672;57716990;01;21764;DIM0410;TREINAMENTO PARA COMPETICOES DE PROGRAMACAO;2929823.0;60;2023;1;24T12;CONSOLIDADA;30.0;38.0
1673;57716996;01;23558;DIM0404;CALCULO NUMERICO PARA CIENCIA DA COMPUTACAO;2929823.0;60;2023;1;35M34;CONSOLIDADA;30.0;8.0
1674;57717008;01;25247;DIM0320;ALGORITMO E PROGRAMACAO DE COMPUTADORES;3263275.0;60;2023;1;35M56;CONSOLIDADA;55.0;17.0
1675;57717009;02;25247;DIM0320;ALGORITMO E PROGRAMACAO DE COMPUTADORES;2177445.0;60;2023;1;35M56;CONSOLIDADA;40.0;5.0
1676;57717019;03;25247;DIM0320;ALGORITMO E PROGRAMACAO DE COMPUTADORES;3282102.0;60;2023;1;35T34;CONSOLIDADA;50.0;16.0
1677;57717032;04;25247;DIM0320;ALGORITMO E PROGRAMACAO DE COMPUTADORES;3263275.0;60;2023;1;35M34;CONSOLIDADA;50.0;6.0
1678;57717033;05;25247;DIM0320;ALGORITMO E PROGRAMACAO DE COMPUTADORES;3282102.0;60;2023;1;35T12;CONSOLIDADA;55.0;15.0
1679;57717046;01;64787;DIM0120;LINGUAGEM DE PROGRAMAÇÃO I;1151874.0;60;2023;1;35M56 (06/03/2023 - 15/07/2023);CONSOLIDADA;42.0;49.0
1680;57717050;01;2040704;DIM0494;TÓPICOS ESPECIAIS EM COMPUTAÇÃO XV;3288217.0;60;2023;1;24T12;CONSOLIDADA;30.0;8.0
1681;57717530;06;25247;DIM0320;ALGORITMO E PROGRAMACAO DE COMPUTADORES;3282102.0;60;2023;1;35T56;CONSOLIDADA;54.0;23.0
1682;57717536;02;64788;DIM0121;FUNDAMENTOS MATEMÁTICOS DA COMPUTAÇÃO II;3315136.0;30;2023;1;246M56 (06/03/2023 - 15/07/2023);CONSOLIDADA;60.0;24.0
1683;57717536;02;64788;DIM0121;FUNDAMENTOS MATEMÁTICOS DA COMPUTAÇÃO II;1345816.0;60;2023;1;246M56 (06/03/2023 - 15/07/2023);CONSOLIDADA;60.0;24.0
1684;57717540;01;69638;DIM0134;COMPLEXIDADE COMPUTACIONAL E PROBLEMAS INTRATÁVEIS;1988053.0;60;2023;1;24T34 (06/03/2023 - 15/07/2023);CONSOLIDADA;30.0;1.0
1685;57718040;01;64732;DIM0117;ESTRUTURAS DE DADOS BÁSICAS II;1151874.0;60;2023;1;35M34 (06/03/2023 - 15/07/2023);CONSOLIDADA;40.0;52.0
1686;57718051;01;66368;DIM0123;PENSAMENTO COMPUTACIONAL;1671962.0;60;2023;1;24T12 (06/03/2023 - 15/07/2023);CONSOLIDADA;40.0;3.0
1687;57718053;02;66368;DIM0123;PENSAMENTO COMPUTACIONAL;1671962.0;60;2023;1;24T34 (06/03/2023 - 15/07/2023);CONSOLIDADA;40.0;0.0
1688;57718236;01;76371;DIM0151;INTRODUÇÃO ÀS TÉCNICAS DE PROGRAMAÇÃO;1363515.0;90;2023;1;246M34 (06/03/2023 - 15/07/2023);CONSOLIDADA;30.0;17.0
1689;57718237;01;76370;DIM0152;MATEMÁTICA PARA A COMPUTAÇÃO I;3331260.0;60;2023;1;35M34 (06/03/2023 - 15/07/2023);CONSOLIDADA;30.0;3.0
1690;57718238;01;76372;DIM0154;MÉTODOS DE ESTUDO NO ENSINO SUPERIOR;2497950.0;15;2023;1;6M56 (06/03/2023 - 15/07/2023);CONSOLIDADA;30.0;6.0
1691;57718238;01;76372;DIM0154;MÉTODOS DE ESTUDO NO ENSINO SUPERIOR;6350797.0;15;2023;1;6M56 (06/03/2023 - 15/07/2023);CONSOLIDADA;30.0;6.0
1692;57718239;01;55370;DIM0613;INTELIGENCIA ARTIFICIAL;3263275.0;60;2023;1;35T12 (06/03/2023 - 15/07/2023);CONSOLIDADA;30.0;2.0
1693;57718268;02;64787;DIM0120;LINGUAGEM DE PROGRAMAÇÃO I;1151874.0;60;2023;1;35M12 (06/03/2023 - 15/07/2023);CONSOLIDADA;43.0;58.0
1694;57718320;02;69636;DIM0129;ORGANIZAÇÃO DE COMPUTADORES;1694485.0;60;2023;1;24M56 (06/03/2023 - 15/07/2023);CONSOLIDADA;20.0;7.0
1695;57718321;02;52975;DIM0610;LÓGICA COMPUTACIONAL;2212166.0;60;2023;1;35M34 (06/03/2023 - 15/07/2023);CONSOLIDADA;30.0;4.0
1696;57718322;02;64729;DIM0115;FUNDAMENTOS MATEMÁTICOS DA COMPUTAÇÃO I;3331260.0;90;2023;1;246M56 (06/03/2023 - 15/07/2023);CONSOLIDADA;60.0;57.0
1697;57718323;02;52972;DIM0601;FUNDAMENTOS MATEMÁTICOS DA COMPUTAÇÃO III;1221251.0;30;2023;1;246M34 (06/03/2023 - 15/07/2023);CONSOLIDADA;30.0;20.0
1698;57718323;02;52972;DIM0601;FUNDAMENTOS MATEMÁTICOS DA COMPUTAÇÃO III;1517271.0;60;2023;1;246M34 (06/03/2023 - 15/07/2023);CONSOLIDADA;30.0;20.0
1699;57718803;07;25247;DIM0320;ALGORITMO E PROGRAMACAO DE COMPUTADORES;3282102.0;30;2023;1;35M34;CONSOLIDADA;40.0;10.0
1700;57718803;07;25247;DIM0320;ALGORITMO E PROGRAMACAO DE COMPUTADORES;1221251.0;30;2023;1;35M34;CONSOLIDADA;40.0;10.0
1701;57718805;01;55019;IMD0017;PRÁTICAS DE LEITURA E ESCRITA EM PORTUGUÊS I;2981295.0;30;2023;1;4M34 (06/03/2023 - 15/07/2023);CONSOLIDADA;63.0;8.0
1702;57718806;02;55019;IMD0017;PRÁTICAS DE LEITURA E ESCRITA EM PORTUGUÊS I;4315648.0;30;2023;1;4M56 (06/03/2023 - 15/07/2023);CONSOLIDADA;63.0;10.0
1703;57718807;03;55019;IMD0017;PRÁTICAS DE LEITURA E ESCRITA EM PORTUGUÊS I;4315648.0;30;2023;1;3T12 (06/03/2023 - 15/07/2023);CONSOLIDADA;63.0;7.0
1704;57718808;04;55019;IMD0017;PRÁTICAS DE LEITURA E ESCRITA EM PORTUGUÊS I;2916579.0;30;2023;1;3T34 (06/03/2023 - 15/07/2023);CONSOLIDADA;63.0;4.0
1705;57718809;05;55019;IMD0017;PRÁTICAS DE LEITURA E ESCRITA EM PORTUGUÊS I;2981295.0;30;2023;1;2N12 (06/03/2023 - 15/07/2023);CONSOLIDADA;70.0;10.0
1706;57718810;06;55019;IMD0017;PRÁTICAS DE LEITURA E ESCRITA EM PORTUGUÊS I;2981295.0;30;2023;1;2N34 (06/03/2023 - 15/07/2023);CONSOLIDADA;71.0;11.0
1707;57718811;01;55020;IMD0018;PRÁTICAS DE LEITURA EM INGLÊS;3267141.0;30;2023;1;3M56 (06/03/2023 - 15/07/2023);CONSOLIDADA;63.0;6.0
1708;57718812;02;55020;IMD0018;PRÁTICAS DE LEITURA EM INGLÊS;3267141.0;30;2023;1;3M34 (06/03/2023 - 15/07/2023);CONSOLIDADA;63.0;9.0
1709;57718813;03;55020;IMD0018;PRÁTICAS DE LEITURA EM INGLÊS;3267141.0;30;2023;1;3T34 (06/03/2023 - 15/07/2023);CONSOLIDADA;63.0;4.0
1710;57718814;04;55020;IMD0018;PRÁTICAS DE LEITURA EM INGLÊS;3267141.0;30;2023;1;3T56 (06/03/2023 - 15/07/2023);CONSOLIDADA;65.0;19.0
1711;57718815;01;66441;IMD1001;MATEMÁTICA ELEMENTAR;4857233.0;60;2023;1;35M34 (06/03/2023 - 15/07/2023);CONSOLIDADA;67.0;28.0
1712;57718816;02;66441;IMD1001;MATEMÁTICA ELEMENTAR;4857233.0;60;2023;1;35M56 (06/03/2023 - 15/07/2023);CONSOLIDADA;64.0;29.0
1713;57718817;03;66441;IMD1001;MATEMÁTICA ELEMENTAR;4857233.0;30;2023;1;24T34 (06/03/2023 - 15/07/2023);CONSOLIDADA;65.0;36.0
1714;57718817;03;66441;IMD1001;MATEMÁTICA ELEMENTAR;2989758.0;30;2023;1;24T34 (06/03/2023 - 15/07/2023);CONSOLIDADA;65.0;36.0
1715;57718818;04;66441;IMD1001;MATEMÁTICA ELEMENTAR;3338879.0;60;2023;1;24T56 (06/03/2023 - 15/07/2023);CONSOLIDADA;69.0;93.0
1716;57718819;05;66441;IMD1001;MATEMÁTICA ELEMENTAR;3338879.0;60;2023;1;24N12 (06/03/2023 - 15/07/2023);CONSOLIDADA;73.0;91.0
1717;57718820;06;66441;IMD1001;MATEMÁTICA ELEMENTAR;3338879.0;60;2023;1;24N34 (06/03/2023 - 15/07/2023);CONSOLIDADA;71.0;33.0
1718;57718821;01;66436;IMD1002;ANÁLISE COMBINATÓRIA;1362181.0;15;2023;1;5M12 (06/03/2023 - 15/07/2023);CONSOLIDADA;63.0;13.0
1719;57718821;01;66436;IMD1002;ANÁLISE COMBINATÓRIA;1276603.0;15;2023;1;5M12 (06/03/2023 - 15/07/2023);CONSOLIDADA;63.0;13.0
1720;57718822;02;66436;IMD1002;ANÁLISE COMBINATÓRIA;1362181.0;15;2023;1;5M34 (06/03/2023 - 15/07/2023);CONSOLIDADA;63.0;13.0
1721;57718822;02;66436;IMD1002;ANÁLISE COMBINATÓRIA;1276603.0;15;2023;1;5M34 (06/03/2023 - 15/07/2023);CONSOLIDADA;63.0;13.0
1722;57718823;03;66436;IMD1002;ANÁLISE COMBINATÓRIA;2989758.0;30;2023;1;3T12 (06/03/2023 - 15/07/2023);CONSOLIDADA;63.0;13.0
1723;57718824;04;66436;IMD1002;ANÁLISE COMBINATÓRIA;2042579.0;30;2023;1;5T12 (06/03/2023 - 15/07/2023);CONSOLIDADA;63.0;14.0
1724;57718825;05;66436;IMD1002;ANÁLISE COMBINATÓRIA;1276603.0;15;2023;1;3N34 (06/03/2023 - 15/07/2023);CONSOLIDADA;70.0;36.0
1725;57718825;05;66436;IMD1002;ANÁLISE COMBINATÓRIA;1362181.0;15;2023;1;3N34 (06/03/2023 - 15/07/2023);CONSOLIDADA;70.0;36.0
1726;57718826;06;66436;IMD1002;ANÁLISE COMBINATÓRIA;1276603.0;15;2023;1;6N34 (06/03/2023 - 15/07/2023);CONSOLIDADA;70.0;14.0
1727;57718826;06;66436;IMD1002;ANÁLISE COMBINATÓRIA;1362181.0;15;2023;1;6N34 (06/03/2023 - 15/07/2023);CONSOLIDADA;70.0;14.0
1728;57718827;01;66440;IMD1004;PENSAMENTO COMPUTACIONAL;2859562.0;60;2023;1;24M56 (06/03/2023 - 15/07/2023);CONSOLIDADA;53.0;17.0
1729;57718828;02;66440;IMD1004;PENSAMENTO COMPUTACIONAL;1885001.0;60;2023;1;24M34 (06/03/2023 - 15/07/2023);CONSOLIDADA;54.0;15.0
1730;57718829;03;66440;IMD1004;PENSAMENTO COMPUTACIONAL;2978747.0;60;2023;1;24T12 (06/03/2023 - 15/07/2023);CONSOLIDADA;53.0;15.0
1731;57718830;04;66440;IMD1004;PENSAMENTO COMPUTACIONAL;2245086.0;60;2023;1;35N12 (06/03/2023 - 15/07/2023);CONSOLIDADA;53.0;36.0
1732;57718831;05;66440;IMD1004;PENSAMENTO COMPUTACIONAL;1669545.0;60;2023;1;35N12 (06/03/2023 - 15/07/2023);CONSOLIDADA;60.0;28.0
1733;57718832;06;66440;IMD1004;PENSAMENTO COMPUTACIONAL;1669545.0;60;2023;1;35N34 (06/03/2023 - 15/07/2023);CONSOLIDADA;54.0;13.0
1734;57718833;01;55082;IMD0020;TECNOLOGIA DA INFORMAÇÃO E SOCIEDADE;2164809.0;30;2023;1;6T34 (06/03/2023 - 15/07/2023);CONSOLIDADA;63.0;9.0
1735;57718834;02;55082;IMD0020;TECNOLOGIA DA INFORMAÇÃO E SOCIEDADE;2164809.0;30;2023;1;6M34 (06/03/2023 - 15/07/2023);CONSOLIDADA;63.0;14.0
1736;57718835;03;55082;IMD0020;TECNOLOGIA DA INFORMAÇÃO E SOCIEDADE;2164809.0;30;2023;1;6T12 (06/03/2023 - 15/07/2023);CONSOLIDADA;63.0;11.0
1737;57718836;04;55082;IMD0020;TECNOLOGIA DA INFORMAÇÃO E SOCIEDADE;2164809.0;30;2023;1;6M12 (06/03/2023 - 15/07/2023);CONSOLIDADA;63.0;7.0
1738;57718837;05;55082;IMD0020;TECNOLOGIA DA INFORMAÇÃO E SOCIEDADE;2164809.0;30;2023;1;6N12 (06/03/2023 - 15/07/2023);CONSOLIDADA;70.0;18.0
1739;57718838;06;55082;IMD0020;TECNOLOGIA DA INFORMAÇÃO E SOCIEDADE;2164809.0;30;2023;1;6N34 (06/03/2023 - 15/07/2023);CONSOLIDADA;70.0;4.0
1740;57718887;01;52662;IMD0024;CÁLCULO DIFERENCIAL E INTEGRAL I;2042579.0;90;2023;1;246T56 (06/03/2023 - 15/07/2023);EXCLUÍDA;63.0;74.0
1741;57718888;02;52662;IMD0024;CÁLCULO DIFERENCIAL E INTEGRAL I;1276603.0;90;2023;1;246N12 (06/03/2023 - 15/07/2023);CONSOLIDADA;64.0;76.0
1742;57718889;01;55022;IMD0028;FUNDAMENTOS MATEMÁTICOS DA COMPUTAÇÃO I;1495851.0;90;2023;1;246T34 (06/03/2023 - 15/07/2023);CONSOLIDADA;63.0;88.0
1743;57718890;02;55022;IMD0028;FUNDAMENTOS MATEMÁTICOS DA COMPUTAÇÃO I;1495851.0;90;2023;1;246N12 (06/03/2023 - 15/07/2023);CONSOLIDADA;64.0;139.0
1744;57718891;01;52665;IMD0034;VETORES E GEOMETRIA ANALÍTICA;2042579.0;60;2023;1;24T12 (06/03/2023 - 15/07/2023);CONSOLIDADA;63.0;54.0
1745;57718892;01;55023;IMD0029;ESTRUTURA DE DADOS BÁSICAS I;2859562.0;60;2023;1;35M34 (06/03/2023 - 15/07/2023);CONSOLIDADA;40.0;40.0
1746;57718893;02;55023;IMD0029;ESTRUTURA DE DADOS BÁSICAS I;2276280.0;60;2023;1;35T12 (06/03/2023 - 15/07/2023);CONSOLIDADA;42.0;75.0
1747;57718894;03;55023;IMD0029;ESTRUTURA DE DADOS BÁSICAS I;2274774.0;60;2023;1;35N12 (06/03/2023 - 15/07/2023);CONSOLIDADA;30.0;63.0
1748;57718895;04;55023;IMD0029;ESTRUTURA DE DADOS BÁSICAS I;3331970.0;60;2023;1;35N12 (06/03/2023 - 15/07/2023);CONSOLIDADA;40.0;55.0
1749;57718896;01;55024;IMD0030;LINGUAGEM DE PROGRAMAÇÃO I;3331970.0;60;2023;1;35T56 (06/03/2023 - 15/07/2023);CONSOLIDADA;41.0;123.0
1750;57718897;02;55024;IMD0030;LINGUAGEM DE PROGRAMAÇÃO I;3884005.0;60;2023;1;35N34 (06/03/2023 - 15/07/2023);CONSOLIDADA;45.0;120.0
1751;57718898;03;55024;IMD0030;LINGUAGEM DE PROGRAMAÇÃO I;3331970.0;60;2023;1;35N34 (06/03/2023 - 15/07/2023);CONSOLIDADA;43.0;73.0
1752;57718899;01;52664;IMD0033;PROBABILIDADE;3063244.0;60;2023;1;35M34 (06/03/2023 - 15/07/2023);CONSOLIDADA;63.0;29.0
1753;57718900;02;52664;IMD0033;PROBABILIDADE;2989758.0;60;2023;1;35T34 (06/03/2023 - 15/07/2023);CONSOLIDADA;63.0;30.0
1754;57718901;03;52664;IMD0033;PROBABILIDADE;1362181.0;60;2023;1;24N12 (06/03/2023 - 15/07/2023);CONSOLIDADA;63.0;34.0
1755;57718902;01;55025;IMD0038;FUNDAMENTOS MATEMÁTICOS DA COMPUTAÇÃO II;2278403.0;90;2023;1;246N12 (06/03/2023 - 15/07/2023);CONSOLIDADA;40.0;31.0
1756;57718903;02;55025;IMD0038;FUNDAMENTOS MATEMÁTICOS DA COMPUTAÇÃO II;3884005.0;90;2023;1;246N34 (06/03/2023 - 15/07/2023);CONSOLIDADA;65.0;107.0
1757;57718904;01;66437;IMD0121;ARQUITETURA DE COMPUTADORES;2140727.0;60;2023;1;24M34 (06/03/2023 - 15/07/2023);CONSOLIDADA;54.0;65.0
1758;57718905;02;66437;IMD0121;ARQUITETURA DE COMPUTADORES;3139050.0;60;2023;1;24T34 (06/03/2023 - 15/07/2023);CONSOLIDADA;45.0;54.0
1759;57718906;03;66437;IMD0121;ARQUITETURA DE COMPUTADORES;1882699.0;60;2023;1;24T34 (06/03/2023 - 15/07/2023);CONSOLIDADA;43.0;63.0
1760;57718907;04;66437;IMD0121;ARQUITETURA DE COMPUTADORES;2140727.0;60;2023;1;24N12 (06/03/2023 - 15/07/2023);CONSOLIDADA;49.0;49.0
1761;57718908;05;66437;IMD0121;ARQUITETURA DE COMPUTADORES;3139050.0;60;2023;1;24N12 (06/03/2023 - 15/07/2023);CONSOLIDADA;45.0;45.0
1762;57718909;01;55026;IMD0039;ESTRUTURAS DE DADOS BÁSICAS II;2170415.0;60;2023;1;35N12 (06/03/2023 - 15/07/2023);EXCLUÍDA;30.0;42.0
1763;57718910;01;55027;IMD0040;LINGUAGEM DE PROGRAMAÇÃO II;4351681.0;60;2023;1;35M56 (06/03/2023 - 15/07/2023);EXCLUÍDA;30.0;49.0
1764;57718912;01;55028;IMD0043;REDES DE COMPUTADORES;3139050.0;60;2023;1;24M56 (06/03/2023 - 15/07/2023);CONSOLIDADA;47.0;61.0
1765;57718913;02;55028;IMD0043;REDES DE COMPUTADORES;1054235.0;60;2023;1;35T34 (06/03/2023 - 15/07/2023);CONSOLIDADA;91.0;66.0
1766;57718914;03;55028;IMD0043;REDES DE COMPUTADORES;2467763.0;60;2023;1;24N34 (06/03/2023 - 15/07/2023);CONSOLIDADA;73.0;61.0
1767;57718915;01;52790;IMD0401;BANCO DE DADOS;4351681.0;60;2023;1;24T12 (06/03/2023 - 15/07/2023);CONSOLIDADA;40.0;36.0
1768;57718916;01;52698;IMD0511;INTELIGÊNCIA ARTIFICIAL APLICADA À EDUCAÇÃO;1362181.0;60;2023;1;24N34 (06/03/2023 - 15/07/2023);CONSOLIDADA;34.0;90.0
1769;57718917;01;52691;IMD0503;LEVANTAMENTO E MODELAGEM DE REQUISITOS;2245086.0;60;2023;1;24N12 (06/03/2023 - 15/07/2023);CONSOLIDADA;47.0;139.0
1770;57718918;01;52690;IMD0502;PROCESSO DE DESENVOLVIMENTO DE SOFTWARE EDUCACIONAL;2245086.0;60;2023;1;24N34 (06/03/2023 - 15/07/2023);CONSOLIDADA;42.0;66.0
1771;57718919;01;72712;IMD1113;PROBABILIDADE E INFERÊNCIA;1362181.0;60;2023;1;24T56 (06/03/2023 - 15/07/2023);CONSOLIDADA;40.0;20.0
1772;57718920;01;72710;IMD1155;ANÁLISE DE REDES;3884005.0;60;2023;1;24N12 (06/03/2023 - 15/07/2023);CONSOLIDADA;32.0;135.0
1773;57718921;01;72709;IMD1153;ANÁLISE VISUAL DE DADOS;1976579.0;60;2023;1;24M56 (06/03/2023 - 15/07/2023);CONSOLIDADA;35.0;104.0
1774;57718922;01;72711;IMD1112;ÉTICA E DADOS;1350250.0;60;2023;1;35T34 (06/03/2023 - 15/07/2023);CONSOLIDADA;33.0;216.0
1775;57718923;01;69612;IMD1101;APRENDIZADO DE MÁQUINA;1669545.0;60;2023;1;24T12 (06/03/2023 - 15/07/2023);CONSOLIDADA;34.0;72.0
1776;57718924;01;69614;IMD1103;APRENDIZADO POR REFORÇO;2978747.0;60;2023;1;24M56 (06/03/2023 - 15/07/2023);CONSOLIDADA;30.0;10.0
1777;57718925;01;69585;IMD0907;TECNOLOGIAS DE COMUNICAÇÃO PARA INTERNET DAS COISAS;1874895.0;60;2023;1;24T12 (06/03/2023 - 15/07/2023);CONSOLIDADA;31.0;65.0
1778;57718926;01;69592;IMD0290;TÓPICOS ESPECIAIS EM INTERNET DAS COISAS A;2467763.0;60;2023;1;24N12 (06/03/2023 - 15/07/2023);CONSOLIDADA;31.0;80.0
1779;57718927;01;69587;IMD0902;INTRODUÇÃO A INTERNET DAS COISAS;1241170.0;4;2023;1;35T12 (06/03/2023 - 15/07/2023);CONSOLIDADA;25.0;167.0
1780;57718927;01;69587;IMD0902;INTRODUÇÃO A INTERNET DAS COISAS;3325263.0;56;2023;1;35T12 (06/03/2023 - 15/07/2023);CONSOLIDADA;25.0;167.0
1781;57718928;01;69586;IMD0904;PLATAFORMAS DE HARDWARE PARA INTERNET DAS COISAS;3325263.0;60;2023;1;35T56 (06/03/2023 - 15/07/2023);CONSOLIDADA;41.0;75.0
1782;57718929;01;72719;IMD1303;ESTUDOS DE MERCADO;2885481.0;60;2023;1;24T56 (06/03/2023 - 15/07/2023);CONSOLIDADA;64.0;69.0
1783;57718930;01;72724;IMD1305;GESTÃO E INOVAÇÃO E ATRAÇÃO DE CAPITAL;3255024.0;30;2023;1;3N34 (06/03/2023 - 15/07/2023);CONSOLIDADA;63.0;45.0
1784;57718931;01;72723;IMD1307;LANÇAMENTO DE STARTUPS I;3255024.0;60;2023;1;35M56 (06/03/2023 - 15/07/2023);CONSOLIDADA;40.0;25.0
1785;57718933;01;72726;IMD1309;TRANSFORMAÇÃO DIGITAL;3255024.0;60;2023;1;24T34 (06/03/2023 - 15/07/2023);CONSOLIDADA;63.0;45.0
1786;57718934;01;76137;IMD1316;INOVAÇÃO EM SAÚDE;1885001.0;60;2023;1;35T56 (06/03/2023 - 15/07/2023);CONSOLIDADA;31.0;52.0
1787;57718935;01;52685;IMD0405;FUNDAMENTOS DE SISTEMAS DE INFORMAÇÃO;2885481.0;60;2023;1;24N34 (06/03/2023 - 15/07/2023);CONSOLIDADA;63.0;106.0
1788;57718936;01;61095;IMD0240;TÓPICOS ESPECIAIS EM SISTEMAS DE INFORMAÇÃO DE GESTÃO A;2510306.0;60;2023;1;35M34 (06/03/2023 - 15/07/2023);CONSOLIDADA;40.0;37.0
1789;57718937;01;52796;IMD0414;SISTEMA DE INFORMAÇÃO DISTRIBUÍDO;2510306.0;60;2023;1;24T56 (06/03/2023 - 15/07/2023);EXCLUÍDA;40.0;0.0
1790;57718938;01;69603;IMD0812;JOGOS EM REDE MULTIUSUÁRIOS;1969071.0;60;2023;1;35M56 (06/03/2023 - 15/07/2023);CONSOLIDADA;40.0;46.0
1791;57718939;01;66481;IMD0811;MOTORES DE JOGOS DIGITAIS;2140866.0;60;2023;1;35T56 (06/03/2023 - 15/07/2023);CONSOLIDADA;42.0;81.0
1792;57718940;01;69602;IMD0802;DESIGN DE NÍVEIS DE JOGOS;1013173.0;60;2023;1;24N34 (06/03/2023 - 15/07/2023);CONSOLIDADA;40.0;36.0
1793;57718941;01;69610;IMD0284;TÓPICOS ESPECIAIS EM PRODUÇÃO DE JOGOS DIGITAIS E;2978747.0;15;2023;1;6M56 (06/03/2023 - 15/07/2023);CONSOLIDADA;65.0;90.0
1794;57718941;01;69610;IMD0284;TÓPICOS ESPECIAIS EM PRODUÇÃO DE JOGOS DIGITAIS E;2140866.0;15;2023;1;6M56 (06/03/2023 - 15/07/2023);CONSOLIDADA;65.0;90.0
1795;57718942;01;55059;IMD0521;FUNDAMENTOS DE JOGOS DIGITAIS;2978747.0;60;2023;1;24T56 (06/03/2023 - 15/07/2023);CONSOLIDADA;43.0;205.0
1796;57718944;01;52694;IMD0506;SISTEMAS COLABORATIVOS DE APOIO À APRENDIZAGEM;2451906.0;60;2023;1;35T56 (06/03/2023 - 15/07/2023);CONSOLIDADA;42.0;83.0
1797;57718945;01;55057;IMD0519;APRENDIZAGEM BASEADA EM PROJETOS;2451906.0;60;2023;1;35N12 (06/03/2023 - 15/07/2023);EXCLUÍDA;40.0;28.0
1798;57719067;01;70970;IMD0112;PRÁTICAS DE LEITURA E ESCRITA EM PORTUGUÊS III;2916579.0;60;2023;1;35N12 (06/03/2023 - 15/07/2023);CONSOLIDADA;63.0;68.0
1799;57719068;01;68482;IMD0531;PRÁTICAS EDUCACIONAIS INOVADORAS COM TECNOLOGIAS DIGITAIS;2451906.0;60;2023;1;35N12 (06/03/2023 - 15/07/2023);CONSOLIDADA;68.0;170.0
1800;57719069;01;66482;IMD0605;SEMINÁRIOS EM BIOINFORMÁTICA;3083298.0;15;2023;1;4M56 (06/03/2023 - 15/07/2023);CONSOLIDADA;60.0;43.0
1801;57719069;01;66482;IMD0605;SEMINÁRIOS EM BIOINFORMÁTICA;3063244.0;15;2023;1;4M56 (06/03/2023 - 15/07/2023);CONSOLIDADA;60.0;43.0
1802;57719070;01;63936;IMD0601;BIOESTATÍSTICA;3063244.0;30;2023;1;35M56 (06/03/2023 - 15/07/2023);CONSOLIDADA;30.0;18.0
1803;57719070;01;63936;IMD0601;BIOESTATÍSTICA;1365498.0;30;2023;1;35M56 (06/03/2023 - 15/07/2023);CONSOLIDADA;30.0;18.0
1804;57719083;01;72707;IMD1151;CIÊNCIAS DE DADOS;3063244.0;60;2023;1;46M34 (06/03/2023 - 15/07/2023);CONSOLIDADA;40.0;38.0
1805;57719248;01;66444;IMD1012;INTRODUÇÃO ÀS TÉCNICAS DE PROGRAMAÇÃO;2060541.0;90;2023;1;246M34 (06/03/2023 - 15/07/2023);CONSOLIDADA;67.0;120.0
1806;57719249;02;66444;IMD1012;INTRODUÇÃO ÀS TÉCNICAS DE PROGRAMAÇÃO;3336820.0;60;2023;1;246N34 (06/03/2023 - 15/07/2023);CONSOLIDADA;66.0;127.0
1807;57719249;02;66444;IMD1012;INTRODUÇÃO ÀS TÉCNICAS DE PROGRAMAÇÃO;1363515.0;30;2023;1;246N34 (06/03/2023 - 15/07/2023);CONSOLIDADA;66.0;127.0
1808;57719275;01;64731;DIM0116;LINGUAGEM DE PROGRAMAÇÃO II;4351681.0;60;2023;1;35M56 (06/03/2023 - 15/07/2023);CONSOLIDADA;41.0;50.0
1809;57719277;02;64732;DIM0117;ESTRUTURAS DE DADOS BÁSICAS II;2170415.0;60;2023;1;35N12 (06/03/2023 - 15/07/2023);CONSOLIDADA;43.0;89.0
1810;57719279;02;64731;DIM0116;LINGUAGEM DE PROGRAMAÇÃO II;2060541.0;60;2023;1;35N34 (06/03/2023 - 15/07/2023);CONSOLIDADA;40.0;43.0
1811;57719281;01;59733;IMD0103;TÓPICOS ESPECIAIS EM TECNOLOGIA DA INFORMAÇÃO IV;2278403.0;60;2023;1;24T56 (06/03/2023 - 15/07/2023);CONSOLIDADA;40.0;31.0
1812;57719282;01;52697;IMD0510;ACESSIBILIDADE DIGITAL;1976579.0;60;2023;1;24M34 (06/03/2023 - 15/07/2023);CONSOLIDADA;40.0;51.0
1813;57719283;02;52666;IMD0036;SISTEMAS OPERACIONAIS;3325263.0;60;2023;1;7M3456 (06/03/2023 - 15/07/2023);CONSOLIDADA;62.0;234.0
1814;57721089;03;52662;IMD0024;CÁLCULO DIFERENCIAL E INTEGRAL I;2042579.0;90;2023;1;246M34 (06/03/2023 - 15/07/2023);CONSOLIDADA;60.0;27.0
1815;57721119;01;55021;IMD0027;PRÁTICAS DE LEITURA E ESCRITA EM PORTUGUÊS II;2981295.0;30;2023;1;6M34 (06/03/2023 - 15/07/2023);CONSOLIDADA;60.0;7.0
1816;57721120;02;70970;IMD0112;PRÁTICAS DE LEITURA E ESCRITA EM PORTUGUÊS III;4315648.0;60;2023;1;35T56 (06/03/2023 - 15/07/2023);CONSOLIDADA;60.0;6.0
1817;57721121;01;61096;IMD0241;TÓPICOS ESPECIAIS EM SISTEMAS DE INFORMAÇÃO DE GESTÃO B;2510306.0;60;2023;1;24T34 (06/03/2023 - 15/07/2023);CONSOLIDADA;40.0;15.0
1818;57721450;01;72273;IMD1203;INTERDISCIPLINARIDADE E TRANSVERSALIDADE EM TECNOLOGIA DA INFORMAÇÃO;2140866.0;30;2023;1;3N12 (27/03/2023 - 15/07/2023);CONSOLIDADA;10.0;
1819;57721451;01;72274;IMD1204;PESQUISA, INOVAÇÃO E EMPREENDEDORISMO EM TECNOLOGIA DA INFORMAÇÃO;2140866.0;30;2023;1;3N34 (27/03/2023 - 15/07/2023);CONSOLIDADA;10.0;
1820;57721573;03;52666;IMD0036;SISTEMAS OPERACIONAIS;3325263.0;30;2023;1;7M3456 (29/03/2023 - 15/07/2023);CONSOLIDADA;50.0;
1821;57721573;03;52666;IMD0036;SISTEMAS OPERACIONAIS;3336820.0;30;2023;1;7M3456 (29/03/2023 - 15/07/2023);CONSOLIDADA;50.0;
1822;57698081;01;55019;IMD0017;PRÁTICAS DE LEITURA E ESCRITA EM PORTUGUÊS I;2916579.0;30;2022;1;3M34 (28/03/2022 - 30/07/2022);EXCLUÍDA;60.0;0.0
1823;57698170;02;55019;IMD0017;PRÁTICAS DE LEITURA E ESCRITA EM PORTUGUÊS I;4315648.0;30;2022;1;4M34 (28/03/2022 - 30/07/2022);CONSOLIDADA;60.0;15.0
1824;57698172;03;55019;IMD0017;PRÁTICAS DE LEITURA E ESCRITA EM PORTUGUÊS I;2916579.0;30;2022;1;3T12 (28/03/2022 - 30/07/2022);CONSOLIDADA;76.0;11.0
1825;57698173;04;55019;IMD0017;PRÁTICAS DE LEITURA E ESCRITA EM PORTUGUÊS I;2916579.0;30;2022;1;3T34 (28/03/2022 - 30/07/2022);CONSOLIDADA;76.0;3.0
1826;57698174;05;55019;IMD0017;PRÁTICAS DE LEITURA E ESCRITA EM PORTUGUÊS I;2916579.0;30;2022;1;2N12 (28/03/2022 - 30/07/2022);CONSOLIDADA;72.0;9.0
1827;57698175;06;55019;IMD0017;PRÁTICAS DE LEITURA E ESCRITA EM PORTUGUÊS I;2916579.0;30;2022;1;2N34 (28/03/2022 - 30/07/2022);CONSOLIDADA;72.0;6.0
1828;57698176;07;55019;IMD0017;PRÁTICAS DE LEITURA E ESCRITA EM PORTUGUÊS I;2916579.0;30;2022;1;3N12 (28/03/2022 - 30/07/2022);CONSOLIDADA;60.0;7.0
1829;57698179;01;55020;IMD0018;PRÁTICAS DE LEITURA EM INGLÊS;3267141.0;30;2022;1;6M34 (28/03/2022 - 30/07/2022);EXCLUÍDA;60.0;0.0
1830;57698181;02;55020;IMD0018;PRÁTICAS DE LEITURA EM INGLÊS;3267141.0;30;2022;1;6M56 (28/03/2022 - 30/07/2022);EXCLUÍDA;60.0;0.0
1831;57698182;03;55020;IMD0018;PRÁTICAS DE LEITURA EM INGLÊS;3267141.0;30;2022;1;3T34 (28/03/2022 - 30/07/2022);CONSOLIDADA;76.0;9.0
1832;57698183;04;55020;IMD0018;PRÁTICAS DE LEITURA EM INGLÊS;3267141.0;30;2022;1;3T56 (28/03/2022 - 30/07/2022);CONSOLIDADA;76.0;23.0
1833;57698186;01;66441;IMD1001;MATEMÁTICA ELEMENTAR;4857233.0;60;2022;1;35M34 (28/03/2022 - 30/07/2022);EXCLUÍDA;60.0;0.0
1834;57698188;02;66441;IMD1001;MATEMÁTICA ELEMENTAR;4857233.0;60;2022;1;35M56 (28/03/2022 - 30/07/2022);EXCLUÍDA;60.0;0.0
1835;57698190;03;66441;IMD1001;MATEMÁTICA ELEMENTAR;4857233.0;60;2022;1;24T34 (28/03/2022 - 30/07/2022);EXCLUÍDA;60.0;0.0
1836;57698191;04;66441;IMD1001;MATEMÁTICA ELEMENTAR;1218864.0;60;2022;1;24T56 (28/03/2022 - 30/07/2022);EXCLUÍDA;60.0;0.0
1837;57698193;05;66441;IMD1001;MATEMÁTICA ELEMENTAR;1218864.0;60;2022;1;24N12 (28/03/2022 - 30/07/2022);EXCLUÍDA;60.0;0.0
1838;57698195;06;66441;IMD1001;MATEMÁTICA ELEMENTAR;1218864.0;60;2022;1;24N34 (28/03/2022 - 30/07/2022);EXCLUÍDA;60.0;0.0
1839;57698197;01;66436;IMD1002;ANÁLISE COMBINATÓRIA;1276603.0;30;2022;1;5M12 (28/03/2022 - 30/07/2022);CONSOLIDADA;60.0;23.0
1840;57698199;02;66436;IMD1002;ANÁLISE COMBINATÓRIA;3299763.0;10;2022;1;5M34 (28/03/2022 - 30/07/2022);CONSOLIDADA;76.0;11.0
1841;57698199;02;66436;IMD1002;ANÁLISE COMBINATÓRIA;2989758.0;20;2022;1;5M34 (28/03/2022 - 30/07/2022);CONSOLIDADA;76.0;11.0
1842;57698201;03;66436;IMD1002;ANÁLISE COMBINATÓRIA;2989758.0;20;2022;1;5T12 (28/03/2022 - 30/07/2022);CONSOLIDADA;76.0;20.0
1843;57698201;03;66436;IMD1002;ANÁLISE COMBINATÓRIA;3299763.0;10;2022;1;5T12 (28/03/2022 - 30/07/2022);CONSOLIDADA;76.0;20.0
1844;57698204;04;66436;IMD1002;ANÁLISE COMBINATÓRIA;2042579.0;30;2022;1;3T12 (28/03/2022 - 30/07/2022);CONSOLIDADA;76.0;6.0
1845;57698206;05;66436;IMD1002;ANÁLISE COMBINATÓRIA;1276603.0;30;2022;1;3N34 (28/03/2022 - 30/07/2022);CONSOLIDADA;73.0;54.0
1846;57698207;06;66436;IMD1002;ANÁLISE COMBINATÓRIA;1276603.0;30;2022;1;6N12 (28/03/2022 - 30/07/2022);CONSOLIDADA;72.0;35.0
1847;57698213;01;66438;IMD1003;GEOMETRIA EUCLIDIANA;1495851.0;30;2022;1;5M56 (28/03/2022 - 30/07/2022);CONSOLIDADA;60.0;35.0
1848;57698214;02;66438;IMD1003;GEOMETRIA EUCLIDIANA;1495851.0;30;2022;1;2M56 (28/03/2022 - 30/07/2022);CONSOLIDADA;77.0;17.0
1849;57698215;03;66438;IMD1003;GEOMETRIA EUCLIDIANA;1495851.0;30;2022;1;6T34 (28/03/2022 - 30/07/2022);CONSOLIDADA;77.0;20.0
1850;57698216;04;66438;IMD1003;GEOMETRIA EUCLIDIANA;1276603.0;30;2022;1;6T56 (28/03/2022 - 30/07/2022);CONSOLIDADA;76.0;19.0
1851;57698217;05;66438;IMD1003;GEOMETRIA EUCLIDIANA;1276603.0;30;2022;1;5N34 (28/03/2022 - 30/07/2022);CONSOLIDADA;73.0;41.0
1852;57698218;06;66438;IMD1003;GEOMETRIA EUCLIDIANA;1276603.0;30;2022;1;6N34 (28/03/2022 - 30/07/2022);CONSOLIDADA;72.0;27.0
1853;57698220;01;66440;IMD1004;PENSAMENTO COMPUTACIONAL;2978747.0;60;2022;1;24T12 (28/03/2022 - 30/07/2022);EXCLUÍDA;40.0;0.0
1854;57698221;02;66440;IMD1004;PENSAMENTO COMPUTACIONAL;1885001.0;60;2022;1;35N12 (28/03/2022 - 30/07/2022);CONSOLIDADA;73.0;74.0
1855;57698223;01;55082;IMD0020;TECNOLOGIA DA INFORMAÇÃO E SOCIEDADE;2164809.0;30;2022;1;6M34 (28/03/2022 - 30/07/2022);CONSOLIDADA;76.0;11.0
1856;57698226;02;55082;IMD0020;TECNOLOGIA DA INFORMAÇÃO E SOCIEDADE;2164809.0;30;2022;1;6M56 (28/03/2022 - 30/07/2022);CONSOLIDADA;60.0;24.0
1857;57698227;03;55082;IMD0020;TECNOLOGIA DA INFORMAÇÃO E SOCIEDADE;2164809.0;30;2022;1;5T34 (28/03/2022 - 30/07/2022);CONSOLIDADA;76.0;10.0
1858;57698229;04;55082;IMD0020;TECNOLOGIA DA INFORMAÇÃO E SOCIEDADE;2164809.0;30;2022;1;5T56 (28/03/2022 - 30/07/2022);CONSOLIDADA;76.0;10.0
1859;57698230;05;55082;IMD0020;TECNOLOGIA DA INFORMAÇÃO E SOCIEDADE;2245086.0;30;2022;1;4N12 (28/03/2022 - 30/07/2022);CONSOLIDADA;72.0;18.0
1860;57698232;06;55082;IMD0020;TECNOLOGIA DA INFORMAÇÃO E SOCIEDADE;2245086.0;30;2022;1;4N34 (28/03/2022 - 30/07/2022);CONSOLIDADA;72.0;16.0
1861;57698235;01;66444;IMD1012;INTRODUÇÃO ÀS TÉCNICAS DE PROGRAMAÇÃO;2143852.0;90;2022;1;246M34 (28/03/2022 - 30/07/2022);CONSOLIDADA;40.0;113.0
1862;57698236;02;66444;IMD1012;INTRODUÇÃO ÀS TÉCNICAS DE PROGRAMAÇÃO;3204363.0;90;2022;1;246N12 (28/03/2022 - 30/07/2022);CONSOLIDADA;42.0;155.0
1863;57698241;01;52662;IMD0024;CÁLCULO DIFERENCIAL E INTEGRAL I;2042579.0;90;2022;1;246T34 (28/03/2022 - 30/07/2022);CONSOLIDADA;60.0;117.0
1864;57698243;01;52665;IMD0034;VETORES E GEOMETRIA ANALÍTICA;2042579.0;60;2022;1;24T12 (28/03/2022 - 30/07/2022);CONSOLIDADA;60.0;64.0
1865;57698252;01;55023;IMD0029;ESTRUTURA DE DADOS BÁSICAS I;2276280.0;60;2022;1;35T12 (28/03/2022 - 30/07/2022);CONSOLIDADA;31.0;71.0
1866;57698254;01;55024;IMD0030;LINGUAGEM DE PROGRAMAÇÃO I;2244846.0;60;2022;1;35T56 (28/03/2022 - 30/07/2022);CONSOLIDADA;40.0;90.0
1867;57698256;01;52664;IMD0033;PROBABILIDADE;1362181.0;30;2022;1;35T34 (28/03/2022 - 30/07/2022);CONSOLIDADA;60.0;57.0
1868;57698256;01;52664;IMD0033;PROBABILIDADE;3063244.0;30;2022;1;35T34 (28/03/2022 - 30/07/2022);CONSOLIDADA;60.0;57.0
1869;57698264;02;52664;IMD0033;PROBABILIDADE;1362181.0;30;2022;1;35N34 (28/03/2022 - 30/07/2022);CONSOLIDADA;40.0;31.0
1870;57698264;02;52664;IMD0033;PROBABILIDADE;3063244.0;30;2022;1;35N34 (28/03/2022 - 30/07/2022);CONSOLIDADA;40.0;31.0
1871;57698266;01;55025;IMD0038;FUNDAMENTOS MATEMÁTICOS DA COMPUTAÇÃO II;2278403.0;90;2022;1;246N34 (28/03/2022 - 30/07/2022);CONSOLIDADA;60.0;38.0
1872;57698269;01;55027;IMD0040;LINGUAGEM DE PROGRAMAÇÃO II;1775264.0;60;2022;1;35N34 (28/03/2022 - 30/07/2022);CONSOLIDADA;31.0;83.0
1873;57698270;01;55028;IMD0043;REDES DE COMPUTADORES;1874895.0;60;2022;1;24M56 (28/03/2022 - 30/07/2022);CONSOLIDADA;30.0;38.0
1874;57698271;02;55028;IMD0043;REDES DE COMPUTADORES;1054235.0;60;2022;1;24T34 (28/03/2022 - 30/07/2022);CONSOLIDADA;30.0;48.0
1875;57698272;03;55028;IMD0043;REDES DE COMPUTADORES;2467763.0;60;2022;1;24N12 (28/03/2022 - 30/07/2022);EXCLUÍDA;30.0;0.0
1876;57698273;01;52790;IMD0401;BANCO DE DADOS;4351681.0;60;2022;1;35M34 (28/03/2022 - 30/07/2022);CONSOLIDADA;40.0;16.0
1877;57698274;02;52790;IMD0401;BANCO DE DADOS;3066699.0;60;2022;1;24N12 (28/03/2022 - 30/07/2022);CONSOLIDADA;32.0;64.0
1878;57698275;01;70970;IMD0112;PRÁTICAS DE LEITURA E ESCRITA EM PORTUGUÊS III;2916579.0;60;2022;1;24M56 (28/03/2022 - 30/07/2022);EXCLUÍDA;60.0;0.0
1879;57698276;01;61132;IMD0822;PROJETO DE INOVAÇÃO TECNOLÓGICA;1885001.0;60;2022;1;35T56 (28/03/2022 - 30/07/2022);CONSOLIDADA;25.0;46.0
1880;57698386;01;55022;IMD0028;FUNDAMENTOS MATEMÁTICOS DA COMPUTAÇÃO I;1988053.0;60;2022;1;246T12 (28/03/2022 - 30/07/2022);CONSOLIDADA;60.0;143.0
1881;57698386;01;55022;IMD0028;FUNDAMENTOS MATEMÁTICOS DA COMPUTAÇÃO I;1495851.0;30;2022;1;246T12 (28/03/2022 - 30/07/2022);CONSOLIDADA;60.0;143.0
1882;57698387;02;55022;IMD0028;FUNDAMENTOS MATEMÁTICOS DA COMPUTAÇÃO I;2278403.0;90;2022;1;246N12 (28/03/2022 - 30/07/2022);CONSOLIDADA;60.0;72.0
1883;57698388;02;55023;IMD0029;ESTRUTURA DE DADOS BÁSICAS I;2859562.0;60;2022;1;35M34 (28/03/2022 - 30/07/2022);CONSOLIDADA;30.0;16.0
1884;57698389;03;55023;IMD0029;ESTRUTURA DE DADOS BÁSICAS I;3066699.0;60;2022;1;35N12 (28/03/2022 - 30/07/2022);CONSOLIDADA;40.0;48.0
1885;57698390;02;55024;IMD0030;LINGUAGEM DE PROGRAMAÇÃO I;3066699.0;60;2022;1;35N34 (28/03/2022 - 30/07/2022);CONSOLIDADA;40.0;66.0
1886;57698392;03;52664;IMD0033;PROBABILIDADE;1362181.0;30;2022;1;35M56 (28/03/2022 - 30/07/2022);CONSOLIDADA;60.0;19.0
1887;57698392;03;52664;IMD0033;PROBABILIDADE;3063244.0;30;2022;1;35M56 (28/03/2022 - 30/07/2022);CONSOLIDADA;60.0;19.0
1888;57698394;02;55027;IMD0040;LINGUAGEM DE PROGRAMAÇÃO II;4351681.0;60;2022;1;35M56 (28/03/2022 - 30/07/2022);CONSOLIDADA;40.0;40.0
1889;57698396;01;66437;IMD0121;ARQUITETURA DE COMPUTADORES;2140727.0;60;2022;1;24M56 (28/03/2022 - 30/07/2022);CONSOLIDADA;40.0;50.0
1890;57698398;02;66437;IMD0121;ARQUITETURA DE COMPUTADORES;3139050.0;60;2022;1;24M56 (28/03/2022 - 30/07/2022);CONSOLIDADA;40.0;18.0
1891;57698400;03;66437;IMD0121;ARQUITETURA DE COMPUTADORES;1882699.0;60;2022;1;24T34 (28/03/2022 - 30/07/2022);CONSOLIDADA;40.0;36.0
1892;57698401;04;66437;IMD0121;ARQUITETURA DE COMPUTADORES;2140727.0;60;2022;1;24N12 (28/03/2022 - 30/07/2022);CONSOLIDADA;40.0;53.0
1893;57698402;05;66437;IMD0121;ARQUITETURA DE COMPUTADORES;3139050.0;60;2022;1;24N12 (28/03/2022 - 30/07/2022);CONSOLIDADA;40.0;25.0
1894;57698537;01;55026;IMD0039;ESTRUTURAS DE DADOS BÁSICAS II;2170415.0;60;2022;1;35N12 (28/03/2022 - 30/07/2022);CONSOLIDADA;30.0;74.0
1895;57698538;04;55023;IMD0029;ESTRUTURA DE DADOS BÁSICAS I;3083298.0;60;2022;1;35N12 (28/03/2022 - 30/07/2022);CONSOLIDADA;30.0;45.0
1896;57698539;03;55024;IMD0030;LINGUAGEM DE PROGRAMAÇÃO I;3204363.0;60;2022;1;35N34 (28/03/2022 - 30/07/2022);CONSOLIDADA;31.0;55.0
1897;57698807;01;64730;DIM0114;BANCO DE DADOS;2195240.0;60;2022;1;24T34 (28/03/2022 - 30/07/2022);CONSOLIDADA;30.0;8.0
1898;57698809;01;64786;DIM0119;ESTRUTURA DE DADOS BÁSICAS I;2497950.0;60;2022;1;35M34 (28/03/2022 - 30/07/2022);CONSOLIDADA;40.0;25.0
1899;57698811;01;64787;DIM0120;LINGUAGEM DE PROGRAMAÇÃO I;2497950.0;60;2022;1;35M56 (28/03/2022 - 30/07/2022);CONSOLIDADA;40.0;35.0
1900;57698814;01;64788;DIM0121;FUNDAMENTOS MATEMÁTICOS DA COMPUTAÇÃO II;2212166.0;60;2022;1;246M34 (28/03/2022 - 30/07/2022);CONSOLIDADA;61.0;83.0
1901;57698814;01;64788;DIM0121;FUNDAMENTOS MATEMÁTICOS DA COMPUTAÇÃO II;1495851.0;30;2022;1;246M34 (28/03/2022 - 30/07/2022);CONSOLIDADA;61.0;83.0
1902;57698815;02;64788;DIM0121;FUNDAMENTOS MATEMÁTICOS DA COMPUTAÇÃO II;1517271.0;60;2022;1;246T12 (28/03/2022 - 30/07/2022);CONSOLIDADA;60.0;45.0
1903;57698815;02;64788;DIM0121;FUNDAMENTOS MATEMÁTICOS DA COMPUTAÇÃO II;2251108.0;30;2022;1;246T12 (28/03/2022 - 30/07/2022);CONSOLIDADA;60.0;45.0
1904;57698816;01;64732;DIM0117;ESTRUTURAS DE DADOS BÁSICAS II;2859606.0;60;2022;1;35M34 (28/03/2022 - 30/07/2022);CONSOLIDADA;40.0;33.0
1905;57698817;01;21790;DIM0438;REDES DE COMPUTADORES;1699087.0;60;2022;1;24M34;EXCLUÍDA;30.0;0.0
1906;57698818;01;23499;DIM0040;CALCULO NUMERICO;2929823.0;90;2022;1;246M12;CONSOLIDADA;25.0;11.0
1907;57698819;01;25247;DIM0320;ALGORITMO E PROGRAMACAO DE COMPUTADORES;3263275.0;60;2022;1;35T34;CONSOLIDADA;56.0;21.0
1908;57698820;02;25247;DIM0320;ALGORITMO E PROGRAMACAO DE COMPUTADORES;3263275.0;60;2022;1;35M34;CONSOLIDADA;61.0;23.0
1909;57698821;03;25247;DIM0320;ALGORITMO E PROGRAMACAO DE COMPUTADORES;3263275.0;60;2022;1;35M56;CONSOLIDADA;61.0;26.0
1910;57698821;03;25247;DIM0320;ALGORITMO E PROGRAMACAO DE COMPUTADORES;3293042.0;60;2022;1;35M56;CONSOLIDADA;61.0;26.0
1911;57698822;04;25247;DIM0320;ALGORITMO E PROGRAMACAO DE COMPUTADORES;3263275.0;60;2022;1;35T12;CONSOLIDADA;54.0;13.0
1912;57698823;05;25247;DIM0320;ALGORITMO E PROGRAMACAO DE COMPUTADORES;3282102.0;60;2022;1;35M56;CONSOLIDADA;40.0;3.0
1913;57698824;01;2040950;DIM0451;COMPUTAÇÃO GRÁFICA I;2177445.0;60;2022;1;35M12;CONSOLIDADA;25.0;12.0
1914;57698825;01;55372;DIM0616;SISTEMAS EMBARCADOS;1882699.0;60;2022;1;35M34 (28/03/2022 - 30/07/2022);CONSOLIDADA;20.0;11.0
1915;57698826;01;40134;DIM0443;INTERACAO HUMANO-COMPUTADOR;1356585.0;60;2022;1;35M56;CONSOLIDADA;25.0;5.0
1916;57699083;07;66441;IMD1001;MATEMÁTICA ELEMENTAR;4857233.0;60;2022;1;35M34 (28/03/2022 - 13/05/2022), 7M3456 (14/05/2022 - 14/05/2022), 35M34 (15/05/2022 - 10/06/2022), 7M3456 (11/06/2022 - 11/06/2022), 35M34 (12/06/2022 - 15/07/2022), 7M3456 (16/07/2022 - 16/07/2022);CONSOLIDADA;60.0;57.0
1917;57699095;08;66441;IMD1001;MATEMÁTICA ELEMENTAR;4857233.0;60;2022;1;35M56 (28/03/2022 - 13/05/2022), 7M3456 (14/05/2022 - 14/05/2022), 35M56 (15/05/2022 - 10/06/2022), 7M3456 (11/06/2022 - 11/06/2022), 35M56 (12/06/2022 - 15/07/2022), 7M3456 (16/07/2022 - 16/07/2022), 35M56 (17/07/2022 - 30/07/2022);CONSOLIDADA;76.0;15.0
1918;57699100;09;66441;IMD1001;MATEMÁTICA ELEMENTAR;4857233.0;60;2022;1;24T34 (28/03/2022 - 13/05/2022), 7M3456 (14/05/2022 - 14/05/2022),  24T34 (15/05/2022 - 10/06/2022), 7M3456 (11/06/2022 - 11/06/2022),  24T34 (12/06/2022 - 15/07/2022), 7M3456 (16/07/2022 - 16/07/2022),  24T34 (17/07/2022 - 30/07/2022);CONSOLIDADA;78.0;19.0
1919;57699105;10;66441;IMD1001;MATEMÁTICA ELEMENTAR;1218864.0;60;2022;1;24T56 (28/03/2022 - 13/05/2022), 7M3456 (14/05/2022 - 14/05/2022),  24T56 (15/05/2022 - 10/06/2022), 7M3456 (11/06/2022 - 11/06/2022),  24T56 (12/06/2022 - 15/07/2022), 7M3456 (16/07/2022 - 16/07/2022),  24T56 (17/07/2022 - 30/07/2022);CONSOLIDADA;76.0;47.0
1920;57699108;11;66441;IMD1001;MATEMÁTICA ELEMENTAR;1218864.0;60;2022;1;24N12 (28/03/2022 - 13/05/2022), 7M3456 (14/05/2022 - 14/05/2022),  24N12 (15/05/2022 - 10/06/2022), 7M3456 (11/06/2022 - 11/06/2022),  24N12 (12/06/2022 - 15/07/2022), 7M3456 (16/07/2022 - 16/07/2022),  24N12 (17/07/2022 - 30/07/2022);CONSOLIDADA;74.0;37.0
1921;57699109;12;66441;IMD1001;MATEMÁTICA ELEMENTAR;1218864.0;60;2022;1;24N34 (28/03/2022 - 13/05/2022), 7M3456 (14/05/2022 - 14/05/2022),  24N34 (15/05/2022 - 10/06/2022), 7M3456 (11/06/2022 - 11/06/2022),  24N34 (12/06/2022 - 15/07/2022), 7M3456 (16/07/2022 - 16/07/2022),  24N34 (17/07/2022 - 30/07/2022);CONSOLIDADA;72.0;58.0
1922;57699217;01;52694;IMD0506;SISTEMAS COLABORATIVOS DE APOIO À APRENDIZAGEM;2451906.0;60;2022;1;35N12 (28/03/2022 - 30/07/2022);CONSOLIDADA;41.0;121.0
1923;57699218;01;69599;IMD0525;ANÁLISE COMPUTACIONAL DA APRENDIZAGEM;2245086.0;60;2022;1;24T56 (28/03/2022 - 30/07/2022);CONSOLIDADA;32.0;72.0
1924;57699219;01;55060;IMD0522;JOGOS DIGITAIS COMO FERRAMENTA PEDAGÓGICA;2978747.0;60;2022;1;24T56 (28/03/2022 - 30/07/2022);CONSOLIDADA;37.0;102.0
1925;57699220;01;52689;IMD0501;FUNDAMENTOS PEDAGÓGICOS PARA A INFORMÁTICA EDUCACIONAL;2451906.0;60;2022;1;35T56 (28/03/2022 - 30/07/2022);CONSOLIDADA;31.0;108.0
1926;57699221;01;52698;IMD0511;INTELIGÊNCIA ARTIFICIAL APLICADA À EDUCAÇÃO;1362181.0;60;2022;1;24N34 (28/03/2022 - 30/07/2022);CONSOLIDADA;41.0;100.0
1927;57699222;01;72719;IMD1303;ESTUDOS DE MERCADO;2885481.0;60;2022;1;35M34 (28/03/2022 - 30/07/2022);CONSOLIDADA;60.0;34.0
1928;57699223;01;72724;IMD1305;GESTÃO E INOVAÇÃO E ATRAÇÃO DE CAPITAL;3255024.0;30;2022;1;4T34 (28/03/2022 - 30/07/2022);CONSOLIDADA;60.0;1.0
1929;57699224;01;72726;IMD1309;TRANSFORMAÇÃO DIGITAL;3255024.0;30;2022;1;35M56 (28/03/2022 - 30/07/2022);CONSOLIDADA;60.0;16.0
1930;57699225;01;72728;IMD1311;TÓPICOS ESPECIAIS EM INOVAÇÃO E EMPREENDEDORISMO B;3255024.0;60;2022;1;24N34 (28/03/2022 - 30/07/2022);CONSOLIDADA;64.0;25.0
1931;57699226;01;52686;IMD0415;GESTÃO DE INFRAESTRUTURA DE TI;3230252.0;60;2022;1;24N34 (28/03/2022 - 30/07/2022);CONSOLIDADA;32.0;170.0
1932;57699227;01;52685;IMD0405;FUNDAMENTOS DE SISTEMAS DE INFORMAÇÃO;2885481.0;60;2022;1;35N12 (28/03/2022 - 30/07/2022);CONSOLIDADA;62.0;174.0
1933;57699228;01;52683;IMD0407;DESIGN DE SOFTWARE II;2510306.0;60;2022;1;35M34 (28/03/2022 - 30/07/2022);CONSOLIDADA;30.0;57.0
1934;57699230;01;52684;IMD0408;PROCESSOS DE SOFTWARE;3230252.0;60;2022;1;24N12 (28/03/2022 - 30/07/2022);CONSOLIDADA;30.0;47.0
1935;57699232;01;55054;IMD0421;GESTÃO DA MUDANÇA ORGANIZACIONAL;3230252.0;60;2022;1;35N34 (28/03/2022 - 30/07/2022);CONSOLIDADA;60.0;23.0
1936;57699233;01;69587;IMD0902;INTRODUÇÃO A INTERNET DAS COISAS;1241170.0;60;2022;1;35M56 (28/03/2022 - 30/07/2022);CONSOLIDADA;27.0;100.0
1937;57699236;01;66482;IMD0605;SEMINÁRIOS EM BIOINFORMÁTICA;3063244.0;30;2022;1;4M56 (28/03/2022 - 30/07/2022);CONSOLIDADA;60.0;42.0
1938;57699240;01;69612;IMD1101;APRENDIZADO DE MÁQUINA;1350250.0;30;2022;1;35T34 (28/03/2022 - 30/07/2022);CONSOLIDADA;38.0;50.0
1939;57699240;01;69612;IMD1101;APRENDIZADO DE MÁQUINA;4351681.0;30;2022;1;35T34 (28/03/2022 - 30/07/2022);CONSOLIDADA;38.0;50.0
1940;57699241;01;69622;IMD1123;TÓPICOS ESPECIAIS EM INTELIGÊNCIA COMPUTACIONAL D;2885532.0;60;2022;1;24M56 (28/03/2022 - 30/07/2022);CONSOLIDADA;30.0;43.0
1941;57699242;01;72709;IMD1153;ANÁLISE VISUAL DE DADOS;1976579.0;60;2022;1;5M3456 (28/03/2022 - 30/07/2022);CONSOLIDADA;25.0;42.0
1942;57699475;01;66368;DIM0123;PENSAMENTO COMPUTACIONAL;1363515.0;60;2022;1;24M34 (28/03/2022 - 30/07/2022);EXCLUÍDA;60.0;0.0
1943;57699476;02;66368;DIM0123;PENSAMENTO COMPUTACIONAL;1363515.0;60;2022;1;35M56 (28/03/2022 - 30/07/2022);EXCLUÍDA;60.0;0.0
1944;57699477;03;66368;DIM0123;PENSAMENTO COMPUTACIONAL;1671962.0;60;2022;1;24T12 (28/03/2022 - 30/07/2022);CONSOLIDADA;76.0;9.0
1945;57699479;04;66368;DIM0123;PENSAMENTO COMPUTACIONAL;1671962.0;60;2022;1;24T34 (28/03/2022 - 30/07/2022);CONSOLIDADA;76.0;4.0
1946;57699483;02;64787;DIM0120;LINGUAGEM DE PROGRAMAÇÃO I;2316877.0;60;2022;1;24T34 (28/03/2022 - 30/07/2022);CONSOLIDADA;40.0;23.0
1947;57699484;01;69635;DIM0128;CIRCUITOS LÓGICOS;6350797.0;60;2022;1;35T12 (28/03/2022 - 30/07/2022);CONSOLIDADA;15.0;13.0
1948;57699485;01;69636;DIM0129;ORGANIZAÇÃO DE COMPUTADORES;1694485.0;60;2022;1;35M34 (28/03/2022 - 30/07/2022);EXCLUÍDA;25.0;0.0
1949;57699486;01;23558;DIM0404;CALCULO NUMERICO PARA CIENCIA DA COMPUTACAO;2929823.0;60;2022;1;24M34;EXCLUÍDA;25.0;0.0
1950;57699487;01;52866;DIM0549;GRAFOS;1201268.0;60;2022;1;35M12 (28/03/2022 - 30/07/2022);CONSOLIDADA;26.0;25.0
1951;57699488;01;52975;DIM0610;LÓGICA COMPUTACIONAL;1345816.0;60;2022;1;24M56 (28/03/2022 - 30/07/2022);CONSOLIDADA;40.0;8.0
1952;57699490;01;52972;DIM0601;FUNDAMENTOS MATEMÁTICOS DA COMPUTAÇÃO III;1517271.0;60;2022;1;246M56 (28/03/2022 - 30/07/2022);CONSOLIDADA;30.0;15.0
1953;57699490;01;52972;DIM0601;FUNDAMENTOS MATEMÁTICOS DA COMPUTAÇÃO III;2251108.0;30;2022;1;246M56 (28/03/2022 - 30/07/2022);CONSOLIDADA;30.0;15.0
1954;57699498;01;2054916;DIM0519;QUALIDADE DE SOFTWARE;1149561.0;60;2022;1;35M34;CONSOLIDADA;20.0;14.0
1955;57699498;01;2054916;DIM0519;QUALIDADE DE SOFTWARE;3293042.0;60;2022;1;35M34;CONSOLIDADA;20.0;14.0
1956;57699499;01;66374;DIM0125;BANCO DE DADOS;1639701.0;90;2022;1;24T34 6T56 (28/03/2022 - 30/07/2022);CONSOLIDADA;40.0;36.0
1957;57699500;01;21783;DIM0437;LINGUAGENS DE PROGRAMACAO: CONCEITOS E PARADIGMAS;1495704.0;60;2022;1;35M56;CONSOLIDADA;40.0;21.0
1958;57699501;01;66373;DIM0124;PROGRAMAÇÃO CONCORRENTE;1678918.0;60;2022;1;35M34 (28/03/2022 - 30/07/2022);CONSOLIDADA;40.0;19.0
1959;57699502;01;69698;DIM0138;PROJETO DETALHADO DE SOFTWARE;2316877.0;60;2022;1;24M56 (28/03/2022 - 30/07/2022);CONSOLIDADA;36.0;75.0
1960;57699503;01;2054906;DIM0504;ANÁLISE E PROJETO ORIENTADO A OBJETOS;3282102.0;30;2022;1;24T56;CONSOLIDADA;40.0;59.0
1961;57699503;01;2054906;DIM0504;ANÁLISE E PROJETO ORIENTADO A OBJETOS;1754430.0;30;2022;1;24T56;CONSOLIDADA;40.0;59.0
1962;57699505;01;2054911;DIM0507;TESTE DE SOFTWARE I;3282102.0;60;2022;1;24T12;CONSOLIDADA;40.0;68.0
1963;57699507;01;2054913;DIM0510;PROCESSOS DE SOFTWARE;1961108.0;60;2022;1;35T12;CONSOLIDADA;30.0;32.0
1964;57699510;01;2054914;DIM0511;ENGENHARIA DE REQUISITOS;1754430.0;60;2022;1;24T34;CONSOLIDADA;40.0;11.0
1965;57699512;01;2054919;DIM0516;MÉTODOS FORMAIS DE ENGENHARIA DE SOFTWARE;1639701.0;60;2022;1;24T56;CONSOLIDADA;40.0;10.0
1966;57699515;01;2054921;DIM0517;GERÊNCIA DE CONFIGURAÇÃO E MUDANÇAS;1802737.0;60;2022;1;46T34;CONSOLIDADA;40.0;24.0
1967;57699517;01;2054922;DIM0518;PLANEJAMENTO E GERENCIAMENTO DE PROJETOS;1961108.0;60;2022;1;35T34;CONSOLIDADA;40.0;48.0
1968;57699520;01;2054954;DIM0538;TÓPICOS ESPECIAIS EM ENGENHARIA DE SOFTWARE VIII;1678918.0;60;2022;1;35M56;CONSOLIDADA;40.0;29.0
1969;57699522;01;52867;DIM0546;DESENVOLVIMENTO DE SISTEMAS WEB I;1149392.0;60;2022;1;35T12 (28/03/2022 - 30/07/2022);CONSOLIDADA;40.0;116.0
1970;57699523;01;52813;DIM0548;ENGENHARIA DE LINGUAGENS;1495704.0;60;2022;1;35T34 (28/03/2022 - 30/07/2022);CONSOLIDADA;30.0;30.0
1971;57699524;01;55371;DIM0614;PROGRAMAÇÃO DISTRIBUÍDA;1213777.0;60;2022;1;24M56 (28/03/2022 - 30/07/2022);CONSOLIDADA;40.0;45.0
1972;57699527;02;52866;DIM0549;GRAFOS;2859606.0;60;2022;1;35M56 (28/03/2022 - 30/07/2022);CONSOLIDADA;30.0;48.0
1973;57699532;01;2054920;DIM0590;PROPOSTA DE TRABALHO DE CONCLUSÃO DE CURSO;1754430.0;30;2022;1;3T56;CONSOLIDADA;30.0;8.0
1974;57699589;01;2054952;DIM0536;TÓPICOS ESPECIAIS EM ENGENHARIA DE SOFTWARE VI;1363515.0;60;2022;1;24M34;CONSOLIDADA;32.0;106.0
1975;57699662;05;66368;DIM0123;PENSAMENTO COMPUTACIONAL;1363515.0;60;2022;1;24M12 (28/03/2022 - 30/07/2022);CONSOLIDADA;76.0;2.0
1976;57699829;08;55019;IMD0017;PRÁTICAS DE LEITURA E ESCRITA EM PORTUGUÊS I;4315648.0;30;2022;1;4M56 (28/03/2022 - 30/07/2022);CONSOLIDADA;76.0;6.0
1977;57699830;05;55020;IMD0018;PRÁTICAS DE LEITURA EM INGLÊS;3267141.0;30;2022;1;3M56 (28/03/2022 - 30/07/2022);CONSOLIDADA;60.0;20.0
1978;57699831;06;55020;IMD0018;PRÁTICAS DE LEITURA EM INGLÊS;3267141.0;30;2022;1;3M34 (28/03/2022 - 30/07/2022);CONSOLIDADA;77.0;3.0
1979;57699832;03;66440;IMD1004;PENSAMENTO COMPUTACIONAL;2978747.0;60;2022;1;35N34 (28/03/2022 - 30/07/2022);CONSOLIDADA;72.0;18.0
1980;57699834;01;52697;IMD0510;ACESSIBILIDADE DIGITAL;1976579.0;60;2022;1;6M3456 (28/03/2022 - 30/07/2022);CONSOLIDADA;32.0;75.0
1981;57699835;02;70970;IMD0112;PRÁTICAS DE LEITURA E ESCRITA EM PORTUGUÊS III;4315648.0;60;2022;1;35M34 (28/03/2022 - 30/07/2022);CONSOLIDADA;60.0;42.0
1982;57699836;06;66368;DIM0123;PENSAMENTO COMPUTACIONAL;1363515.0;60;2022;1;24M56 (28/03/2022 - 30/07/2022);CONSOLIDADA;60.0;8.0
1983;57699837;04;55028;IMD0043;REDES DE COMPUTADORES;2467763.0;60;2022;1;24N34 (28/03/2022 - 30/07/2022);CONSOLIDADA;30.0;59.0
1984;57699838;01;69592;IMD0290;TÓPICOS ESPECIAIS EM INTERNET DAS COISAS A;2467763.0;60;2022;1;24N12 (28/03/2022 - 30/07/2022);CONSOLIDADA;35.0;104.0
1985;57699933;02;23558;DIM0404;CALCULO NUMERICO PARA CIENCIA DA COMPUTACAO;2929823.0;60;2022;1;35M34;CONSOLIDADA;25.0;8.0
1986;57699934;02;69636;DIM0129;ORGANIZAÇÃO DE COMPUTADORES;1694485.0;60;2022;1;24M34 (28/03/2022 - 30/07/2022);CONSOLIDADA;30.0;9.0
1987;57700079;03;52866;DIM0549;GRAFOS;3282102.0;60;2022;1;35T12 (28/03/2022 - 30/07/2022);CONSOLIDADA;30.0;27.0
1988;57700080;01;52974;DIM0606;LINGUAGENS FORMAIS E AUTÔMATOS;1221251.0;60;2022;1;24M34 (28/03/2022 - 30/07/2022);CONSOLIDADA;30.0;11.0
1989;57700241;01;2054904;DIM0501;BOAS PRÁTICAS DE PROGRAMAÇÃO;2510306.0;30;2022;1;4M34;CONSOLIDADA;40.0;41.0
1990;57700242;02;2054904;DIM0501;BOAS PRÁTICAS DE PROGRAMAÇÃO;2510306.0;30;2022;1;6T12;CONSOLIDADA;40.0;48.0
1991;57700296;02;21790;DIM0438;REDES DE COMPUTADORES;1699087.0;60;2022;1;35T56;CONSOLIDADA;45.0;26.0
1992;57700489;01;52794;IMD0509;DESENVOLVIMENTO PARA DISPOSITIVOS MÓVEIS;3374361.0;60;2022;1;35N34 (28/03/2022 - 30/07/2022);CONSOLIDADA;42.0;92.0
1993;57700503;01;66481;IMD0811;MOTORES DE JOGOS DIGITAIS;1969071.0;60;2022;1;35T34 (28/03/2022 - 30/07/2022);CONSOLIDADA;40.0;38.0
1994;57700504;01;69603;IMD0812;JOGOS EM REDE MULTIUSUÁRIOS;1969071.0;60;2022;1;35T56 (28/03/2022 - 30/07/2022);CONSOLIDADA;40.0;45.0
1995;57700508;01;72707;IMD1151;CIÊNCIAS DE DADOS;2859562.0;60;2022;1;35T12 (28/03/2022 - 30/07/2022);EXCLUÍDA;30.0;3.0
1996;57700527;01;63936;IMD0601;BIOESTATÍSTICA;3063244.0;60;2022;1;24M34 (28/03/2022 - 30/07/2022);CONSOLIDADA;30.0;14.0
1997;57700559;02;72707;IMD1151;CIÊNCIAS DE DADOS;2859562.0;60;2022;1;35M56 (28/03/2022 - 30/07/2022);CONSOLIDADA;32.0;93.0
1998;57700710;04;52664;IMD0033;PROBABILIDADE;1238107.0;45;2022;1;24T56 (28/03/2022 - 30/07/2022);CONSOLIDADA;50.0;5.0
1999;57700710;04;52664;IMD0033;PROBABILIDADE;1023112.0;15;2022;1;24T56 (28/03/2022 - 30/07/2022);CONSOLIDADA;50.0;5.0
2000;57701443;03;66444;IMD1012;INTRODUÇÃO ÀS TÉCNICAS DE PROGRAMAÇÃO;1885001.0;30;2022;1;246M34 (28/03/2022 - 30/07/2022);CONSOLIDADA;40.0;77.0
2001;57701443;03;66444;IMD1012;INTRODUÇÃO ÀS TÉCNICAS DE PROGRAMAÇÃO;3204363.0;30;2022;1;246M34 (28/03/2022 - 30/07/2022);CONSOLIDADA;40.0;77.0
2002;57701443;03;66444;IMD1012;INTRODUÇÃO ÀS TÉCNICAS DE PROGRAMAÇÃO;2244846.0;30;2022;1;246M34 (28/03/2022 - 30/07/2022);CONSOLIDADA;40.0;77.0
2003;57701704;04;55024;IMD0030;LINGUAGEM DE PROGRAMAÇÃO I;2244846.0;60;2022;1;35M56 (28/03/2022 - 30/07/2022);CONSOLIDADA;30.0;10.0
2004;57701705;04;66444;IMD1012;INTRODUÇÃO ÀS TÉCNICAS DE PROGRAMAÇÃO;2149456.0;90;2022;1;7M34  6N1234 (28/03/2022 - 30/07/2022);CONSOLIDADA;40.0;31.0
2005;57646132;01;55020;IMD0018;PRÁTICAS DE LEITURA EM INGLÊS;2507723.0;20;2019;2;5T56 (22/07/2019 - 07/12/2019);CONSOLIDADA;40.0;20.0
2006;57646132;01;55020;IMD0018;PRÁTICAS DE LEITURA EM INGLÊS;1066675.0;10;2019;2;5T56 (22/07/2019 - 07/12/2019);CONSOLIDADA;40.0;20.0
2007;57646134;02;55020;IMD0018;PRÁTICAS DE LEITURA EM INGLÊS;1066675.0;10;2019;2;5N12 (22/07/2019 - 07/12/2019);CONSOLIDADA;65.0;47.0
2008;57646134;02;55020;IMD0018;PRÁTICAS DE LEITURA EM INGLÊS;2507723.0;20;2019;2;5N12 (22/07/2019 - 07/12/2019);CONSOLIDADA;65.0;47.0
2009;57646135;03;55020;IMD0018;PRÁTICAS DE LEITURA EM INGLÊS;1066675.0;10;2019;2;5N34 (22/07/2019 - 07/12/2019);CONSOLIDADA;65.0;44.0
2010;57646135;03;55020;IMD0018;PRÁTICAS DE LEITURA EM INGLÊS;2507723.0;20;2019;2;5N34 (22/07/2019 - 07/12/2019);CONSOLIDADA;65.0;44.0
2011;57646138;01;52662;IMD0024;CÁLCULO DIFERENCIAL E INTEGRAL I;3508272.0;90;2019;2;246M34 (22/07/2019 - 07/12/2019);CONSOLIDADA;65.0;48.0
2012;57646140;02;52662;IMD0024;CÁLCULO DIFERENCIAL E INTEGRAL I;2042579.0;90;2019;2;246T12 (22/07/2019 - 07/12/2019);CONSOLIDADA;65.0;17.0
2013;57646141;03;52662;IMD0024;CÁLCULO DIFERENCIAL E INTEGRAL I;4857233.0;60;2019;2;246T12 (22/07/2019 - 07/12/2019);CONSOLIDADA;65.0;39.0
2014;57646141;03;52662;IMD0024;CÁLCULO DIFERENCIAL E INTEGRAL I;2989758.0;30;2019;2;246T12 (22/07/2019 - 07/12/2019);CONSOLIDADA;65.0;39.0
2015;57646142;04;52662;IMD0024;CÁLCULO DIFERENCIAL E INTEGRAL I;3049192.0;90;2019;2;246N12 (22/07/2019 - 07/12/2019);CONSOLIDADA;65.0;61.0
2016;57646143;05;52662;IMD0024;CÁLCULO DIFERENCIAL E INTEGRAL I;3049192.0;90;2019;2;246N34 (22/07/2019 - 07/12/2019);CONSOLIDADA;65.0;71.0
2017;57646144;01;55021;IMD0027;PRÁTICAS DE LEITURA E ESCRITA EM PORTUGUÊS II;2981295.0;30;2019;2;3M12 (22/07/2019 - 07/12/2019);CONSOLIDADA;65.0;42.0
2018;57646145;02;55021;IMD0027;PRÁTICAS DE LEITURA E ESCRITA EM PORTUGUÊS II;2981295.0;30;2019;2;3M34 (22/07/2019 - 07/12/2019);CONSOLIDADA;65.0;31.0
2019;57646146;03;55021;IMD0027;PRÁTICAS DE LEITURA E ESCRITA EM PORTUGUÊS II;2916579.0;30;2019;2;4T34 (22/07/2019 - 07/12/2019);CONSOLIDADA;65.0;33.0
2020;57646147;04;55021;IMD0027;PRÁTICAS DE LEITURA E ESCRITA EM PORTUGUÊS II;2916579.0;30;2019;2;5T34 (22/07/2019 - 07/12/2019);CONSOLIDADA;65.0;59.0
2021;57646148;05;55021;IMD0027;PRÁTICAS DE LEITURA E ESCRITA EM PORTUGUÊS II;2981295.0;30;2019;2;3N12 (22/07/2019 - 07/12/2019);CONSOLIDADA;65.0;47.0
2022;57646149;06;55021;IMD0027;PRÁTICAS DE LEITURA E ESCRITA EM PORTUGUÊS II;2981295.0;30;2019;2;3N34 (22/07/2019 - 07/12/2019);CONSOLIDADA;65.0;47.0
2023;57646150;01;55022;IMD0028;FUNDAMENTOS MATEMÁTICOS DA COMPUTAÇÃO I;1495851.0;90;2019;2;246M34 (22/07/2019 - 07/12/2019);CONSOLIDADA;65.0;54.0
2024;57646151;02;55022;IMD0028;FUNDAMENTOS MATEMÁTICOS DA COMPUTAÇÃO I;2989758.0;45;2019;2;246T56 (22/07/2019 - 07/12/2019);CONSOLIDADA;65.0;62.0
2025;57646151;02;55022;IMD0028;FUNDAMENTOS MATEMÁTICOS DA COMPUTAÇÃO I;1495851.0;45;2019;2;246T56 (22/07/2019 - 07/12/2019);CONSOLIDADA;65.0;62.0
2026;57646152;03;55022;IMD0028;FUNDAMENTOS MATEMÁTICOS DA COMPUTAÇÃO I;2278403.0;90;2019;2;246N12 (22/07/2019 - 07/12/2019);CONSOLIDADA;65.0;48.0
2027;57646153;04;55022;IMD0028;FUNDAMENTOS MATEMÁTICOS DA COMPUTAÇÃO I;1064162.0;90;2019;2;246N34 (22/07/2019 - 07/12/2019);CONSOLIDADA;65.0;60.0
2028;57646154;01;55023;IMD0029;ESTRUTURA DE DADOS BÁSICAS I;2276280.0;60;2019;2;35T12 (22/07/2019 - 07/12/2019);CONSOLIDADA;38.0;38.0
2029;57646155;02;55023;IMD0029;ESTRUTURA DE DADOS BÁSICAS I;2274774.0;60;2019;2;35N12 (22/07/2019 - 07/12/2019);CONSOLIDADA;40.0;66.0
2030;57646156;01;55024;IMD0030;LINGUAGEM DE PROGRAMAÇÃO I;3139010.0;60;2019;2;35N34 (22/07/2019 - 07/12/2019);CONSOLIDADA;37.0;75.0
2031;57646157;01;52664;IMD0033;PROBABILIDADE;3063244.0;60;2019;2;24T34 (22/07/2019 - 07/12/2019);CONSOLIDADA;42.0;76.0
2032;57646158;02;52664;IMD0033;PROBABILIDADE;1362181.0;60;2019;2;24N12 (22/07/2019 - 07/12/2019);CONSOLIDADA;35.0;35.0
2033;57646159;01;52665;IMD0034;VETORES E GEOMETRIA ANALÍTICA;3508272.0;60;2019;2;35M34 (22/07/2019 - 07/12/2019);CONSOLIDADA;65.0;72.0
2034;57646160;02;52665;IMD0034;VETORES E GEOMETRIA ANALÍTICA;2042579.0;60;2019;2;24T34 (22/07/2019 - 07/12/2019);CONSOLIDADA;65.0;27.0
2035;57646161;03;52665;IMD0034;VETORES E GEOMETRIA ANALÍTICA;3109385.0;60;2019;2;35N12 (22/07/2019 - 07/12/2019);CONSOLIDADA;65.0;56.0
2036;57646162;04;52665;IMD0034;VETORES E GEOMETRIA ANALÍTICA;3109385.0;60;2019;2;35N34 (22/07/2019 - 07/12/2019);CONSOLIDADA;65.0;35.0
2037;57646163;01;52666;IMD0036;SISTEMAS OPERACIONAIS;2244846.0;60;2019;2;24T56 (22/07/2019 - 07/12/2019);CONSOLIDADA;40.0;65.0
2038;57646164;02;52666;IMD0036;SISTEMAS OPERACIONAIS;3139010.0;60;2019;2;24N34 (22/07/2019 - 07/12/2019);CONSOLIDADA;38.0;30.0
2039;57646165;01;55025;IMD0038;FUNDAMENTOS MATEMÁTICOS DA COMPUTAÇÃO II;1064162.0;90;2019;2;246N12 (22/07/2019 - 07/12/2019);CONSOLIDADA;68.0;87.0
2040;57646166;01;55026;IMD0039;ESTRUTURAS DE DADOS BÁSICAS II;2170415.0;60;2019;2;35T12 (22/07/2019 - 07/12/2019);CONSOLIDADA;42.0;69.0
2041;57646168;02;55026;IMD0039;ESTRUTURAS DE DADOS BÁSICAS II;3104412.0;60;2019;2;35N12 (22/07/2019 - 07/12/2019);CONSOLIDADA;40.0;55.0
2042;57646169;03;55026;IMD0039;ESTRUTURAS DE DADOS BÁSICAS II;3104412.0;60;2019;2;35N34 (22/07/2019 - 07/12/2019);CONSOLIDADA;38.0;38.0
2043;57646171;01;55027;IMD0040;LINGUAGEM DE PROGRAMAÇÃO II;4351681.0;60;2019;2;35M56 (22/07/2019 - 07/12/2019);CONSOLIDADA;39.0;39.0
2044;57646172;02;55027;IMD0040;LINGUAGEM DE PROGRAMAÇÃO II;2510306.0;60;2019;2;35T34 (22/07/2019 - 07/12/2019);CONSOLIDADA;39.0;54.0
2045;57646174;03;55027;IMD0040;LINGUAGEM DE PROGRAMAÇÃO II;3139010.0;60;2019;2;35N12 (22/07/2019 - 07/12/2019);CONSOLIDADA;39.0;39.0
2046;57646175;04;55027;IMD0040;LINGUAGEM DE PROGRAMAÇÃO II;2278573.0;60;2019;2;35N34 (22/07/2019 - 07/12/2019);CONSOLIDADA;38.0;50.0
2047;57646177;01;66437;IMD0121;ARQUITETURA DE COMPUTADORES;1721835.0;60;2019;2;24N12 (22/07/2019 - 07/12/2019);CONSOLIDADA;43.0;68.0
2048;57646178;01;52790;IMD0401;BANCO DE DADOS;4351681.0;60;2019;2;35M34 (22/07/2019 - 07/12/2019);CONSOLIDADA;38.0;37.0
2049;57646180;02;52790;IMD0401;BANCO DE DADOS;2266415.0;60;2019;2;35N12 (22/07/2019 - 07/12/2019);CONSOLIDADA;40.0;64.0
2050;57646182;01;66441;IMD1001;MATEMÁTICA ELEMENTAR;4857233.0;60;2019;2;35T12 (22/07/2019 - 07/12/2019);EXCLUÍDA;65.0;0.0
2051;57646184;01;66436;IMD1002;ANÁLISE COMBINATÓRIA;3109385.0;30;2019;2;2T34 (22/07/2019 - 07/12/2019);CONSOLIDADA;65.0;60.0
2052;57646185;02;66436;IMD1002;ANÁLISE COMBINATÓRIA;3109385.0;30;2019;2;6N34 (22/07/2019 - 07/12/2019);CONSOLIDADA;65.0;45.0
2053;57646186;01;66438;IMD1003;GEOMETRIA EUCLIDIANA;1495851.0;30;2019;2;2M56 (22/07/2019 - 07/12/2019);EXCLUÍDA;65.0;18.0
2054;57646187;02;66438;IMD1003;GEOMETRIA EUCLIDIANA;1495851.0;30;2019;2;4M56 (22/07/2019 - 07/12/2019);CONSOLIDADA;65.0;38.0
2055;57646188;03;66438;IMD1003;GEOMETRIA EUCLIDIANA;3508272.0;30;2019;2;6N12 (22/07/2019 - 07/12/2019);CONSOLIDADA;65.0;59.0
2056;57646189;01;66440;IMD1004;PENSAMENTO COMPUTACIONAL;1362181.0;60;2019;2;24N34 (22/07/2019 - 07/12/2019);CONSOLIDADA;28.0;28.0
2057;57646191;01;66444;IMD1012;INTRODUÇÃO ÀS TÉCNICAS DE PROGRAMAÇÃO;2140727.0;90;2019;2;246M56 (22/07/2019 - 07/12/2019);CONSOLIDADA;38.0;78.0
2058;57646192;02;66444;IMD1012;INTRODUÇÃO ÀS TÉCNICAS DE PROGRAMAÇÃO;1013173.0;90;2019;2;246T12 (22/07/2019 - 07/12/2019);CONSOLIDADA;42.0;60.0
2059;57646193;03;66444;IMD1012;INTRODUÇÃO ÀS TÉCNICAS DE PROGRAMAÇÃO;1013173.0;90;2019;2;246T34 (22/07/2019 - 07/12/2019);CONSOLIDADA;42.0;44.0
2060;57646194;04;66444;IMD1012;INTRODUÇÃO ÀS TÉCNICAS DE PROGRAMAÇÃO;2244846.0;90;2019;2;246N12 (22/07/2019 - 07/12/2019);CONSOLIDADA;38.0;51.0
2061;57646195;05;66444;IMD1012;INTRODUÇÃO ÀS TÉCNICAS DE PROGRAMAÇÃO;3139050.0;90;2019;2;246N34 (22/07/2019 - 07/12/2019);CONSOLIDADA;38.0;31.0
2062;57646196;06;66444;IMD1012;INTRODUÇÃO ÀS TÉCNICAS DE PROGRAMAÇÃO;3139050.0;90;2019;2;246N12 (22/07/2019 - 07/12/2019);CONSOLIDADA;38.0;42.0
2063;57646197;07;66444;IMD1012;INTRODUÇÃO ÀS TÉCNICAS DE PROGRAMAÇÃO;1231792.0;90;2019;2;246N34 (22/07/2019 - 07/12/2019);CONSOLIDADA;38.0;33.0
2064;57646254;01;61093;IMD0255;TÓPICOS ESPECIAIS EM INFORMÁTICA EDUCACIONAL F;2164809.0;60;2019;2;35N34 (22/07/2019 - 07/12/2019);EXCLUÍDA;65.0;0.0
2065;57646255;01;69595;IMD0293;TÓPICOS ESPECIAIS EM INTERNET DAS COISAS D;1054235.0;60;2019;2;35T56 (22/07/2019 - 07/12/2019);CONSOLIDADA;39.0;40.0
2066;57646256;01;52789;IMD0404;DESENVOLVIMENTO DE SISTEMAS WEB I;1885001.0;60;2019;2;24N12 (22/07/2019 - 07/12/2019);CONSOLIDADA;38.0;119.0
2067;57646257;01;52788;IMD0412;INTRODUÇÃO AO TESTE DE SOFTWARE;2274774.0;60;2019;2;35N34 (22/07/2019 - 07/12/2019);EXCLUÍDA;35.0;0.0
2068;57646258;01;66439;IMD0425;INFRAESTRUTURA WEB;2278573.0;60;2019;2;35N12 (22/07/2019 - 07/12/2019);CONSOLIDADA;28.0;24.0
2069;57646259;01;52794;IMD0509;DESENVOLVIMENTO PARA DISPOSITIVOS MÓVEIS;3241425.0;60;2019;2;24N12 (22/07/2019 - 07/12/2019);CONSOLIDADA;38.0;34.0
2070;57646260;01;52698;IMD0511;INTELIGÊNCIA ARTIFICIAL APLICADA À EDUCAÇÃO;1362181.0;60;2019;2;35N34 (22/07/2019 - 07/12/2019);CONSOLIDADA;29.0;30.0
2071;57646261;01;55060;IMD0522;JOGOS DIGITAIS COMO FERRAMENTA PEDAGÓGICA;2978747.0;60;2019;2;24T56 (22/07/2019 - 07/12/2019);CONSOLIDADA;38.0;74.0
2072;57646262;01;55084;IMD0523;TECNOLOGIAS EDUCACIONAIS;2451906.0;60;2019;2;24N12 (22/07/2019 - 07/12/2019);CONSOLIDADA;31.0;57.0
2073;57646263;01;55085;IMD0524;EDUCAÇÃO A DISTÂNCIA;2164809.0;60;2019;2;35N12 (22/07/2019 - 07/12/2019);CONSOLIDADA;30.0;49.0
2074;57646264;01;69600;IMD0526;AVALIAÇÃO DE SOFTWARE EDUCACIONAL;2451906.0;60;2019;2;24N34 (22/07/2019 - 07/12/2019);CONSOLIDADA;28.0;26.0
2075;57646265;01;68479;IMD0530;SOFTWARE LIVRE, EDUCAÇÃO E CULTURA;2178446.0;60;2019;2;35N12 (22/07/2019 - 07/12/2019);CONSOLIDADA;40.0;82.0
2076;57646266;01;68482;IMD0531;PRÁTICAS EDUCACIONAIS INOVADORAS COM TECNOLOGIAS DIGITAIS;2178446.0;60;2019;2;24N34 (22/07/2019 - 07/12/2019);CONSOLIDADA;40.0;69.0
2077;57646267;01;55061;IMD0602;FERRAMENTAS PARA ANÁLISE DE SEQUÊNCIAS;2170415.0;30;2019;2;35T3456 (22/07/2019 - 01/10/2019);CONSOLIDADA;28.0;3.0
2078;57646267;01;55061;IMD0602;FERRAMENTAS PARA ANÁLISE DE SEQUÊNCIAS;3063244.0;30;2019;2;35T3456 (22/07/2019 - 01/10/2019);CONSOLIDADA;28.0;3.0
2079;57646268;01;66482;IMD0605;SEMINÁRIOS EM BIOINFORMÁTICA;3063244.0;15;2019;2;4M56 (22/07/2019 - 07/12/2019);CONSOLIDADA;60.0;47.0
2080;57646268;01;66482;IMD0605;SEMINÁRIOS EM BIOINFORMÁTICA;2170415.0;15;2019;2;4M56 (22/07/2019 - 07/12/2019);CONSOLIDADA;60.0;47.0
2081;57646269;01;69601;IMD0607;MODELAGEM E SIMULAÇÃO COMPUTACIONAL;2276280.0;60;2019;2;35T56 (22/07/2019 - 07/12/2019);CONSOLIDADA;37.0;37.0
2082;57646270;01;62887;IMD0703;SEGURANÇA DE REDES;2266415.0;60;2019;2;35T56 (22/07/2019 - 07/12/2019);CONSOLIDADA;38.0;126.0
2083;57646271;01;62888;IMD0704;ADMINISTRAÇÃO DE SERVIÇOS DE REDES PARA INTERNET;1231792.0;60;2019;2;24N12 (22/07/2019 - 07/12/2019);CONSOLIDADA;30.0;55.0
2084;57646273;01;65102;IMD0801;MECÂNICAS E BALANCEAMENTO DE JOGOS;3104412.0;60;2019;2;35T12 (22/07/2019 - 07/12/2019);CONSOLIDADA;40.0;75.0
2085;57646274;01;68478;IMD0803;JOGOS SÉRIOS E SIMULAÇÕES;3104412.0;60;2019;2;35T34 (22/07/2019 - 07/12/2019);CONSOLIDADA;34.0;27.0
2086;57646275;01;68510;IMD0821;TÉCNICAS AVANÇADAS PARA MOTORES DE JOGOS DIGITAIS;1969071.0;60;2019;2;35T56 (22/07/2019 - 07/12/2019);CONSOLIDADA;35.0;12.0
2087;57646276;01;68477;IMD0905;CIÊNCIA DE DADOS I;2859562.0;60;2019;2;35M34 (22/07/2019 - 07/12/2019);CONSOLIDADA;40.0;66.0
2088;57646277;01;69612;IMD1101;APRENDIZADO DE MÁQUINA;2885532.0;60;2019;2;35M56 (22/07/2019 - 07/12/2019);CONSOLIDADA;37.0;64.0
2089;57646278;01;70926;IMD1130;BANCOS DE DADOS NOSQL;1775264.0;60;2019;2;24M34 (22/07/2019 - 07/12/2019);CONSOLIDADA;38.0;49.0
2090;57649689;01;64786;DIM0119;ESTRUTURA DE DADOS BÁSICAS I;2497950.0;60;2019;2;35M12 (22/07/2019 - 07/12/2019);CONSOLIDADA;30.0;24.0
2091;57649693;01;64787;DIM0120;LINGUAGEM DE PROGRAMAÇÃO I;2497950.0;60;2019;2;35M34 (22/07/2019 - 07/12/2019);CONSOLIDADA;30.0;27.0
2092;57649734;02;64787;DIM0120;LINGUAGEM DE PROGRAMAÇÃO I;1495704.0;60;2019;2;35T34 (22/07/2019 - 07/12/2019);CONSOLIDADA;37.0;42.0
2093;57649788;01;64788;DIM0121;FUNDAMENTOS MATEMÁTICOS DA COMPUTAÇÃO II;2251108.0;60;2019;2;246T12 (22/07/2019 - 07/12/2019);CONSOLIDADA;60.0;49.0
2094;57649788;01;64788;DIM0121;FUNDAMENTOS MATEMÁTICOS DA COMPUTAÇÃO II;1517271.0;30;2019;2;246T12 (22/07/2019 - 07/12/2019);CONSOLIDADA;60.0;49.0
2095;57649789;01;66373;DIM0124;PROGRAMAÇÃO CONCORRENTE;1678918.0;60;2019;2;35T12 (22/07/2019 - 07/12/2019);EXCLUÍDA;30.0;0.0
2096;57649790;01;69635;DIM0128;CIRCUITOS LÓGICOS;6350797.0;60;2019;2;24M56 (22/07/2019 - 07/12/2019);CONSOLIDADA;21.0;21.0
2097;57649791;02;69635;DIM0128;CIRCUITOS LÓGICOS;1694485.0;60;2019;2;35M12 (22/07/2019 - 07/12/2019);CONSOLIDADA;20.0;5.0
2098;57649792;01;69698;DIM0138;PROJETO DETALHADO DE SOFTWARE;1644456.0;60;2019;2;35M56 (22/07/2019 - 07/12/2019);CONSOLIDADA;32.0;33.0
2099;57649793;01;21083;DIM0346;GERENCIAMENTO E SEGURANCA EM REDES DE COMPUTADORES;1525670.0;60;2019;2;35M56;CONSOLIDADA;30.0;11.0
2100;57649794;01;21787;DIM0436;ESPECIFICACAO E VERIFICACAO DE PROGRAMAS;1639701.0;60;2019;2;24T12;CONSOLIDADA;30.0;9.0
2101;57649795;01;2040705;DIM0495;TÓPICOS ESPECIAIS EM COMPUTAÇÃO XIV;2859562.0;60;2019;2;6M2345;CONSOLIDADA;40.0;38.0
2102;57649796;01;2054904;DIM0501;BOAS PRÁTICAS DE PROGRAMAÇÃO;2510306.0;30;2019;2;4T12;EXCLUÍDA;30.0;0.0
2103;57649797;01;2054906;DIM0504;ANÁLISE E PROJETO ORIENTADO A OBJETOS;1356585.0;60;2019;2;35T34;CONSOLIDADA;40.0;50.0
2104;57649798;01;2054905;DIM0505;LÓGICA APLICADA A ENGENHARIA DE SOFTWARE;1639701.0;60;2019;2;24T34;CONSOLIDADA;30.0;23.0
2105;57649799;01;2054912;DIM0508;PROJETO DE INTERFACES DE USUÁRIO;1149392.0;60;2019;2;35T12;EXCLUÍDA;30.0;0.0
2106;57649800;01;2054915;DIM0512;TESTE DE SOFTWARE II;1709820.0;60;2019;2;24T34;CONSOLIDADA;30.0;35.0
2107;57649801;01;2054917;DIM0514;ARQUITETURA DE SOFTWARE;1213777.0;60;2019;2;35M56;CONSOLIDADA;30.0;6.0
2108;57649802;01;2054916;DIM0519;QUALIDADE DE SOFTWARE;1149561.0;60;2019;2;24M34;CONSOLIDADA;30.0;6.0
2109;57649803;01;2054927;DIM0524;DESENVOLVIMENTO DE SISTEMAS PARA DISPOSITIVOS MÓVEIS;3241425.0;20;2019;2;24T12;CONSOLIDADA;40.0;38.0
2110;57649803;01;2054927;DIM0524;DESENVOLVIMENTO DE SISTEMAS PARA DISPOSITIVOS MÓVEIS;1802737.0;40;2019;2;24T12;CONSOLIDADA;40.0;38.0
2111;57649804;01;2054932;DIM0533;TÓPICOS ESPECIAIS EM ENGENHARIA DE SOFTWARE III;1671962.0;60;2019;2;46T56;CONSOLIDADA;35.0;39.0
2112;57649805;01;2054955;DIM0539;TÓPICOS ESPECIAIS EM ENGENHARIA DE SOFTWARE IX;2510306.0;30;2019;2;4T34;EXCLUÍDA;30.0;16.0
2113;57649806;01;52870;DIM0547;DESENVOLVIMENTO DE SISTEMAS WEB II;2316877.0;60;2019;2;24T56 (22/07/2019 - 07/12/2019);EXCLUÍDA;30.0;0.0
2114;57649807;01;2054920;DIM0590;PROPOSTA DE TRABALHO DE CONCLUSÃO DE CURSO;6350797.0;10;2019;2;6T34;CONSOLIDADA;30.0;6.0
2115;57649807;01;2054920;DIM0590;PROPOSTA DE TRABALHO DE CONCLUSÃO DE CURSO;1802737.0;20;2019;2;6T34;CONSOLIDADA;30.0;6.0
2116;57649808;01;52973;DIM0605;PROJETO E ANÁLISE DE ALGORITMOS;1201268.0;60;2019;2;24M12 (22/07/2019 - 07/12/2019);CONSOLIDADA;20.0;15.0
2117;57649809;01;52974;DIM0606;LINGUAGENS FORMAIS E AUTÔMATOS;2212166.0;40;2019;2;24M34 (22/07/2019 - 07/12/2019);CONSOLIDADA;50.0;26.0
2118;57649809;01;52974;DIM0606;LINGUAGENS FORMAIS E AUTÔMATOS;1345816.0;20;2019;2;24M34 (22/07/2019 - 07/12/2019);CONSOLIDADA;50.0;26.0
2119;57649810;01;52990;DIM0611;COMPILADORES;1221251.0;90;2019;2;2M1234 4M34 (22/07/2019 - 07/12/2019);CONSOLIDADA;30.0;6.0
2120;57649811;01;55370;DIM0613;INTELIGENCIA ARTIFICIAL;2524467.0;60;2019;2;24M56 (22/07/2019 - 07/12/2019);CONSOLIDADA;30.0;14.0
2121;57649812;01;55371;DIM0614;PROGRAMAÇÃO DISTRIBUÍDA;1678918.0;60;2019;2;35M56 (22/07/2019 - 07/12/2019);CONSOLIDADA;30.0;5.0
2122;57649813;02;55371;DIM0614;PROGRAMAÇÃO DISTRIBUÍDA;1678918.0;60;2019;2;35M34 (22/07/2019 - 07/12/2019);EXCLUÍDA;30.0;0.0
2123;57649814;01;26920;DIM0095;TOPICOS ESPECIAIS EM COMPUTACAO VI;2929823.0;60;2019;2;35T34;CONSOLIDADA;20.0;7.0
2124;57649815;01;64729;DIM0115;FUNDAMENTOS MATEMÁTICOS DA COMPUTAÇÃO I;1988053.0;90;2019;2;246M56 (22/07/2019 - 07/12/2019);CONSOLIDADA;60.0;49.0
2125;57649816;01;64732;DIM0117;ESTRUTURAS DE DADOS BÁSICAS II;2859606.0;60;2019;2;35M34 (22/07/2019 - 07/12/2019);CONSOLIDADA;38.0;39.0
2126;57649817;01;64923;DIM0122;TECNOLOGIA DA INFORMAÇÃO NA SAÚDE;6350797.0;60;2019;2;35T56;CONSOLIDADA;26.0;26.0
2127;57649818;01;52972;DIM0601;FUNDAMENTOS MATEMÁTICOS DA COMPUTAÇÃO III;1517271.0;60;2019;2;246T34 (22/07/2019 - 07/12/2019);CONSOLIDADA;60.0;6.0
2128;57649818;01;52972;DIM0601;FUNDAMENTOS MATEMÁTICOS DA COMPUTAÇÃO III;2251108.0;30;2019;2;246T34 (22/07/2019 - 07/12/2019);CONSOLIDADA;60.0;6.0
2129;57649819;01;68133;DIM0126;INTELIGÊNCIA ARTIFICIAL PARA JOGOS I;1363515.0;30;2019;2;24M56;CONSOLIDADA;35.0;15.0
2130;57649819;01;68133;DIM0126;INTELIGÊNCIA ARTIFICIAL PARA JOGOS I;2978747.0;30;2019;2;24M56;CONSOLIDADA;35.0;15.0
2131;57649820;01;69634;DIM0127;ARQUITETURA DE COMPUTADORES;1882699.0;60;2019;2;24M34 (22/07/2019 - 07/12/2019);CONSOLIDADA;42.0;51.0
2132;57649821;01;69637;DIM0133;INTRODUÇÃO ÀS TÉCNICAS DE PROGRAMAÇÃO;1363515.0;90;2019;2;246M34 (22/07/2019 - 07/12/2019);CONSOLIDADA;35.0;42.0
2133;57649822;01;21705;DIM0411;PROCESSAMENTO DE IMAGENS;1172485.0;60;2019;2;24T34;CONSOLIDADA;25.0;0.0
2134;57649831;01;21759;DIM0439;TEORIA DA COMPUTACAO;2212166.0;40;2019;2;24M56;CONSOLIDADA;50.0;38.0
2135;57649831;01;21759;DIM0439;TEORIA DA COMPUTACAO;1345816.0;20;2019;2;24M56;CONSOLIDADA;50.0;38.0
2136;57649834;01;2040703;DIM0493;TÓPICOS ESPECIAIS EM COMPUTAÇÃO XVI;1172485.0;60;2019;2;24T12;CONSOLIDADA;30.0;5.0
2137;57649887;02;66440;IMD1004;PENSAMENTO COMPUTACIONAL;1885001.0;60;2019;2;24T34 (22/07/2019 - 07/12/2019);CONSOLIDADA;35.0;32.0
2138;57650096;01;65104;IMD0211;PROGRAMAÇÃO FUNCIONAL;2278403.0;60;2019;2;24T12 (22/07/2019 - 07/12/2019);CONSOLIDADA;41.0;42.0
2139;57650097;01;52692;IMD0504;RELAÇÕES ENTRE COMUNICAÇÃO, MÍDIA E EDUCAÇÃO;2164809.0;60;2019;2;35N34 (22/07/2019 - 07/12/2019);CONSOLIDADA;60.0;68.0
2140;57650101;01;21747;DIM0104;SOFTWARES APLICATIVOS;1290598.0;24;2019;2;35T56;CONSOLIDADA;30.0;8.0
2141;57650101;01;21747;DIM0104;SOFTWARES APLICATIVOS;3967165.0;36;2019;2;35T56;CONSOLIDADA;30.0;8.0
2142;57650183;01;62886;IMD0702;SERVIÇOS DE REDE E TRANSPORTE;3151874.0;60;2019;2;246N34 (01/09/2019 - 07/12/2019);CONSOLIDADA;28.0;40.0
2143;57650184;01;65101;IMD0712;GERÊNCIA DE REDES;3151874.0;60;2019;2;3N1234 6N12 (01/09/2019 - 07/12/2019);CONSOLIDADA;25.0;4.0
2144;57650185;03;66441;IMD1001;MATEMÁTICA ELEMENTAR;4857233.0;60;2019;2;35T12 (22/07/2019 - 13/09/2019), 7M3456 (14/09/2019 - 14/09/2019),  35T12 (15/09/2019 - 18/10/2019), 7M3456 (19/10/2019 - 19/10/2019),  35T12 (20/10/2019 - 29/11/2019), 7M3456 (30/11/2019 - 30/11/2019);CONSOLIDADA;66.0;77.0
2145;57650186;04;66441;IMD1001;MATEMÁTICA ELEMENTAR;1064162.0;60;2019;2;35N12 (22/07/2019 - 13/09/2019), 7M3456 (14/09/2019 - 14/09/2019),  35N12 (15/09/2019 - 18/10/2019), 7M3456 (19/10/2019 - 19/10/2019),  35N12 (20/10/2019 - 29/11/2019), 7M3456 (30/11/2019 - 30/11/2019);CONSOLIDADA;67.0;69.0
2146;57650189;02;66373;DIM0124;PROGRAMAÇÃO CONCORRENTE;1678918.0;60;2019;2;24T56 (22/07/2019 - 07/12/2019);CONSOLIDADA;30.0;16.0
2147;57650190;02;52870;DIM0547;DESENVOLVIMENTO DE SISTEMAS WEB II;2180207.0;60;2019;2;35T12 (22/07/2019 - 07/12/2019);CONSOLIDADA;39.0;43.0
2148;57650236;01;25247;DIM0320;ALGORITMO E PROGRAMACAO DE COMPUTADORES;1961108.0;60;2019;2;35M12;CONSOLIDADA;40.0;19.0
2149;57650237;02;25247;DIM0320;ALGORITMO E PROGRAMACAO DE COMPUTADORES;1961108.0;60;2019;2;35M56;CONSOLIDADA;40.0;40.0
2150;57650452;03;25247;DIM0320;ALGORITMO E PROGRAMACAO DE COMPUTADORES;1290598.0;60;2019;2;35T12;CONSOLIDADA;40.0;44.0
2151;57650453;01;21753;DIM0321;LINGUAGENS DE PROGRAMAÇÃO;1754430.0;60;2019;2;35T34;CONSOLIDADA;40.0;22.0
2152;57650460;02;21753;DIM0321;LINGUAGENS DE PROGRAMAÇÃO;2195240.0;24;2019;2;35M56;CONSOLIDADA;40.0;26.0
2153;57650460;02;21753;DIM0321;LINGUAGENS DE PROGRAMAÇÃO;3967165.0;36;2019;2;35M56;CONSOLIDADA;40.0;26.0
2154;57650461;03;21753;DIM0321;LINGUAGENS DE PROGRAMAÇÃO;1290598.0;42;2019;2;35M56;CONSOLIDADA;21.0;14.0
2155;57650461;03;21753;DIM0321;LINGUAGENS DE PROGRAMAÇÃO;2177445.0;18;2019;2;35M56;CONSOLIDADA;21.0;14.0
2156;57650462;01;52866;DIM0549;GRAFOS;2859606.0;60;2019;2;35M56 (22/07/2019 - 07/12/2019);CONSOLIDADA;30.0;24.0
2157;57650463;02;2054912;DIM0508;PROJETO DE INTERFACES DE USUÁRIO;1149392.0;60;2019;2;24T12;CONSOLIDADA;40.0;66.0
2158;57650464;02;2054904;DIM0501;BOAS PRÁTICAS DE PROGRAMAÇÃO;2510306.0;30;2019;2;6T12;CONSOLIDADA;35.0;68.0
2159;57650465;01;21790;DIM0438;REDES DE COMPUTADORES;1699087.0;60;2019;2;35T56;CONSOLIDADA;40.0;36.0
2160;57650470;02;2040704;DIM0494;TÓPICOS ESPECIAIS EM COMPUTAÇÃO XV;2497950.0;60;2019;2;35M56;CONSOLIDADA;20.0;4.0
2161;57650471;02;69637;DIM0133;INTRODUÇÃO ÀS TÉCNICAS DE PROGRAMAÇÃO;1290598.0;90;2019;2;246M34 (22/07/2019 - 07/12/2019);CONSOLIDADA;40.0;8.0
2162;57650472;01;2054911;DIM0507;TESTE DE SOFTWARE I;2274774.0;60;2019;2;35N34;CONSOLIDADA;35.0;28.0
2163;57650473;01;70970;IMD0112;PRÁTICAS DE LEITURA E ESCRITA EM PORTUGUÊS III;2916579.0;60;2019;2;45T56 (22/07/2019 - 07/12/2019);CONSOLIDADA;40.0;7.0
2164;57651483;02;55024;IMD0030;LINGUAGEM DE PROGRAMAÇÃO I;3083298.0;60;2019;2;35N34 (22/07/2019 - 07/12/2019);CONSOLIDADA;40.0;38.0
2165;57651484;01;52699;IMD0512;AVALIAÇÃO DA INTERAÇÃO HUMANO-COMPUTADOR;1976579.0;60;2019;2;24T12 (22/07/2019 - 07/12/2019);CONSOLIDADA;35.0;24.0
2166;57651494;03;2054904;DIM0501;BOAS PRÁTICAS DE PROGRAMAÇÃO;2510306.0;30;2019;2;6T34;CONSOLIDADA;45.0;45.0
2167;57575203;01;26918;DIM0093;TOPICOS ESPECIAIS EM COMPUTACAO IV;1221251.0;30;2016;1;3M34;CONSOLIDADA;35.0;3.0
2168;57575204;01;26930;DIM0333;ELEM.DE PESQ.OPER.APLIC. A INDUST.DO PETROLEO;1149561.0;60;2016;1;35M12;EXCLUÍDA;20.0;0.0
2169;57575205;01;25764;DIM0345;EMPREENDEDORISMO;1671962.0;60;2016;1;35T34;CONSOLIDADA;40.0;12.0
2170;57575206;01;23558;DIM0404;CALCULO NUMERICO PARA CIENCIA DA COMPUTACAO;347031.0;60;2016;1;35M34;CONSOLIDADA;40.0;22.0
2171;57575207;01;25258;DIM0405;PROPOSTA DE MONOGRAFIA DE GRADUACAO;1213777.0;30;2016;1;3M34;CONSOLIDADA;70.0;7.0
2172;57575208;01;21791;DIM0407;SISTEMAS EMBUTIDOS;6350797.0;45;2016;1;24M56;CONSOLIDADA;40.0;10.0
2173;57575208;01;21791;DIM0407;SISTEMAS EMBUTIDOS;1882699.0;15;2016;1;24M56;CONSOLIDADA;40.0;10.0
2174;57575209;01;21705;DIM0411;PROCESSAMENTO DE IMAGENS;1172485.0;60;2016;1;35T34;CONSOLIDADA;20.0;4.0
2175;57575210;01;21779;DIM0433;ENGENHARIA DE SOFTWARE;1709820.0;60;2016;1;35T34;CONSOLIDADA;40.0;7.0
2176;57575227;01;21787;DIM0436;ESPECIFICACAO E VERIFICACAO DE PROGRAMAS;2251108.0;60;2016;1;24M56;CONSOLIDADA;40.0;11.0
2177;57575228;01;21794;DIM0441;SISTEMAS DISTRIBUIDOS;1096045.0;60;2016;1;35T12;CONSOLIDADA;40.0;7.0
2178;57575229;01;2040950;DIM0451;COMPUTAÇÃO GRÁFICA I;2177445.0;60;2016;1;35M34;CONSOLIDADA;40.0;5.0
2179;57575235;01;2040702;DIM0492;TÓPICOS ESPECIAIS EM COMPUTAÇÃO XIII;1172485.0;60;2016;1;35M34;CONSOLIDADA;20.0;7.0
2180;57575236;01;2054904;DIM0501;BOAS PRÁTICAS DE PROGRAMAÇÃO;1671962.0;30;2016;1;3T56;EXCLUÍDA;30.0;
2181;57575237;01;2054906;DIM0504;ANÁLISE E PROJETO ORIENTADO A OBJETOS;1754430.0;60;2016;1;24T34;CONSOLIDADA;30.0;17.0
2182;57575238;01;2054910;DIM0506;PROJETO DETALHADO DE SOFTWARE;1644456.0;60;2016;1;24T12;CONSOLIDADA;30.0;23.0
2183;57575240;01;2054911;DIM0507;TESTE DE SOFTWARE I;1709820.0;60;2016;1;35T12;EXCLUÍDA;30.0;
2184;57575257;01;2054914;DIM0511;ENGENHARIA DE REQUISITOS;1754430.0;60;2016;1;24T56;CONSOLIDADA;30.0;20.0
2185;57575259;01;2054919;DIM0516;MÉTODOS FORMAIS DE ENGENHARIA DE SOFTWARE;1639701.0;60;2016;1;24T12;CONSOLIDADA;30.0;13.0
2186;57575261;01;2054922;DIM0518;PLANEJAMENTO E GERENCIAMENTO DE PROJETOS;2195240.0;60;2016;1;35T34;CONSOLIDADA;30.0;20.0
2187;57575262;01;2054928;DIM0529;DESENVOLVIMENTO EM TIMES;1149561.0;60;2016;1;35M56;CONSOLIDADA;35.0;18.0
2188;57575266;01;2054929;DIM0530;DESENVOLVIMENTO DE JOGOS;2497950.0;30;2016;1;6M3456;CONSOLIDADA;35.0;26.0
2189;57575266;01;2054929;DIM0530;DESENVOLVIMENTO DE JOGOS;1363515.0;30;2016;1;6M3456;CONSOLIDADA;35.0;26.0
2190;57575267;01;2054931;DIM0532;TÓPICOS ESPECIAIS EM ENGENHARIA DE SOFTWARE II;1356585.0;60;2016;1;35T12;EXCLUÍDA;30.0;
2191;57575269;01;42158;DIM0541.0;BANCO DE DADOS;1639701.0;30;2016;1;24T34;CONSOLIDADA;40.0;36.0
2192;57575273;01;42159;DIM0541.1;PRATICA DE BANCO DE DADOS;1639701.0;30;2016;1;6T34;CONSOLIDADA;40.0;36.0
2193;57575277;01;52867;DIM0546;DESENVOLVIMENTO DE SISTEMAS WEB I;1149392.0;60;2016;1;35T34 (01/02/2016 - 18/06/2016);CONSOLIDADA;40.0;34.0
2194;57575280;01;52813;DIM0548;ENGENHARIA DE LINGUAGENS;1495704.0;60;2016;1;24T34 (01/02/2016 - 18/06/2016);CONSOLIDADA;40.0;18.0
2195;57575284;01;52866;DIM0549;GRAFOS;1201268.0;60;2016;1;35M12 (01/02/2016 - 18/06/2016);CONSOLIDADA;60.0;51.0
2196;57575289;01;52972;DIM0601;FUNDAMENTOS MATEMÁTICOS DA COMPUTAÇÃO III;1517271.0;90;2016;1;246M12 (01/02/2016 - 18/06/2016);CONSOLIDADA;40.0;20.0
2197;57575296;01;52990;DIM0611;COMPILADORES;1221251.0;90;2016;1;3M1256 5M56 (01/02/2016 - 18/06/2016);CONSOLIDADA;40.0;8.0
2198;57575300;01;55370;DIM0613;INTELIGENCIA ARTIFICIAL;1350250.0;60;2016;1;24M34 (01/02/2016 - 18/06/2016);CONSOLIDADA;40.0;7.0
2199;57575303;01;55371;DIM0614;PROGRAMAÇÃO DISTRIBUÍDA;2278805.0;60;2016;1;35M34 (01/02/2016 - 18/06/2016);CONSOLIDADA;40.0;25.0
2200;57575309;01;55327;DIM0615.0;PROJETO DE SISTEMAS OPERACIONAIS;2885532.0;30;2016;1;24M34 (01/02/2016 - 18/06/2016);CONSOLIDADA;40.0;29.0
2201;57575309;01;55327;DIM0615.0;PROJETO DE SISTEMAS OPERACIONAIS;6350797.0;30;2016;1;24M34 (01/02/2016 - 18/06/2016);CONSOLIDADA;40.0;29.0
2202;57575312;01;55328;DIM0615.1;LABORATORIO DE PROJETO DE SISTEMAS OPERACIONAIS;2885532.0;30;2016;1;6T12 (01/02/2016 - 18/06/2016);CONSOLIDADA;40.0;29.0
2203;57575583;01;21753;DIM0321;LINGUAGENS DE PROGRAMAÇÃO;2195240.0;60;2016;1;35T12;CONSOLIDADA;35.0;20.0
2204;57575903;01;25247;DIM0320;ALGORITMO E PROGRAMACAO DE COMPUTADORES;2929823.0;60;2016;1;35T12;CONSOLIDADA;50.0;18.0
2205;57575913;02;25247;DIM0320;ALGORITMO E PROGRAMACAO DE COMPUTADORES;347031.0;60;2016;1;35M56;CONSOLIDADA;55.0;16.0
2206;57575916;01;21759;DIM0439;TEORIA DA COMPUTACAO;2212166.0;60;2016;1;35T12;CONSOLIDADA;53.0;66.0
2207;57575924;02;21753;DIM0321;LINGUAGENS DE PROGRAMAÇÃO;2929823.0;60;2016;1;35N12;CONSOLIDADA;45.0;26.0
2208;57575927;04;21753;DIM0321;LINGUAGENS DE PROGRAMAÇÃO;1096045.0;60;2016;1;24T56;CONSOLIDADA;35.0;12.0
2209;57575929;05;21753;DIM0321;LINGUAGENS DE PROGRAMAÇÃO;2246650.0;60;2016;1;35M12;CONSOLIDADA;35.0;13.0
2210;57575933;01;25248;DIM0103;INTRODUCAO A INFORMATICA;2246650.0;60;2016;1;35T12;CONSOLIDADA;40.0;41.0
2211;57575937;02;25248;DIM0103;INTRODUCAO A INFORMATICA;2246650.0;60;2016;1;35M56;CONSOLIDADA;60.0;16.0
2212;57575940;01;21747;DIM0104;SOFTWARES APLICATIVOS;2246650.0;60;2016;1;24T12;CONSOLIDADA;40.0;26.0
2213;57575944;03;25247;DIM0320;ALGORITMO E PROGRAMACAO DE COMPUTADORES;2929823.0;60;2016;1;35M56;CONSOLIDADA;40.0;18.0
2214;57575947;04;25247;DIM0320;ALGORITMO E PROGRAMACAO DE COMPUTADORES;1096045.0;60;2016;1;35M56;CONSOLIDADA;55.0;6.0
2215;57575948;05;25247;DIM0320;ALGORITMO E PROGRAMACAO DE COMPUTADORES;1096045.0;60;2016;1;35N12;CONSOLIDADA;40.0;33.0
2216;57575951;06;25247;DIM0320;ALGORITMO E PROGRAMACAO DE COMPUTADORES;347031.0;60;2016;1;35T34;CONSOLIDADA;35.0;22.0
2217;57575953;03;25248;DIM0103;INTRODUCAO A INFORMATICA;2246650.0;60;2016;1;2M56 6M12;CONSOLIDADA;44.0;5.0
2218;57576523;01;52537;IMD0011.0;CIRCUITOS LÓGICOS;1694485.0;60;2016;1;24T34 (01/02/2016 - 18/06/2016);CONSOLIDADA;40.0;29.0
2219;57576528;01;52651;IMD0012.0;INTRODUÇÃO ÀS TÉCNICAS DE PROGRAMAÇÃO;4351681.0;60;2016;1;35M12 (01/02/2016 - 18/06/2016);CONSOLIDADA;60.0;53.0
2220;57576529;02;52651;IMD0012.0;INTRODUÇÃO ÀS TÉCNICAS DE PROGRAMAÇÃO;2245086.0;60;2016;1;35T12 (01/02/2016 - 18/06/2016);CONSOLIDADA;60.0;79.0
2221;57576530;03;52651;IMD0012.0;INTRODUÇÃO ÀS TÉCNICAS DE PROGRAMAÇÃO;2278573.0;60;2016;1;35N12 (01/02/2016 - 18/06/2016);CONSOLIDADA;60.0;56.0
2222;57576531;01;52652;IMD0012.1;PRÁTICAS DE TÉCNICAS DE PROGRAMAÇÃO;1363515.0;30;2016;1;3M34 (01/02/2016 - 18/06/2016);CONSOLIDADA;32.0;37.0
2223;57576533;02;52652;IMD0012.1;PRÁTICAS DE TÉCNICAS DE PROGRAMAÇÃO;1363515.0;30;2016;1;3M56 (01/02/2016 - 18/06/2016);CONSOLIDADA;30.0;29.0
2224;57576534;03;52652;IMD0012.1;PRÁTICAS DE TÉCNICAS DE PROGRAMAÇÃO;2140866.0;30;2016;1;3T34 (01/02/2016 - 18/06/2016);CONSOLIDADA;32.0;47.0
2225;57576535;04;52652;IMD0012.1;PRÁTICAS DE TÉCNICAS DE PROGRAMAÇÃO;1013173.0;30;2016;1;3N34 (01/02/2016 - 18/06/2016);CONSOLIDADA;32.0;36.0
2226;57576536;05;52652;IMD0012.1;PRÁTICAS DE TÉCNICAS DE PROGRAMAÇÃO;2140866.0;30;2016;1;3T56 (01/02/2016 - 18/06/2016);CONSOLIDADA;30.0;15.0
2227;57576539;06;52652;IMD0012.1;PRÁTICAS DE TÉCNICAS DE PROGRAMAÇÃO;1013173.0;30;2016;1;5N34 (01/02/2016 - 16/04/2016), 7M34 (17/04/2016 - 23/04/2016),  5N34 (24/04/2016 - 18/06/2016);CONSOLIDADA;30.0;24.0
2228;57576540;01;55019;IMD0017;PRÁTICAS DE LEITURA E ESCRITA EM PORTUGUÊS I;1883214.0;30;2016;1;3M12 (01/02/2016 - 18/06/2016);CONSOLIDADA;78.0;6.0
2229;57576543;02;55019;IMD0017;PRÁTICAS DE LEITURA E ESCRITA EM PORTUGUÊS I;2916579.0;30;2016;1;3T12 (01/02/2016 - 18/06/2016);CONSOLIDADA;77.0;12.0
2230;57576544;03;55019;IMD0017;PRÁTICAS DE LEITURA E ESCRITA EM PORTUGUÊS I;1883214.0;30;2016;1;3N12 (01/02/2016 - 18/06/2016);CONSOLIDADA;80.0;6.0
2231;57576545;04;55019;IMD0017;PRÁTICAS DE LEITURA E ESCRITA EM PORTUGUÊS I;1883214.0;30;2016;1;3M34 (01/02/2016 - 18/06/2016);CONSOLIDADA;78.0;7.0
2232;57576548;05;55019;IMD0017;PRÁTICAS DE LEITURA E ESCRITA EM PORTUGUÊS I;1883214.0;30;2016;1;3N34 (01/02/2016 - 18/06/2016);CONSOLIDADA;86.0;2.0
2233;57576550;01;55020;IMD0018;PRÁTICAS DE LEITURA EM INGLÊS;1066675.0;30;2016;1;3M56 (01/02/2016 - 18/06/2016);CONSOLIDADA;77.0;7.0
2234;57576551;02;55020;IMD0018;PRÁTICAS DE LEITURA EM INGLÊS;1066675.0;30;2016;1;3M34 (01/02/2016 - 18/06/2016);CONSOLIDADA;87.0;13.0
2235;57576553;03;55020;IMD0018;PRÁTICAS DE LEITURA EM INGLÊS;1066675.0;30;2016;1;3T34 (01/02/2016 - 18/06/2016);CONSOLIDADA;80.0;6.0
2236;57576554;04;55020;IMD0018;PRÁTICAS DE LEITURA EM INGLÊS;1066675.0;30;2016;1;5N34 (01/02/2016 - 16/04/2016), 7M34 (17/04/2016 - 23/04/2016),  5N34 (24/04/2016 - 18/06/2016);CONSOLIDADA;97.0;7.0
2237;57576555;05;55020;IMD0018;PRÁTICAS DE LEITURA EM INGLÊS;1066675.0;30;2016;1;5N12 (01/02/2016 - 16/04/2016), 7M34 (17/04/2016 - 23/04/2016),  5N12 (24/04/2016 - 18/06/2016);EXCLUÍDA;65.0;
2238;57576566;01;55031;IMD0019;RESOLUÇÃO DE PROBLEMAS MATEMÁTICOS PARA TI;2241509.0;150;2016;1;246M1234 (01/02/2016 - 18/06/2016);CONSOLIDADA;77.0;7.0
2239;57576566;01;55031;IMD0019;RESOLUÇÃO DE PROBLEMAS MATEMÁTICOS PARA TI;2978747.0;30;2016;1;246M1234 (01/02/2016 - 18/06/2016);CONSOLIDADA;77.0;7.0
2240;57576568;02;55031;IMD0019;RESOLUÇÃO DE PROBLEMAS MATEMÁTICOS PARA TI;2978747.0;30;2016;1;246M3456 (01/02/2016 - 18/06/2016);CONSOLIDADA;82.0;8.0
2241;57576568;02;55031;IMD0019;RESOLUÇÃO DE PROBLEMAS MATEMÁTICOS PARA TI;1495851.0;150;2016;1;246M3456 (01/02/2016 - 18/06/2016);CONSOLIDADA;82.0;8.0
2242;57576569;03;55031;IMD0019;RESOLUÇÃO DE PROBLEMAS MATEMÁTICOS PARA TI;2693180.0;150;2016;1;246N1234 (01/02/2016 - 18/06/2016);CONSOLIDADA;75.0;12.0
2243;57576569;03;55031;IMD0019;RESOLUÇÃO DE PROBLEMAS MATEMÁTICOS PARA TI;2884005.0;30;2016;1;246N1234 (01/02/2016 - 18/06/2016);CONSOLIDADA;75.0;12.0
2244;57576571;04;55031;IMD0019;RESOLUÇÃO DE PROBLEMAS MATEMÁTICOS PARA TI;2276603.0;150;2016;1;246N1234 (01/02/2016 - 18/06/2016);CONSOLIDADA;87.0;15.0
2245;57576571;04;55031;IMD0019;RESOLUÇÃO DE PROBLEMAS MATEMÁTICOS PARA TI;2884005.0;30;2016;1;246N1234 (01/02/2016 - 18/06/2016);CONSOLIDADA;87.0;15.0
2246;57576572;05;55031;IMD0019;RESOLUÇÃO DE PROBLEMAS MATEMÁTICOS PARA TI;2241509.0;150;2016;1;246T1234 (01/02/2016 - 18/06/2016);CONSOLIDADA;76.0;17.0
2247;57576572;05;55031;IMD0019;RESOLUÇÃO DE PROBLEMAS MATEMÁTICOS PARA TI;2645969.0;30;2016;1;246T1234 (01/02/2016 - 18/06/2016);CONSOLIDADA;76.0;17.0
2248;57576574;01;55082;IMD0020;TECNOLOGIA DA INFORMAÇÃO E SOCIEDADE;2278510.0;30;2016;1;3M12 (01/02/2016 - 18/06/2016);CONSOLIDADA;73.0;4.0
2249;57576582;02;55082;IMD0020;TECNOLOGIA DA INFORMAÇÃO E SOCIEDADE;2278510.0;30;2016;1;3M56 (01/02/2016 - 18/06/2016);CONSOLIDADA;74.0;5.0
2250;57576583;03;55082;IMD0020;TECNOLOGIA DA INFORMAÇÃO E SOCIEDADE;2278510.0;30;2016;1;3T56 (01/02/2016 - 18/06/2016);CONSOLIDADA;70.0;17.0
2251;57576585;05;55082;IMD0020;TECNOLOGIA DA INFORMAÇÃO E SOCIEDADE;2278510.0;30;2016;1;5N34 (01/02/2016 - 16/04/2016), 7M34 (17/04/2016 - 23/04/2016),  5N34 (24/04/2016 - 18/06/2016);CONSOLIDADA;84.0;6.0
2252;57576589;01;52662;IMD0024;CÁLCULO DIFERENCIAL E INTEGRAL I;4857233.0;45;2016;1;246M12 (01/02/2016 - 18/06/2016);CONSOLIDADA;60.0;51.0
2253;57576589;01;52662;IMD0024;CÁLCULO DIFERENCIAL E INTEGRAL I;2276603.0;45;2016;1;246M12 (01/02/2016 - 18/06/2016);CONSOLIDADA;60.0;51.0
2254;57576590;02;52662;IMD0024;CÁLCULO DIFERENCIAL E INTEGRAL I;4857233.0;90;2016;1;246T12 (01/02/2016 - 18/06/2016);CONSOLIDADA;62.0;67.0
2255;57576591;03;52662;IMD0024;CÁLCULO DIFERENCIAL E INTEGRAL I;2989758.0;90;2016;1;246N12 (01/02/2016 - 18/06/2016);CONSOLIDADA;60.0;45.0
2256;57576592;01;55021;IMD0027;PRÁTICAS DE LEITURA E ESCRITA EM PORTUGUÊS II;2916579.0;30;2016;1;2M34 (01/02/2016 - 18/06/2016);CONSOLIDADA;60.0;38.0
2257;57576593;02;55021;IMD0027;PRÁTICAS DE LEITURA E ESCRITA EM PORTUGUÊS II;2916579.0;30;2016;1;2T34 (01/02/2016 - 18/06/2016);CONSOLIDADA;60.0;59.0
2258;57576594;03;55021;IMD0027;PRÁTICAS DE LEITURA E ESCRITA EM PORTUGUÊS II;2916579.0;30;2016;1;2N12 (01/02/2016 - 18/06/2016);CONSOLIDADA;60.0;38.0
2259;57576595;01;55022;IMD0028;FUNDAMENTOS MATEMÁTICOS DA COMPUTAÇÃO I;1988053.0;90;2016;1;246M56 (01/02/2016 - 18/06/2016);CONSOLIDADA;66.0;89.0
2260;57576596;02;55022;IMD0028;FUNDAMENTOS MATEMÁTICOS DA COMPUTAÇÃO I;2278403.0;90;2016;1;246T56 (01/02/2016 - 18/06/2016);CONSOLIDADA;66.0;72.0
2261;57576597;03;55022;IMD0028;FUNDAMENTOS MATEMÁTICOS DA COMPUTAÇÃO I;2884005.0;90;2016;1;246N34 (01/02/2016 - 18/06/2016);CONSOLIDADA;66.0;73.0
2262;57576725;01;55023;IMD0029;ESTRUTURA DE DADOS BÁSICAS I;2497950.0;60;2016;1;35M12 (01/02/2016 - 18/06/2016);CONSOLIDADA;40.0;59.0
2263;57576726;02;55023;IMD0029;ESTRUTURA DE DADOS BÁSICAS I;2276280.0;60;2016;1;35T12 (01/02/2016 - 18/06/2016);CONSOLIDADA;44.0;63.0
2264;57576727;03;55023;IMD0029;ESTRUTURA DE DADOS BÁSICAS I;2274774.0;60;2016;1;35N12 (01/02/2016 - 18/06/2016);CONSOLIDADA;44.0;86.0
2265;57576728;01;55024;IMD0030;LINGUAGEM DE PROGRAMAÇÃO I;2497950.0;60;2016;1;35M34 (01/02/2016 - 18/06/2016);CONSOLIDADA;41.0;60.0
2266;57576729;02;55024;IMD0030;LINGUAGEM DE PROGRAMAÇÃO I;2241425.0;60;2016;1;35T34 (01/02/2016 - 18/06/2016);CONSOLIDADA;43.0;67.0
2267;57576730;03;55024;IMD0030;LINGUAGEM DE PROGRAMAÇÃO I;2266415.0;60;2016;1;35N34 (01/02/2016 - 18/06/2016);CONSOLIDADA;43.0;77.0
2268;57576731;01;52664;IMD0033;PROBABILIDADE;1350250.0;60;2016;1;24M12 (01/02/2016 - 18/06/2016);CONSOLIDADA;60.0;69.0
2269;57576732;02;52664;IMD0033;PROBABILIDADE;2989758.0;60;2016;1;26N34 (01/02/2016 - 18/06/2016);CONSOLIDADA;60.0;18.0
2270;57576733;01;52665;IMD0034;VETORES E GEOMETRIA ANALÍTICA;2042579.0;60;2016;1;46M34 (01/02/2016 - 18/06/2016);CONSOLIDADA;60.0;54.0
2271;57576734;02;52665;IMD0034;VETORES E GEOMETRIA ANALÍTICA;2042579.0;60;2016;1;46T34 (01/02/2016 - 18/06/2016);CONSOLIDADA;60.0;52.0
2272;57576735;03;52665;IMD0034;VETORES E GEOMETRIA ANALÍTICA;2042579.0;60;2016;1;46N12 (01/02/2016 - 18/06/2016);CONSOLIDADA;63.0;64.0
2273;57576738;02;55025;IMD0038;FUNDAMENTOS MATEMÁTICOS DA COMPUTAÇÃO II;2251108.0;90;2016;1;246N34 (01/02/2016 - 18/06/2016);CONSOLIDADA;60.0;50.0
2274;57576741;01;55026;IMD0039;ESTRUTURAS DE DADOS BÁSICAS II;2859606.0;60;2016;1;35M12 (01/02/2016 - 18/06/2016);CONSOLIDADA;40.0;27.0
2275;57576745;02;55026;IMD0039;ESTRUTURAS DE DADOS BÁSICAS II;2170415.0;60;2016;1;35N12 (01/02/2016 - 18/06/2016);CONSOLIDADA;41.0;41.0
2276;57576747;01;55027;IMD0040;LINGUAGEM DE PROGRAMAÇÃO II;2276280.0;60;2016;1;35M34 (01/02/2016 - 18/06/2016);CONSOLIDADA;40.0;35.0
2277;57576748;02;55027;IMD0040;LINGUAGEM DE PROGRAMAÇÃO II;2241425.0;60;2016;1;35N34 (01/02/2016 - 18/06/2016);CONSOLIDADA;40.0;29.0
2278;57576752;01;55029;IMD0041;INTRODUÇÃO A ORGANIZAÇÃO E ARQUITETURA DE COMPUTADORES;2140727.0;60;2016;1;24N12 (01/02/2016 - 18/06/2016);CONSOLIDADA;60.0;40.0
2279;57576753;02;55029;IMD0041;INTRODUÇÃO A ORGANIZAÇÃO E ARQUITETURA DE COMPUTADORES;1882699.0;60;2016;1;35M56 (01/02/2016 - 18/06/2016);CONSOLIDADA;60.0;65.0
2280;57576754;01;55028;IMD0043;REDES DE COMPUTADORES;2467763.0;60;2016;1;3M1234 (01/02/2016 - 18/06/2016);EXCLUÍDA;40.0;
2281;57576755;02;55028;IMD0043;REDES DE COMPUTADORES;2266415.0;60;2016;1;35N12 (01/02/2016 - 18/06/2016);EXCLUÍDA;40.0;
2282;57576756;01;55036;IMD0319;TEORIA DE CIRCUITOS ELÉTRICOS;2140683.0;60;2016;1;35M56 (01/02/2016 - 18/06/2016);CONSOLIDADA;60.0;20.0
2283;57576757;01;55039;IMD0322;SISTEMAS DIGITAIS RECONFIGURÁVEIS;2244846.0;90;2016;1;246M56 (01/02/2016 - 18/06/2016);CONSOLIDADA;30.0;3.0
2284;57576759;01;55043;IMD0328;TÉCNICAS DE PROTOTIPAÇÃO E MONTAGEM DE CIRCUITOS E SISTEMAS ELETRÔNICOS;1157135.0;60;2016;1;24M56 (01/02/2016 - 18/06/2016);CONSOLIDADA;40.0;31.0
2285;57576760;01;52792;IMD0403;PROGRAMAÇÃO COM BANCO DE DADOS;4351681.0;60;2016;1;46N12 (01/02/2016 - 18/06/2016);CONSOLIDADA;30.0;5.0
2286;57576762;01;52685;IMD0405;FUNDAMENTOS DE SISTEMAS DE INFORMAÇÃO;2885481.0;60;2016;1;24N12 (01/02/2016 - 18/06/2016);CONSOLIDADA;60.0;42.0
2287;57576763;01;52684;IMD0408;PROCESSOS DE SOFTWARE;2274774.0;60;2016;1;46N34 (01/02/2016 - 18/06/2016);CONSOLIDADA;30.0;2.0
2288;57576765;01;52791;IMD0409;DESENVOLVIMENTO DE SISTEMAS WEB II;2180207.0;60;2016;1;35N12 (01/02/2016 - 18/06/2016);CONSOLIDADA;30.0;21.0
2289;57576767;01;61102;IMD0230;TÓPICOS ESPECIAIS EM SISTEMAS EMBARCADOS A;2140683.0;30;2016;1;35M34 (01/02/2016 - 18/06/2016);CONSOLIDADA;30.0;22.0
2290;57576767;01;61102;IMD0230;TÓPICOS ESPECIAIS EM SISTEMAS EMBARCADOS A;1284113.0;30;2016;1;35M34 (01/02/2016 - 18/06/2016);CONSOLIDADA;30.0;22.0
2291;57576769;01;52672;IMD0308;SISTEMAS EMBARCADOS DE TEMPO REAL;2244846.0;60;2016;1;24M34 (01/02/2016 - 18/06/2016);CONSOLIDADA;40.0;4.0
2292;57576771;01;52673;IMD0309;INSTRUMENTAÇÃO ELETROELETRÔNICA;2143852.0;60;2016;1;35M34 (01/02/2016 - 18/06/2016);EXCLUÍDA;40.0;0.0
2293;57576780;01;55083;IMD0423;DESIGN DE SOFTWARE I;2245086.0;90;2016;1;345N34 (01/02/2016 - 18/06/2016);CONSOLIDADA;60.0;15.0
2294;57576781;01;52686;IMD0415;GESTÃO DE INFRAESTRUTURA DE TI;2278573.0;60;2016;1;35N34 (01/02/2016 - 18/06/2016);CONSOLIDADA;30.0;27.0
2295;57576782;01;52687;IMD0416;SEGURANÇA DA INFORMAÇÃO;2885481.0;60;2016;1;24N34 (01/02/2016 - 18/06/2016);CONSOLIDADA;30.0;11.0
2296;57576784;01;52796;IMD0414;SISTEMA DE INFORMAÇÃO DISTRIBUÍDO;2278805.0;60;2016;1;24N12 (01/02/2016 - 18/06/2016);CONSOLIDADA;30.0;2.0
2297;57576785;01;52692;IMD0504;RELAÇÕES ENTRE COMUNICAÇÃO, MÍDIA E EDUCAÇÃO;2164809.0;60;2016;1;35T56 (01/02/2016 - 18/06/2016);CONSOLIDADA;60.0;31.0
2298;57576786;01;52694;IMD0506;SISTEMAS COLABORATIVOS DE APOIO À APRENDIZAGEM;2292448.0;60;2016;1;35N12 (01/02/2016 - 18/06/2016);CONSOLIDADA;30.0;27.0
2299;57576787;01;52699;IMD0512;AVALIAÇÃO DA INTERAÇÃO HUMANO-COMPUTADOR;1976579.0;60;2016;1;24T56 (01/02/2016 - 18/06/2016);CONSOLIDADA;30.0;23.0
2300;57576788;01;55055;IMD0517;FUNDAMENTOS PEDAGÓGICOS PARA A INFORMÁTICA EDUCACIONAL I;2292448.0;60;2016;1;35N34 (01/02/2016 - 18/06/2016);CONSOLIDADA;30.0;10.0
2301;57576789;01;52693;IMD0505;DESIGN DA INTERAÇÃO HUMANO-COMPUTADOR;1976579.0;60;2016;1;24N12 (01/02/2016 - 18/06/2016);CONSOLIDADA;30.0;16.0
2302;57576791;01;61109;IMD0260;TÓPICOS ESPECIAIS EM BIOINFORMÁTICA A;2170415.0;60;2016;1;35T56 (01/02/2016 - 18/06/2016);CONSOLIDADA;40.0;14.0
2303;57576792;01;61116;IMD0270;TÓPICOS ESPECIAIS EM REDES DE COMPUTADORES A;2467763.0;60;2016;1;4M1234 (01/02/2016 - 18/06/2016);CONSOLIDADA;30.0;15.0
2304;57576793;01;61129;IMD0701;ADMINISTRAÇÃO DE SISTEMAS OPERACIONAIS PARA REDES;1054235.0;60;2016;1;35N12 (01/02/2016 - 18/06/2016);EXCLUÍDA;40.0;
2305;57576800;01;61131;IMD1000;TREINAMENTO BÁSICO PARA COMPETIÇÕES DE PROGRAMAÇÃO;1363515.0;90;2016;1;4M3456 6M12 (01/02/2016 - 18/06/2016);EXCLUÍDA;30.0;
2306;57576820;01;52788;IMD0412;INTRODUÇÃO AO TESTE DE SOFTWARE;1671962.0;60;2016;1;35T56 (01/02/2016 - 18/06/2016);EXCLUÍDA;30.0;
2307;57579347;02;2054904;DIM0501;BOAS PRÁTICAS DE PROGRAMAÇÃO;2278805.0;30;2016;1;4T56;CONSOLIDADA;50.0;49.0
2308;57579348;02;2054911;DIM0507;TESTE DE SOFTWARE I;1671962.0;60;2016;1;35T56;CONSOLIDADA;40.0;31.0
2309;57579349;01;2054915;DIM0512;TESTE DE SOFTWARE II;1709820.0;60;2016;1;35T12;CONSOLIDADA;30.0;11.0
2310;57579350;01;2054952;DIM0536;TÓPICOS ESPECIAIS EM ENGENHARIA DE SOFTWARE VI;1356585.0;60;2016;1;35T12;CONSOLIDADA;30.0;8.0
2311;57579367;01;61132;IMD0822;PROJETO DE INOVAÇÃO TECNOLÓGICA;2978747.0;30;2016;1;6T3456 (01/02/2016 - 18/06/2016);CONSOLIDADA;40.0;15.0
2312;57579367;01;61132;IMD0822;PROJETO DE INOVAÇÃO TECNOLÓGICA;2645969.0;30;2016;1;6T3456 (01/02/2016 - 18/06/2016);CONSOLIDADA;40.0;15.0
2313;57579395;06;55020;IMD0018;PRÁTICAS DE LEITURA EM INGLÊS;1066675.0;30;2016;1;5N12 (01/02/2016 - 16/04/2016), 7M12 (17/04/2016 - 23/04/2016),  5N12 (24/04/2016 - 18/06/2016);CONSOLIDADA;93.0;10.0
2314;57579396;06;55082;IMD0020;TECNOLOGIA DA INFORMAÇÃO E SOCIEDADE;2278510.0;30;2016;1;5N12 (01/02/2016 - 16/04/2016), 7M12 (17/04/2016 - 23/04/2016),  5N12 (24/04/2016 - 18/06/2016);CONSOLIDADA;70.0;6.0
2315;57579417;02;61129;IMD0701;ADMINISTRAÇÃO DE SISTEMAS OPERACIONAIS PARA REDES;1054235.0;60;2016;1;35N34 (01/02/2016 - 18/06/2016);EXCLUÍDA;40.0;
2316;57579434;02A;52538;IMD0011.1;LABORATÓRIO DE CIRCUITOS LÓGICOS;1694485.0;30;2016;1;6M12 (01/02/2016 - 18/06/2016);CONSOLIDADA;40.0;29.0
2317;57579583;01;52973;DIM0605;PROJETO E ANÁLISE DE ALGORITMOS;1988053.0;60;2016;1;24T34 (01/02/2016 - 18/06/2016);CONSOLIDADA;40.0;9.0
2318;57579587;03;55025;IMD0038;FUNDAMENTOS MATEMÁTICOS DA COMPUTAÇÃO II;1345816.0;90;2016;1;246M34 (01/02/2016 - 18/06/2016);CONSOLIDADA;32.0;32.0
2319;57579588;04;55025;IMD0038;FUNDAMENTOS MATEMÁTICOS DA COMPUTAÇÃO II;2278403.0;90;2016;1;246M34 (01/02/2016 - 18/06/2016);CONSOLIDADA;35.0;53.0
2320;57579942;01;61130;IMD0705;PRINCÍPIOS DE LEGISLAÇÃO APLICÁVEIS À TECNOLOGIA DA INFORMAÇÃO E COMUNICAÇÃO DE DADOS;2266415.0;30;2016;1;4N34 (01/02/2016 - 18/06/2016);CONSOLIDADA;60.0;43.0
2321;57580099;03;61129;IMD0701;ADMINISTRAÇÃO DE SISTEMAS OPERACIONAIS PARA REDES;1054235.0;60;2016;1;35N34 (01/02/2016 - 18/06/2016);CONSOLIDADA;30.0;45.0
2322;57580100;03;55028;IMD0043;REDES DE COMPUTADORES;2467763.0;60;2016;1;3M1234 (01/02/2016 - 18/06/2016);CONSOLIDADA;30.0;1.0
2323;57580101;04;55028;IMD0043;REDES DE COMPUTADORES;2266415.0;60;2016;1;35N12 (01/02/2016 - 18/06/2016);CONSOLIDADA;32.0;36.0
2324;57580890;02;52673;IMD0309;INSTRUMENTAÇÃO ELETROELETRÔNICA;2143852.0;60;2016;1;35M56 (01/02/2016 - 18/06/2016);CONSOLIDADA;40.0;1.0
2325;57624957;01;2054915;DIM0512;TESTE DE SOFTWARE II;1709820.0;60;2018;2;24T34;CONSOLIDADA;40.0;30.0
2326;57626931;01;21790;DIM0438;REDES DE COMPUTADORES;1699087.0;60;2018;2;35T56;CONSOLIDADA;40.0;41.0
2327;57626932;01;2054904;DIM0501;BOAS PRÁTICAS DE PROGRAMAÇÃO;2510306.0;30;2018;2;4T12;CONSOLIDADA;40.0;55.0
2328;57626933;01;2054906;DIM0504;ANÁLISE E PROJETO ORIENTADO A OBJETOS;1356585.0;60;2018;2;35T34;CONSOLIDADA;40.0;26.0
2329;57626935;01;2054912;DIM0508;PROJETO DE INTERFACES DE USUÁRIO;1149392.0;60;2018;2;35T12;CONSOLIDADA;40.0;52.0
2330;57626937;01;2054905;DIM0505;LÓGICA APLICADA A ENGENHARIA DE SOFTWARE;1639701.0;60;2018;2;24T34;CONSOLIDADA;30.0;26.0
2331;57626941;01;52870;DIM0547;DESENVOLVIMENTO DE SISTEMAS WEB II;1644456.0;40;2018;2;24T12 (30/07/2018 - 22/12/2018);CONSOLIDADA;40.0;23.0
2332;57626941;01;52870;DIM0547;DESENVOLVIMENTO DE SISTEMAS WEB II;1961108.0;20;2018;2;24T12 (30/07/2018 - 22/12/2018);CONSOLIDADA;40.0;23.0
2333;57626945;01;66373;DIM0124;PROGRAMAÇÃO CONCORRENTE;1678918.0;60;2018;2;35T34 (30/07/2018 - 22/12/2018);CONSOLIDADA;40.0;17.0
2334;57628332;01;52651;IMD0012.0;INTRODUÇÃO ÀS TÉCNICAS DE PROGRAMAÇÃO;1278805.0;20;2018;2;26M34 (30/07/2018 - 22/12/2018);CONSOLIDADA;40.0;126.0
2335;57628332;01;52651;IMD0012.0;INTRODUÇÃO ÀS TÉCNICAS DE PROGRAMAÇÃO;1885001.0;40;2018;2;26M34 (30/07/2018 - 22/12/2018);CONSOLIDADA;40.0;126.0
2336;57628333;01;52652;IMD0012.1;PRÁTICAS DE TÉCNICAS DE PROGRAMAÇÃO;1885001.0;20;2018;2;4M34 (30/07/2018 - 22/12/2018);CONSOLIDADA;40.0;127.0
2337;57628333;01;52652;IMD0012.1;PRÁTICAS DE TÉCNICAS DE PROGRAMAÇÃO;1278805.0;10;2018;2;4M34 (30/07/2018 - 22/12/2018);CONSOLIDADA;40.0;127.0
2338;57628334;02;52651;IMD0012.0;INTRODUÇÃO ÀS TÉCNICAS DE PROGRAMAÇÃO;2278573.0;60;2018;2;26N12 (30/07/2018 - 22/12/2018);CONSOLIDADA;40.0;61.0
2339;57628335;02;52652;IMD0012.1;PRÁTICAS DE TÉCNICAS DE PROGRAMAÇÃO;2278573.0;30;2018;2;4N12 (30/07/2018 - 22/12/2018);CONSOLIDADA;40.0;59.0
2340;57628337;03;52651;IMD0012.0;INTRODUÇÃO ÀS TÉCNICAS DE PROGRAMAÇÃO;2244846.0;60;2018;2;26N12 (30/07/2018 - 22/12/2018);CONSOLIDADA;40.0;48.0
2341;57628339;03;52652;IMD0012.1;PRÁTICAS DE TÉCNICAS DE PROGRAMAÇÃO;2244846.0;30;2018;2;4N12 (30/07/2018 - 22/12/2018);CONSOLIDADA;40.0;48.0
2342;57628340;04;52651;IMD0012.0;INTRODUÇÃO ÀS TÉCNICAS DE PROGRAMAÇÃO;2244846.0;60;2018;2;26N34 (30/07/2018 - 22/12/2018);CONSOLIDADA;40.0;42.0
2343;57628341;04;52652;IMD0012.1;PRÁTICAS DE TÉCNICAS DE PROGRAMAÇÃO;2278573.0;30;2018;2;4N34 (30/07/2018 - 22/12/2018);CONSOLIDADA;40.0;45.0
2344;57628344;01;55019;IMD0017;PRÁTICAS DE LEITURA E ESCRITA EM PORTUGUÊS I;2916579.0;30;2018;2;5T34 (30/07/2018 - 22/12/2018);CONSOLIDADA;50.0;5.0
2345;57628345;02;55019;IMD0017;PRÁTICAS DE LEITURA E ESCRITA EM PORTUGUÊS I;2916579.0;30;2018;2;5N12 (30/07/2018 - 22/12/2018);CONSOLIDADA;50.0;11.0
2346;57628346;01;55020;IMD0018;PRÁTICAS DE LEITURA EM INGLÊS;2507598.0;30;2018;2;3N12 (30/07/2018 - 22/12/2018);CONSOLIDADA;65.0;33.0
2347;57628347;02;55020;IMD0018;PRÁTICAS DE LEITURA EM INGLÊS;2507598.0;30;2018;2;3N34 (30/07/2018 - 22/12/2018);CONSOLIDADA;65.0;43.0
2348;57628348;01;55082;IMD0020;TECNOLOGIA DA INFORMAÇÃO E SOCIEDADE;2451906.0;30;2018;2;3T34 (30/07/2018 - 22/12/2018);EXCLUÍDA;50.0;0.0
2349;57628349;02;55082;IMD0020;TECNOLOGIA DA INFORMAÇÃO E SOCIEDADE;2451906.0;15;2018;2;3N12 (30/07/2018 - 22/12/2018);CONSOLIDADA;50.0;16.0
2350;57628349;02;55082;IMD0020;TECNOLOGIA DA INFORMAÇÃO E SOCIEDADE;2164809.0;15;2018;2;3N12 (30/07/2018 - 22/12/2018);CONSOLIDADA;50.0;16.0
2351;57628351;01;52662;IMD0024;CÁLCULO DIFERENCIAL E INTEGRAL I;1739507.0;90;2018;2;246M56 (30/07/2018 - 22/12/2018);CONSOLIDADA;66.0;106.0
2352;57628353;02;52662;IMD0024;CÁLCULO DIFERENCIAL E INTEGRAL I;4857233.0;90;2018;2;246M56 (30/07/2018 - 22/12/2018);CONSOLIDADA;65.0;33.0
2353;57628354;03;52662;IMD0024;CÁLCULO DIFERENCIAL E INTEGRAL I;1739507.0;90;2018;2;246T12 (30/07/2018 - 22/12/2018);CONSOLIDADA;66.0;82.0
2354;57628355;04;52662;IMD0024;CÁLCULO DIFERENCIAL E INTEGRAL I;3693180.0;90;2018;2;246N12 (30/07/2018 - 22/12/2018);CONSOLIDADA;65.0;31.0
2355;57628356;05;52662;IMD0024;CÁLCULO DIFERENCIAL E INTEGRAL I;3693180.0;90;2018;2;246N34 (30/07/2018 - 22/12/2018);CONSOLIDADA;65.0;19.0
2356;57628357;01;55021;IMD0027;PRÁTICAS DE LEITURA E ESCRITA EM PORTUGUÊS II;2981295.0;30;2018;2;3M12 (30/07/2018 - 22/12/2018);CONSOLIDADA;65.0;68.0
2357;57628359;02;55021;IMD0027;PRÁTICAS DE LEITURA E ESCRITA EM PORTUGUÊS II;2981295.0;30;2018;2;3M34 (30/07/2018 - 22/12/2018);CONSOLIDADA;65.0;48.0
2358;57628360;03;55021;IMD0027;PRÁTICAS DE LEITURA E ESCRITA EM PORTUGUÊS II;2916579.0;30;2018;2;3T34 (30/07/2018 - 22/12/2018);CONSOLIDADA;65.0;51.0
2359;57628361;04;55021;IMD0027;PRÁTICAS DE LEITURA E ESCRITA EM PORTUGUÊS II;2916579.0;30;2018;2;3T56 (30/07/2018 - 22/12/2018);CONSOLIDADA;65.0;10.0
2360;57628362;05;55021;IMD0027;PRÁTICAS DE LEITURA E ESCRITA EM PORTUGUÊS II;2981295.0;30;2018;2;5N12 (30/07/2018 - 22/12/2018);CONSOLIDADA;65.0;27.0
2361;57628364;06;55021;IMD0027;PRÁTICAS DE LEITURA E ESCRITA EM PORTUGUÊS II;2981295.0;30;2018;2;5N34 (30/07/2018 - 22/12/2018);CONSOLIDADA;65.0;69.0
2362;57628365;01;55022;IMD0028;FUNDAMENTOS MATEMÁTICOS DA COMPUTAÇÃO I;5686308.0;90;2018;2;246M12 (30/07/2018 - 22/12/2018);CONSOLIDADA;67.0;66.0
2363;57628366;02;55022;IMD0028;FUNDAMENTOS MATEMÁTICOS DA COMPUTAÇÃO I;5686308.0;30;2018;2;246M34 (30/07/2018 - 22/12/2018);CONSOLIDADA;67.0;77.0
2364;57628366;02;55022;IMD0028;FUNDAMENTOS MATEMÁTICOS DA COMPUTAÇÃO I;1739507.0;60;2018;2;246M34 (30/07/2018 - 22/12/2018);CONSOLIDADA;67.0;77.0
2365;57628368;03;55022;IMD0028;FUNDAMENTOS MATEMÁTICOS DA COMPUTAÇÃO I;2989758.0;90;2018;2;246T56 (30/07/2018 - 22/12/2018);CONSOLIDADA;65.0;45.0
2366;57628371;04;55022;IMD0028;FUNDAMENTOS MATEMÁTICOS DA COMPUTAÇÃO I;5686308.0;90;2018;2;246N12 (30/07/2018 - 22/12/2018);CONSOLIDADA;65.0;64.0
2367;57628372;05;55022;IMD0028;FUNDAMENTOS MATEMÁTICOS DA COMPUTAÇÃO I;5686308.0;90;2018;2;246N34 (30/07/2018 - 22/12/2018);CONSOLIDADA;65.0;65.0
2368;57628373;01;55023;IMD0029;ESTRUTURA DE DADOS BÁSICAS I;2276280.0;60;2018;2;35T12 (30/07/2018 - 22/12/2018);CONSOLIDADA;65.0;58.0
2369;57628374;02;55023;IMD0029;ESTRUTURA DE DADOS BÁSICAS I;2274774.0;60;2018;2;35N12 (30/07/2018 - 22/12/2018);CONSOLIDADA;40.0;46.0
2370;57628377;01;55024;IMD0030;LINGUAGEM DE PROGRAMAÇÃO I;2266415.0;60;2018;2;35N34 (30/07/2018 - 22/12/2018);CONSOLIDADA;40.0;73.0
2371;57628378;01;52664;IMD0033;PROBABILIDADE;1350250.0;60;2018;2;35M34 (30/07/2018 - 22/12/2018);CONSOLIDADA;65.0;32.0
2372;57628379;02;52664;IMD0033;PROBABILIDADE;2885532.0;60;2018;2;35T34 (30/07/2018 - 22/12/2018);CONSOLIDADA;30.0;58.0
2373;57628380;03;52664;IMD0033;PROBABILIDADE;3063244.0;60;2018;2;35N34 (30/07/2018 - 22/12/2018);CONSOLIDADA;40.0;28.0
2374;57628381;01;52665;IMD0034;VETORES E GEOMETRIA ANALÍTICA;2042579.0;60;2018;2;35M12 (30/07/2018 - 22/12/2018);CONSOLIDADA;65.0;22.0
2375;57628382;02;52665;IMD0034;VETORES E GEOMETRIA ANALÍTICA;2042579.0;60;2018;2;35M34 (30/07/2018 - 22/12/2018);CONSOLIDADA;65.0;68.0
2376;57628384;03;52665;IMD0034;VETORES E GEOMETRIA ANALÍTICA;2042579.0;60;2018;2;35T12 (30/07/2018 - 22/12/2018);CONSOLIDADA;65.0;43.0
2377;57628386;04;52665;IMD0034;VETORES E GEOMETRIA ANALÍTICA;3049192.0;60;2018;2;35N12 (30/07/2018 - 22/12/2018);CONSOLIDADA;67.0;106.0
2378;57628390;05;52665;IMD0034;VETORES E GEOMETRIA ANALÍTICA;1739507.0;60;2018;2;35N34 (30/07/2018 - 22/12/2018);CONSOLIDADA;65.0;49.0
2379;57628392;01;52666;IMD0036;SISTEMAS OPERACIONAIS;2140727.0;60;2018;2;35T34 (30/07/2018 - 22/12/2018);CONSOLIDADA;40.0;29.0
2380;57628396;02;52666;IMD0036;SISTEMAS OPERACIONAIS;2140727.0;60;2018;2;35N12 (30/07/2018 - 22/12/2018);EXCLUÍDA;40.0;0.0
2381;57628404;01;55025;IMD0038;FUNDAMENTOS MATEMÁTICOS DA COMPUTAÇÃO II;2278403.0;90;2018;2;246N12 (30/07/2018 - 22/12/2018);CONSOLIDADA;65.0;52.0
2382;57628407;01;55026;IMD0039;ESTRUTURAS DE DADOS BÁSICAS II;2170415.0;60;2018;2;35N34 (30/07/2018 - 22/12/2018);EXCLUÍDA;65.0;0.0
2383;57628412;01;55027;IMD0040;LINGUAGEM DE PROGRAMAÇÃO II;1542998.0;60;2018;2;35M12 (30/07/2018 - 22/12/2018);CONSOLIDADA;40.0;29.0
2384;57628413;02;55027;IMD0040;LINGUAGEM DE PROGRAMAÇÃO II;4351681.0;60;2018;2;24N34 (30/07/2018 - 22/12/2018);CONSOLIDADA;40.0;28.0
2385;57628418;01;52790;IMD0401;BANCO DE DADOS;4351681.0;60;2018;2;24N12 (30/07/2018 - 22/12/2018);CONSOLIDADA;30.0;53.0
2386;57628424;01;52789;IMD0404;DESENVOLVIMENTO DE SISTEMAS WEB I;1278805.0;20;2018;2;35N12 (30/07/2018 - 22/12/2018);CONSOLIDADA;30.0;66.0
2387;57628424;01;52789;IMD0404;DESENVOLVIMENTO DE SISTEMAS WEB I;1885001.0;40;2018;2;35N12 (30/07/2018 - 22/12/2018);CONSOLIDADA;30.0;66.0
2388;57628427;01;52683;IMD0407;DESIGN DE SOFTWARE II;2510306.0;60;2018;2;24N12 (30/07/2018 - 22/12/2018);CONSOLIDADA;30.0;42.0
2389;57628429;01;52681;IMD0411;INTRODUÇÃO À GOVERNANÇA E GESTÃO DE TI;2885481.0;60;2018;2;24N12 (30/07/2018 - 22/12/2018);CONSOLIDADA;60.0;26.0
2390;57628431;01;52788;IMD0412;INTRODUÇÃO AO TESTE DE SOFTWARE;2274774.0;60;2018;2;35N34 (30/07/2018 - 22/12/2018);CONSOLIDADA;30.0;22.0
2391;57628433;01;52698;IMD0511;INTELIGÊNCIA ARTIFICIAL APLICADA À EDUCAÇÃO;2978747.0;30;2018;2;35T56 (30/07/2018 - 22/12/2018);CONSOLIDADA;40.0;71.0
2392;57628433;01;52698;IMD0511;INTELIGÊNCIA ARTIFICIAL APLICADA À EDUCAÇÃO;2451906.0;30;2018;2;35T56 (30/07/2018 - 22/12/2018);CONSOLIDADA;40.0;71.0
2393;57628434;01;52699;IMD0512;AVALIAÇÃO DA INTERAÇÃO HUMANO-COMPUTADOR;1976579.0;60;2018;2;24N34 (30/07/2018 - 22/12/2018);CONSOLIDADA;32.0;34.0
2394;57628435;01;52700;IMD0513;EMPREENDEDORISMO;2885481.0;60;2018;2;24T56 (30/07/2018 - 22/12/2018);CONSOLIDADA;69.0;106.0
2395;57628436;01;55060;IMD0522;JOGOS DIGITAIS COMO FERRAMENTA PEDAGÓGICA;1363515.0;30;2018;2;24T56 (30/07/2018 - 22/12/2018);CONSOLIDADA;40.0;33.0
2396;57628436;01;55060;IMD0522;JOGOS DIGITAIS COMO FERRAMENTA PEDAGÓGICA;2978747.0;30;2018;2;24T56 (30/07/2018 - 22/12/2018);CONSOLIDADA;40.0;33.0
2397;57628437;01;62886;IMD0702;SERVIÇOS DE REDE E TRANSPORTE;1231792.0;60;2018;2;35N34 (30/07/2018 - 22/12/2018);CONSOLIDADA;40.0;65.0
2398;57628439;01;62887;IMD0703;SEGURANÇA DE REDES;2266415.0;60;2018;2;35N12 (30/07/2018 - 22/12/2018);CONSOLIDADA;40.0;90.0
2399;57628441;01;62888;IMD0704;ADMINISTRAÇÃO DE SERVIÇOS DE REDES PARA INTERNET;1231792.0;60;2018;2;35N12 (30/07/2018 - 22/12/2018);CONSOLIDADA;40.0;54.0
2400;57628442;01;66441;IMD1001;MATEMÁTICA ELEMENTAR;4857233.0;60;2018;2;35T12 (30/07/2018 - 22/12/2018);CONSOLIDADA;65.0;51.0
2401;57628443;02;66441;IMD1001;MATEMÁTICA ELEMENTAR;3049192.0;60;2018;2;24N34 (30/07/2018 - 22/12/2018);CONSOLIDADA;65.0;37.0
2402;57628446;01;66436;IMD1002;ANÁLISE COMBINATÓRIA;2989758.0;30;2018;2;2T34 (30/07/2018 - 22/12/2018);CONSOLIDADA;65.0;68.0
2403;57628448;02;66436;IMD1002;ANÁLISE COMBINATÓRIA;3049192.0;30;2018;2;5N34 (30/07/2018 - 22/12/2018);CONSOLIDADA;65.0;38.0
2404;57628451;01;66438;IMD1003;GEOMETRIA EUCLIDIANA;4857233.0;30;2018;2;4T34 (30/07/2018 - 22/12/2018);CONSOLIDADA;65.0;65.0
2405;57628452;02;66438;IMD1003;GEOMETRIA EUCLIDIANA;3049192.0;30;2018;2;3N34 (30/07/2018 - 22/12/2018);CONSOLIDADA;66.0;73.0
2406;57628453;01;66440;IMD1004;PENSAMENTO COMPUTACIONAL;1976579.0;60;2018;2;24T56 (30/07/2018 - 22/12/2018);CONSOLIDADA;43.0;45.0
2407;57628455;02;66440;IMD1004;PENSAMENTO COMPUTACIONAL;1231792.0;60;2018;2;24N12 (30/07/2018 - 22/12/2018);CONSOLIDADA;40.0;36.0
2408;57628468;02;55026;IMD0039;ESTRUTURAS DE DADOS BÁSICAS II;2859562.0;60;2018;2;46M34 (30/07/2018 - 22/12/2018);CONSOLIDADA;30.0;40.0
2409;57628471;03;55027;IMD0040;LINGUAGEM DE PROGRAMAÇÃO II;2859562.0;60;2018;2;46M56 (30/07/2018 - 22/12/2018);CONSOLIDADA;30.0;43.0
2410;57628473;01;55038;IMD0321;PROJETOS BASEADOS EM MICROCONTROLADORES;2244846.0;60;2018;2;24N34 (30/07/2018 - 22/12/2018);EXCLUÍDA;40.0;5.0
2411;57628475;01;66482;IMD0605;SEMINÁRIOS EM BIOINFORMÁTICA;2170415.0;15;2018;2;4M56 (30/07/2018 - 22/12/2018);CONSOLIDADA;60.0;26.0
2412;57628475;01;66482;IMD0605;SEMINÁRIOS EM BIOINFORMÁTICA;3063244.0;15;2018;2;4M56 (30/07/2018 - 22/12/2018);CONSOLIDADA;60.0;26.0
2413;57628476;01;65102;IMD0801;MECÂNICAS E BALANCEAMENTO DE JOGOS;1013173.0;60;2018;2;24T12 (30/07/2018 - 22/12/2018);EXCLUÍDA;40.0;0.0
2414;57628486;01;55061;IMD0602;FERRAMENTAS PARA ANÁLISE DE SEQUÊNCIAS;2170415.0;15;2018;2;35T56 (30/07/2018 - 22/12/2018);CONSOLIDADA;30.0;8.0
2415;57628486;01;55061;IMD0602;FERRAMENTAS PARA ANÁLISE DE SEQUÊNCIAS;3063244.0;45;2018;2;35T56 (30/07/2018 - 22/12/2018);CONSOLIDADA;30.0;8.0
2416;57628490;01;61110;IMD0261;TÓPICOS ESPECIAIS EM BIOINFORMÁTICA B;2276280.0;60;2018;2;35M56 (30/07/2018 - 22/12/2018);CONSOLIDADA;30.0;27.0
2417;57629534;01;64730;DIM0114;BANCO DE DADOS;2195240.0;60;2018;2;24M34 (30/07/2018 - 22/12/2018);CONSOLIDADA;30.0;18.0
2418;57630065;01;21083;DIM0346;GERENCIAMENTO E SEGURANCA EM REDES DE COMPUTADORES;1525670.0;60;2018;2;35T34;CONSOLIDADA;40.0;14.0
2419;57630068;01;2040700;DIM0490;TÓPICOS ESPECIAIS EM COMPUTAÇÃO XI;1671962.0;30;2018;2;24T12;EXCLUÍDA;25.0;0.0
2420;57630068;01;2040700;DIM0490;TÓPICOS ESPECIAIS EM COMPUTAÇÃO XI;1172485.0;30;2018;2;24T12;EXCLUÍDA;25.0;0.0
2421;57630071;01;2054917;DIM0514;ARQUITETURA DE SOFTWARE;2316877.0;30;2018;2;35T34;CONSOLIDADA;30.0;23.0
2422;57630071;01;2054917;DIM0514;ARQUITETURA DE SOFTWARE;1213777.0;30;2018;2;35T34;CONSOLIDADA;30.0;23.0
2423;57630073;01;2054916;DIM0519;QUALIDADE DE SOFTWARE;1149561.0;60;2018;2;35M56;CONSOLIDADA;15.0;3.0
2424;57630075;02;2054916;DIM0519;QUALIDADE DE SOFTWARE;1149561.0;60;2018;2;35T34;EXCLUÍDA;15.0;0.0
2425;57630078;01;2054927;DIM0524;DESENVOLVIMENTO DE SISTEMAS PARA DISPOSITIVOS MÓVEIS;3241425.0;60;2018;2;35T56;CONSOLIDADA;41.0;65.0
2426;57630079;01;2054931;DIM0532;TÓPICOS ESPECIAIS EM ENGENHARIA DE SOFTWARE II;2314662.0;10;2018;2;24T34;CONSOLIDADA;30.0;40.0
2427;57630079;01;2054931;DIM0532;TÓPICOS ESPECIAIS EM ENGENHARIA DE SOFTWARE II;2140866.0;30;2018;2;24T34;CONSOLIDADA;30.0;40.0
2428;57630079;01;2054931;DIM0532;TÓPICOS ESPECIAIS EM ENGENHARIA DE SOFTWARE II;1961108.0;20;2018;2;24T34;CONSOLIDADA;30.0;40.0
2429;57630080;01;2054953;DIM0537;TÓPICOS ESPECIAIS EM ENGENHARIA DE SOFTWARE VII;1754430.0;60;2018;2;35T12;EXCLUÍDA;30.0;0.0
2430;57630082;01;52813;DIM0548;ENGENHARIA DE LINGUAGENS;1495704.0;60;2018;2;35M34 (30/07/2018 - 22/12/2018);CONSOLIDADA;30.0;5.0
2431;57630083;01;52866;DIM0549;GRAFOS;2859606.0;60;2018;2;35T12 (30/07/2018 - 22/12/2018);CONSOLIDADA;60.0;56.0
2432;57630093;01;2054920;DIM0590;PROPOSTA DE TRABALHO DE CONCLUSÃO DE CURSO;6350797.0;30;2018;2;6T34;CONSOLIDADA;20.0;11.0
2433;57630101;01;55371;DIM0614;PROGRAMAÇÃO DISTRIBUÍDA;2316877.0;30;2018;2;35M34 (30/07/2018 - 22/12/2018);CONSOLIDADA;40.0;40.0
2434;57630101;01;55371;DIM0614;PROGRAMAÇÃO DISTRIBUÍDA;1678918.0;30;2018;2;35M34 (30/07/2018 - 22/12/2018);CONSOLIDADA;40.0;40.0
2435;57630148;01;64732;DIM0117;ESTRUTURAS DE DADOS BÁSICAS II;2859606.0;60;2018;2;35M34 (30/07/2018 - 22/12/2018);CONSOLIDADA;40.0;28.0
2436;57630149;01;64786;DIM0119;ESTRUTURA DE DADOS BÁSICAS I;2497950.0;60;2018;2;35M12 (30/07/2018 - 22/12/2018);CONSOLIDADA;40.0;29.0
2437;57630155;01;21771;DIM0431;ORGANIZACAO E ARQUITETURA DE COMPUTADORES;1694485.0;60;2018;2;24M34;CONSOLIDADA;30.0;20.0
2438;57630156;01;21787;DIM0436;ESPECIFICACAO E VERIFICACAO DE PROGRAMAS;1221251.0;30;2018;2;24M56;CONSOLIDADA;50.0;12.0
2439;57630156;01;21787;DIM0436;ESPECIFICACAO E VERIFICACAO DE PROGRAMAS;1709820.0;30;2018;2;24M56;CONSOLIDADA;50.0;12.0
2440;57630158;01;40134;DIM0443;INTERACAO HUMANO-COMPUTADOR;1356585.0;60;2018;2;35M56;CONSOLIDADA;25.0;5.0
2441;57630159;01;2040950;DIM0451;COMPUTAÇÃO GRÁFICA I;2929823.0;60;2018;2;35M12;CONSOLIDADA;25.0;17.0
2442;57630160;01;52971;DIM0600;PROJETO DE SOFTWARE;1644456.0;60;2018;2;35M56 (30/07/2018 - 22/12/2018);CONSOLIDADA;25.0;34.0
2443;57630162;01;52972;DIM0601;FUNDAMENTOS MATEMÁTICOS DA COMPUTAÇÃO III;1517271.0;90;2018;2;246M34 (30/07/2018 - 22/12/2018);CONSOLIDADA;60.0;17.0
2444;57630164;01;52973;DIM0605;PROJETO E ANÁLISE DE ALGORITMOS;1201268.0;60;2018;2;35M12 (30/07/2018 - 22/12/2018);CONSOLIDADA;50.0;13.0
2445;57630166;01;52974;DIM0606;LINGUAGENS FORMAIS E AUTÔMATOS;1988053.0;60;2018;2;24M56 (30/07/2018 - 22/12/2018);CONSOLIDADA;50.0;29.0
2446;57630167;01;52990;DIM0611;COMPILADORES;1221251.0;90;2018;2;2M1234 4M34 (30/07/2018 - 22/12/2018);CONSOLIDADA;40.0;14.0
2447;57630169;01;55370;DIM0613;INTELIGENCIA ARTIFICIAL;1350250.0;60;2018;2;35M56 (30/07/2018 - 22/12/2018);CONSOLIDADA;50.0;9.0
2448;57630171;01;55372;DIM0616;SISTEMAS EMBARCADOS;1882699.0;60;2018;2;35M34 (30/07/2018 - 22/12/2018);CONSOLIDADA;25.0;6.0
2449;57630177;01;55327;DIM0615.0;PROJETO DE SISTEMAS OPERACIONAIS;6350797.0;60;2018;2;24M56 (30/07/2018 - 22/12/2018);CONSOLIDADA;20.0;11.0
2450;57630178;01;55328;DIM0615.1;LABORATORIO DE PROJETO DE SISTEMAS OPERACIONAIS;6350797.0;30;2018;2;6M56 (30/07/2018 - 22/12/2018);CONSOLIDADA;20.0;11.0
2451;57630179;01;64787;DIM0120;LINGUAGEM DE PROGRAMAÇÃO I;2497950.0;60;2018;2;35M34 (30/07/2018 - 22/12/2018);CONSOLIDADA;40.0;41.0
2452;57630181;02;64787;DIM0120;LINGUAGEM DE PROGRAMAÇÃO I;2497950.0;60;2018;2;35M56 (30/07/2018 - 22/12/2018);CONSOLIDADA;40.0;41.0
2453;57630182;01;64788;DIM0121;FUNDAMENTOS MATEMÁTICOS DA COMPUTAÇÃO II;2278403.0;30;2018;2;246T34 (30/07/2018 - 22/12/2018);CONSOLIDADA;65.0;36.0
2454;57630182;01;64788;DIM0121;FUNDAMENTOS MATEMÁTICOS DA COMPUTAÇÃO II;2251108.0;60;2018;2;246T34 (30/07/2018 - 22/12/2018);CONSOLIDADA;65.0;36.0
2455;57630183;01;64784;DIM0118.0;INTRODUÇÃO ÀS TÉCNICAS DE PROGRAMAÇÃO;2524467.0;60;2018;2;26M12 (30/07/2018 - 22/12/2018);EXCLUÍDA;40.0;0.0
2456;57630184;02;64784;DIM0118.0;INTRODUÇÃO ÀS TÉCNICAS DE PROGRAMAÇÃO;1363515.0;60;2018;2;26T34 (30/07/2018 - 22/12/2018);EXCLUÍDA;40.0;0.0
2457;57630185;03;64784;DIM0118.0;INTRODUÇÃO ÀS TÉCNICAS DE PROGRAMAÇÃO;2929823.0;60;2018;2;26T56 (30/07/2018 - 22/12/2018);EXCLUÍDA;40.0;0.0
2458;57630186;01;64785;DIM0118.1;PRÁTICAS DE TÉCNICAS DE PROGRAMAÇÃO;2524467.0;30;2018;2;4M12 (30/07/2018 - 22/12/2018);EXCLUÍDA;40.0;0.0
2459;57630187;02;64785;DIM0118.1;PRÁTICAS DE TÉCNICAS DE PROGRAMAÇÃO;1363515.0;30;2018;2;4T34 (30/07/2018 - 22/12/2018);EXCLUÍDA;40.0;0.0
2460;57630188;03;64785;DIM0118.1;PRÁTICAS DE TÉCNICAS DE PROGRAMAÇÃO;2929823.0;30;2018;2;4T56 (30/07/2018 - 22/12/2018);EXCLUÍDA;40.0;0.0
2461;57630189;01;25248;DIM0103;INTRODUCAO A INFORMATICA;6350518.0;60;2018;2;35T56;CONSOLIDADA;40.0;69.0
2462;57630190;01;21747;DIM0104;SOFTWARES APLICATIVOS;6350518.0;60;2018;2;24T12;CONSOLIDADA;40.0;27.0
2463;57630191;01;56874;DIM0113;INTRODUÇÃO AOS MÉTODOS NUMÉRICOS;3096045.0;60;2018;2;7M2345;CONSOLIDADA;13.0;
2464;57630192;01;21759;DIM0439;TEORIA DA COMPUTACAO;1345816.0;60;2018;2;24M12;CONSOLIDADA;80.0;32.0
2465;57630193;01;21753;DIM0321;LINGUAGENS DE PROGRAMAÇÃO;1754430.0;60;2018;2;35T34;CONSOLIDADA;40.0;18.0
2466;57630194;02;21753;DIM0321;LINGUAGENS DE PROGRAMAÇÃO;1671962.0;20;2018;2;35M56;CONSOLIDADA;40.0;30.0
2467;57630194;02;21753;DIM0321;LINGUAGENS DE PROGRAMAÇÃO;3096045.0;40;2018;2;35M56;CONSOLIDADA;40.0;30.0
2468;57630195;03;21753;DIM0321;LINGUAGENS DE PROGRAMAÇÃO;6350518.0;60;2018;2;35M56;EXCLUÍDA;40.0;0.0
2469;57630196;01;25247;DIM0320;ALGORITMO E PROGRAMACAO DE COMPUTADORES;3096045.0;60;2018;2;35T12;CONSOLIDADA;36.0;17.0
2470;57630197;02;25247;DIM0320;ALGORITMO E PROGRAMACAO DE COMPUTADORES;6350518.0;39;2018;2;35T12;CONSOLIDADA;40.0;28.0
2471;57630197;02;25247;DIM0320;ALGORITMO E PROGRAMACAO DE COMPUTADORES;1671962.0;21;2018;2;35T12;CONSOLIDADA;40.0;28.0
2472;57630198;03;25247;DIM0320;ALGORITMO E PROGRAMACAO DE COMPUTADORES;1671962.0;20;2018;2;35M12;CONSOLIDADA;40.0;21.0
2473;57630198;03;25247;DIM0320;ALGORITMO E PROGRAMACAO DE COMPUTADORES;3096045.0;40;2018;2;35M12;CONSOLIDADA;40.0;21.0
2474;57630199;04;25247;DIM0320;ALGORITMO E PROGRAMACAO DE COMPUTADORES;1495704.0;60;2018;2;35M56;CONSOLIDADA;21.0;21.0
2475;57630550;03;52666;IMD0036;SISTEMAS OPERACIONAIS;2140727.0;60;2018;2;35N34 (30/07/2018 - 22/12/2018);CONSOLIDADA;30.0;15.0
2476;57630551;03;55026;IMD0039;ESTRUTURAS DE DADOS BÁSICAS II;2170415.0;60;2018;2;35N12 (30/07/2018 - 22/12/2018);CONSOLIDADA;40.0;47.0
2477;57630902;01;64923;DIM0122;TECNOLOGIA DA INFORMAÇÃO NA SAÚDE;6350797.0;30;2018;2;24T56;CONSOLIDADA;20.0;6.0
2478;57630902;01;64923;DIM0122;TECNOLOGIA DA INFORMAÇÃO NA SAÚDE;2374822.0;30;2018;2;24T56;CONSOLIDADA;20.0;6.0
2479;57630911;04;64784;DIM0118.0;INTRODUÇÃO ÀS TÉCNICAS DE PROGRAMAÇÃO;2929823.0;60;2018;2;26M56 (30/07/2018 - 22/12/2018);EXCLUÍDA;40.0;0.0
2480;57630912;04;64785;DIM0118.1;PRÁTICAS DE TÉCNICAS DE PROGRAMAÇÃO;2929823.0;30;2018;2;4M56 (30/07/2018 - 22/12/2018);EXCLUÍDA;40.0;0.0
2481;57630914;02;65102;IMD0801;MECÂNICAS E BALANCEAMENTO DE JOGOS;1013173.0;60;2018;2;3M3456 (30/07/2018 - 22/12/2018);CONSOLIDADA;40.0;48.0
2482;57631026;01;68476;IMD0212;INGLÊS NÍVEL BÁSICO;1066675.0;60;2018;2;35T34 (30/07/2018 - 22/12/2018);CONSOLIDADA;20.0;64.0
2483;57631027;02;68476;IMD0212;INGLÊS NÍVEL BÁSICO;1066675.0;60;2018;2;35N12 (30/07/2018 - 22/12/2018);CONSOLIDADA;20.0;51.0
2484;57631028;01;68479;IMD0530;SOFTWARE LIVRE, EDUCAÇÃO E CULTURA;2178446.0;60;2018;2;24N34 (30/07/2018 - 22/12/2018);CONSOLIDADA;40.0;71.0
2485;57631032;01;68482;IMD0531;PRÁTICAS EDUCACIONAIS INOVADORAS COM TECNOLOGIAS DIGITAIS;2178446.0;45;2018;2;35N34 (30/07/2018 - 22/12/2018);CONSOLIDADA;40.0;41.0
2486;57631032;01;68482;IMD0531;PRÁTICAS EDUCACIONAIS INOVADORAS COM TECNOLOGIAS DIGITAIS;2164809.0;15;2018;2;35N34 (30/07/2018 - 22/12/2018);CONSOLIDADA;40.0;41.0
2487;57631035;01;68478;IMD0803;JOGOS SÉRIOS E SIMULAÇÕES;2140866.0;60;2018;2;35T34 (30/07/2018 - 22/12/2018);CONSOLIDADA;40.0;33.0
2488;57631036;01;68510;IMD0821;TÉCNICAS AVANÇADAS PARA MOTORES DE JOGOS DIGITAIS;1969071.0;60;2018;2;35T12 (30/07/2018 - 22/12/2018);CONSOLIDADA;40.0;11.0
2489;57631037;01;68477;IMD0905;CIÊNCIA DE DADOS I;2885532.0;60;2018;2;24T12 (30/07/2018 - 22/12/2018);CONSOLIDADA;40.0;70.0
2490;57631038;01;68133;DIM0126;INTELIGÊNCIA ARTIFICIAL PARA JOGOS I;1363515.0;30;2018;2;24M56;CONSOLIDADA;40.0;23.0
2491;57631038;01;68133;DIM0126;INTELIGÊNCIA ARTIFICIAL PARA JOGOS I;2978747.0;30;2018;2;24M56;CONSOLIDADA;40.0;23.0
2492;57631041;01;55084;IMD0523;TECNOLOGIAS EDUCACIONAIS;2451906.0;60;2018;2;24T56 (30/07/2018 - 22/12/2018);CONSOLIDADA;60.0;50.0
2493;57631042;01;56269;IMD0044;PRÁTICAS DE LEITURA E ESCRITA EM INGLÊS;2507598.0;60;2018;2;5T3456 (30/07/2018 - 22/12/2018);CONSOLIDADA;25.0;31.0
2494;57631725;05;52651;IMD0012.0;INTRODUÇÃO ÀS TÉCNICAS DE PROGRAMAÇÃO;2524467.0;60;2018;2;26M12 (30/07/2018 - 22/12/2018);CONSOLIDADA;40.0;29.0
2495;57631727;05;52652;IMD0012.1;PRÁTICAS DE TÉCNICAS DE PROGRAMAÇÃO;2524467.0;30;2018;2;4M12 (30/07/2018 - 22/12/2018);CONSOLIDADA;40.0;29.0
2496;57631728;06;52651;IMD0012.0;INTRODUÇÃO ÀS TÉCNICAS DE PROGRAMAÇÃO;6350518.0;30;2018;2;26T34 (30/07/2018 - 22/12/2018);CONSOLIDADA;40.0;33.0
2497;57631728;06;52651;IMD0012.0;INTRODUÇÃO ÀS TÉCNICAS DE PROGRAMAÇÃO;1363515.0;30;2018;2;26T34 (30/07/2018 - 22/12/2018);CONSOLIDADA;40.0;33.0
2498;57631729;06;52652;IMD0012.1;PRÁTICAS DE TÉCNICAS DE PROGRAMAÇÃO;1363515.0;15;2018;2;4T34 (30/07/2018 - 22/12/2018);CONSOLIDADA;40.0;31.0
2499;57631729;06;52652;IMD0012.1;PRÁTICAS DE TÉCNICAS DE PROGRAMAÇÃO;6350518.0;15;2018;2;4T34 (30/07/2018 - 22/12/2018);CONSOLIDADA;40.0;31.0
2500;57631730;07;52651;IMD0012.0;INTRODUÇÃO ÀS TÉCNICAS DE PROGRAMAÇÃO;2929823.0;60;2018;2;26M56 (30/07/2018 - 22/12/2018);CONSOLIDADA;40.0;32.0
2501;57631732;07;52652;IMD0012.1;PRÁTICAS DE TÉCNICAS DE PROGRAMAÇÃO;2929823.0;30;2018;2;4M56 (30/07/2018 - 22/12/2018);CONSOLIDADA;40.0;32.0
2502;57631892;02;55038;IMD0321;PROJETOS BASEADOS EM MICROCONTROLADORES;2244846.0;60;2018;2;35N12 (30/07/2018 - 22/12/2018);EXCLUÍDA;20.0;3.0
2503;57631903;02;25248;DIM0103;INTRODUCAO A INFORMATICA;6350518.0;60;2018;2;35M56;EXCLUÍDA;25.0;0.0
2504;57606915;01;2022854;DIM0109.0;CIRCUITOS LÓGICOS;6350797.0;60;2017;2;24M56;CONSOLIDADA;30.0;26.0
2505;57606916;01;2022855;DIM0109.1;LABORATÓRIO DE CIRCUITOS LÓGICOS;6350797.0;30;2017;2;6M56;CONSOLIDADA;30.0;26.0
2506;57606917;01;64923;DIM0122;TECNOLOGIA DA INFORMAÇÃO NA SAÚDE;6350797.0;60;2017;2;24T56;CONSOLIDADA;20.0;4.0
2507;57606918;01;21764;DIM0410;TREINAMENTO PARA COMPETICOES DE PROGRAMACAO;2929823.0;15;2017;2;6T3456;CONSOLIDADA;25.0;23.0
2508;57606918;01;21764;DIM0410;TREINAMENTO PARA COMPETICOES DE PROGRAMACAO;1845280.0;15;2017;2;6T3456;CONSOLIDADA;25.0;23.0
2509;57606918;01;21764;DIM0410;TREINAMENTO PARA COMPETICOES DE PROGRAMACAO;1988053.0;30;2017;2;6T3456;CONSOLIDADA;25.0;23.0
2510;57606919;01;21771;DIM0431;ORGANIZACAO E ARQUITETURA DE COMPUTADORES;1694485.0;60;2017;2;24M34;CONSOLIDADA;50.0;19.0
2511;57606921;01;40134;DIM0443;INTERACAO HUMANO-COMPUTADOR;1356585.0;60;2017;2;35T12;CONSOLIDADA;30.0;14.0
2512;57606922;01;2040707;DIM0448;QUALIDADE DE SOFTWARE;1149561.0;60;2017;2;35M34;CONSOLIDADA;50.0;7.0
2513;57606923;01;2040950;DIM0451;COMPUTAÇÃO GRÁFICA I;2497950.0;60;2017;2;35M34;CONSOLIDADA;30.0;26.0
2514;57606924;01;2040700;DIM0490;TÓPICOS ESPECIAIS EM COMPUTAÇÃO XI;1699087.0;60;2017;2;35T34;EXCLUÍDA;50.0;0.0
2515;57606925;01;2054904;DIM0501;BOAS PRÁTICAS DE PROGRAMAÇÃO;2316877.0;30;2017;2;2T34;CONSOLIDADA;30.0;48.0
2516;57606926;01;2054906;DIM0504;ANÁLISE E PROJETO ORIENTADO A OBJETOS;1356585.0;60;2017;2;35T34;CONSOLIDADA;30.0;29.0
2517;57606927;01;2054905;DIM0505;LÓGICA APLICADA A ENGENHARIA DE SOFTWARE;1639701.0;60;2017;2;24T12;CONSOLIDADA;30.0;22.0
2518;57606928;01;2054912;DIM0508;PROJETO DE INTERFACES DE USUÁRIO;1149392.0;60;2017;2;24T12;CONSOLIDADA;40.0;85.0
2519;57606929;01;2054915;DIM0512;TESTE DE SOFTWARE II;1709820.0;60;2017;2;35T34;CONSOLIDADA;40.0;9.0
2520;57606930;01;2054917;DIM0514;ARQUITETURA DE SOFTWARE;1149392.0;30;2017;2;35M56;CONSOLIDADA;40.0;22.0
2521;57606930;01;2054917;DIM0514;ARQUITETURA DE SOFTWARE;1213777.0;30;2017;2;35M56;CONSOLIDADA;40.0;22.0
2522;57606932;01;2054923;DIM0520;MODELAGEM DE PROCESSOS DE NEGÓCIO;1671962.0;60;2017;2;35T34;CONSOLIDADA;30.0;17.0
2523;57606934;01;2054927;DIM0524;DESENVOLVIMENTO DE SISTEMAS PARA DISPOSITIVOS MÓVEIS;;60;2017;2;35T12;CONSOLIDADA;40.0;70.0
2524;57606934;01;2054927;DIM0524;DESENVOLVIMENTO DE SISTEMAS PARA DISPOSITIVOS MÓVEIS;1802737.0;60;2017;2;35T12;CONSOLIDADA;40.0;70.0
2525;57606935;01;2054930;DIM0531;TÓPICOS ESPECIAIS EM ENGENHARIA DE SOFTWARE I;2510306.0;60;2017;2;35M34;CONSOLIDADA;30.0;23.0
2526;57606936;01;2054932;DIM0533;TÓPICOS ESPECIAIS EM ENGENHARIA DE SOFTWARE III;1961108.0;60;2017;2;35T12;CONSOLIDADA;30.0;32.0
2527;57606937;01;2054954;DIM0538;TÓPICOS ESPECIAIS EM ENGENHARIA DE SOFTWARE VIII;2195240.0;60;2017;2;24T34;CONSOLIDADA;60.0;17.0
2528;57606938;01;52870;DIM0547;DESENVOLVIMENTO DE SISTEMAS WEB II;1961108.0;60;2017;2;35T34 (24/07/2017 - 16/12/2017);CONSOLIDADA;30.0;34.0
2529;57606939;01;52866;DIM0549;GRAFOS;1988053.0;60;2017;2;24T34 (24/07/2017 - 16/12/2017);CONSOLIDADA;60.0;38.0
2530;57606940;01;2054920;DIM0590;PROPOSTA DE TRABALHO DE CONCLUSÃO DE CURSO;1221251.0;30;2017;2;3T56;CONSOLIDADA;60.0;12.0
2531;57606941;01;52971;DIM0600;PROJETO DE SOFTWARE;1644456.0;60;2017;2;24M56 (24/07/2017 - 16/12/2017);CONSOLIDADA;30.0;28.0
2532;57606942;01;52972;DIM0601;FUNDAMENTOS MATEMÁTICOS DA COMPUTAÇÃO III;2251108.0;60;2017;2;246M56 (24/07/2017 - 16/12/2017);CONSOLIDADA;40.0;11.0
2533;57606942;01;52972;DIM0601;FUNDAMENTOS MATEMÁTICOS DA COMPUTAÇÃO III;1345816.0;30;2017;2;246M56 (24/07/2017 - 16/12/2017);CONSOLIDADA;40.0;11.0
2534;57606943;01;52973;DIM0605;PROJETO E ANÁLISE DE ALGORITMOS;1201268.0;60;2017;2;35M12 (24/07/2017 - 16/12/2017);CONSOLIDADA;50.0;15.0
2535;57606944;01;52974;DIM0606;LINGUAGENS FORMAIS E AUTÔMATOS;2212166.0;60;2017;2;35M56 (24/07/2017 - 16/12/2017);CONSOLIDADA;50.0;31.0
2536;57606945;01;55369;DIM0612;PROGRAMAÇÃO CONCORRENTE;2316877.0;60;2017;2;24T56 (24/07/2017 - 16/12/2017);CONSOLIDADA;30.0;32.0
2537;57606946;01;55372;DIM0616;SISTEMAS EMBARCADOS;1882699.0;60;2017;2;24M34 (24/07/2017 - 16/12/2017);CONSOLIDADA;50.0;18.0
2538;57606947;01;25248;DIM0103;INTRODUCAO A INFORMATICA;6350518.0;60;2017;2;35T12;CONSOLIDADA;40.0;30.0
2539;57606948;01;21747;DIM0104;SOFTWARES APLICATIVOS;3096045.0;60;2017;2;24T12;CONSOLIDADA;40.0;12.0
2540;57606949;01;2022901;DIM0111.0;ALGORITMOS E ESTRUTURAS DE DADOS II;2929823.0;60;2017;2;24M34;CONSOLIDADA;40.0;7.0
2541;57606950;01;2022902;DIM0111.1;PRÁTICA DE ALGORITMOS E ESTRUTURAS DE DADOS II;2497950.0;30;2017;2;4T34;CONSOLIDADA;40.0;8.0
2542;57606951;01;25247;DIM0320;ALGORITMO E PROGRAMACAO DE COMPUTADORES;3096045.0;60;2017;2;35T12;CONSOLIDADA;50.0;29.0
2543;57606955;03;25247;DIM0320;ALGORITMO E PROGRAMACAO DE COMPUTADORES;3096045.0;60;2017;2;35M56;CONSOLIDADA;50.0;26.0
2544;57606956;04;25247;DIM0320;ALGORITMO E PROGRAMACAO DE COMPUTADORES;6350518.0;60;2017;2;35M12;CONSOLIDADA;50.0;19.0
2545;57606957;01;21753;DIM0321;LINGUAGENS DE PROGRAMAÇÃO;1699087.0;60;2017;2;35M56;CONSOLIDADA;40.0;42.0
2546;57606959;03;21753;DIM0321;LINGUAGENS DE PROGRAMAÇÃO;1754430.0;60;2017;2;35T34;CONSOLIDADA;40.0;23.0
2547;57606960;01;21759;DIM0439;TEORIA DA COMPUTACAO;1221251.0;60;2017;2;35T12;CONSOLIDADA;50.0;75.0
2548;57608376;01;55019;IMD0017;PRÁTICAS DE LEITURA E ESCRITA EM PORTUGUÊS I;2916579.0;30;2017;2;5N34 (24/07/2017 - 16/12/2017);CONSOLIDADA;60.0;22.0
2549;57608377;01;55031;IMD0019;RESOLUÇÃO DE PROBLEMAS MATEMÁTICOS PARA TI;2978747.0;30;2017;2;246M3456 (24/07/2017 - 16/12/2017);CONSOLIDADA;65.0;65.0
2550;57608377;01;55031;IMD0019;RESOLUÇÃO DE PROBLEMAS MATEMÁTICOS PARA TI;1495851.0;50;2017;2;246M3456 (24/07/2017 - 16/12/2017);CONSOLIDADA;65.0;65.0
2551;57608377;01;55031;IMD0019;RESOLUÇÃO DE PROBLEMAS MATEMÁTICOS PARA TI;1739507.0;100;2017;2;246M3456 (24/07/2017 - 16/12/2017);CONSOLIDADA;65.0;65.0
2552;57608378;02;55031;IMD0019;RESOLUÇÃO DE PROBLEMAS MATEMÁTICOS PARA TI;2278573.0;30;2017;2;246N1234 (24/07/2017 - 16/12/2017);CONSOLIDADA;67.0;71.0
2553;57608378;02;55031;IMD0019;RESOLUÇÃO DE PROBLEMAS MATEMÁTICOS PARA TI;3049192.0;150;2017;2;246N1234 (24/07/2017 - 16/12/2017);CONSOLIDADA;67.0;71.0
2554;57608379;01;55082;IMD0020;TECNOLOGIA DA INFORMAÇÃO E SOCIEDADE;2451906.0;15;2017;2;3N34 (24/07/2017 - 16/12/2017);CONSOLIDADA;60.0;26.0
2555;57608379;01;55082;IMD0020;TECNOLOGIA DA INFORMAÇÃO E SOCIEDADE;2164809.0;15;2017;2;3N34 (24/07/2017 - 16/12/2017);CONSOLIDADA;60.0;26.0
2556;57608380;01;52651;IMD0012.0;INTRODUÇÃO ÀS TÉCNICAS DE PROGRAMAÇÃO;2524467.0;60;2017;2;24M12 (24/07/2017 - 16/12/2017);CONSOLIDADA;40.0;79.0
2557;57608381;02;52651;IMD0012.0;INTRODUÇÃO ÀS TÉCNICAS DE PROGRAMAÇÃO;2929823.0;60;2017;2;24M56 (24/07/2017 - 16/12/2017);CONSOLIDADA;40.0;26.0
2558;57608382;03;52651;IMD0012.0;INTRODUÇÃO ÀS TÉCNICAS DE PROGRAMAÇÃO;1885001.0;60;2017;2;24T12 (24/07/2017 - 16/12/2017);CONSOLIDADA;41.0;42.0
2559;57608383;04;52651;IMD0012.0;INTRODUÇÃO ÀS TÉCNICAS DE PROGRAMAÇÃO;2244846.0;15;2017;2;24T34 (24/07/2017 - 16/12/2017);CONSOLIDADA;40.0;41.0
2560;57608383;04;52651;IMD0012.0;INTRODUÇÃO ÀS TÉCNICAS DE PROGRAMAÇÃO;1969071.0;45;2017;2;24T34 (24/07/2017 - 16/12/2017);CONSOLIDADA;40.0;41.0
2561;57608384;05;52651;IMD0012.0;INTRODUÇÃO ÀS TÉCNICAS DE PROGRAMAÇÃO;1013173.0;60;2017;2;24N34 (24/07/2017 - 16/12/2017);CONSOLIDADA;43.0;65.0
2562;57608385;06;52651;IMD0012.0;INTRODUÇÃO ÀS TÉCNICAS DE PROGRAMAÇÃO;2278573.0;60;2017;2;24N12 (24/07/2017 - 16/12/2017);CONSOLIDADA;44.0;48.0
2563;57608386;01;52652;IMD0012.1;PRÁTICAS DE TÉCNICAS DE PROGRAMAÇÃO;2524467.0;30;2017;2;6M12 (24/07/2017 - 16/12/2017);CONSOLIDADA;40.0;81.0
2564;57608387;02;52652;IMD0012.1;PRÁTICAS DE TÉCNICAS DE PROGRAMAÇÃO;2929823.0;30;2017;2;6M56 (24/07/2017 - 16/12/2017);CONSOLIDADA;40.0;25.0
2565;57608388;03;52652;IMD0012.1;PRÁTICAS DE TÉCNICAS DE PROGRAMAÇÃO;1885001.0;30;2017;2;6T12 (24/07/2017 - 16/12/2017);CONSOLIDADA;41.0;41.0
2566;57608389;04;52652;IMD0012.1;PRÁTICAS DE TÉCNICAS DE PROGRAMAÇÃO;1969071.0;15;2017;2;6T34 (24/07/2017 - 16/12/2017);CONSOLIDADA;40.0;42.0
2567;57608389;04;52652;IMD0012.1;PRÁTICAS DE TÉCNICAS DE PROGRAMAÇÃO;2244846.0;15;2017;2;6T34 (24/07/2017 - 16/12/2017);CONSOLIDADA;40.0;42.0
2568;57608390;05;52652;IMD0012.1;PRÁTICAS DE TÉCNICAS DE PROGRAMAÇÃO;1013173.0;30;2017;2;6N34 (24/07/2017 - 16/12/2017);CONSOLIDADA;43.0;63.0
2569;57608391;06;52652;IMD0012.1;PRÁTICAS DE TÉCNICAS DE PROGRAMAÇÃO;2278573.0;30;2017;2;6N12 (24/07/2017 - 16/12/2017);CONSOLIDADA;41.0;50.0
2570;57608392;01;52662;IMD0024;CÁLCULO DIFERENCIAL E INTEGRAL I;4857233.0;90;2017;2;246T12 (24/07/2017 - 16/12/2017);EXCLUÍDA;65.0;0.0
2571;57608393;02;52662;IMD0024;CÁLCULO DIFERENCIAL E INTEGRAL I;4857233.0;90;2017;2;246M34 (24/07/2017 - 16/12/2017);CONSOLIDADA;68.0;117.0
2572;57608394;03;52662;IMD0024;CÁLCULO DIFERENCIAL E INTEGRAL I;1739507.0;90;2017;2;246N12 (24/07/2017 - 16/12/2017);CONSOLIDADA;65.0;21.0
2573;57608395;04;52662;IMD0024;CÁLCULO DIFERENCIAL E INTEGRAL I;5686308.0;90;2017;2;246N34 (24/07/2017 - 16/12/2017);CONSOLIDADA;65.0;32.0
2574;57608396;01;55021;IMD0027;PRÁTICAS DE LEITURA E ESCRITA EM PORTUGUÊS II;2981295.0;30;2017;2;3M12 (24/07/2017 - 16/12/2017);CONSOLIDADA;65.0;86.0
2575;57608397;02;55021;IMD0027;PRÁTICAS DE LEITURA E ESCRITA EM PORTUGUÊS II;2981295.0;30;2017;2;5M34 (24/07/2017 - 16/12/2017);CONSOLIDADA;60.0;46.0
2576;57608398;03;55021;IMD0027;PRÁTICAS DE LEITURA E ESCRITA EM PORTUGUÊS II;2916579.0;30;2017;2;3N34 (24/07/2017 - 16/12/2017);CONSOLIDADA;60.0;18.0
2577;57608399;04;55021;IMD0027;PRÁTICAS DE LEITURA E ESCRITA EM PORTUGUÊS II;2981295.0;30;2017;2;5N34 (24/07/2017 - 16/12/2017);CONSOLIDADA;60.0;59.0
2578;57608400;01;55022;IMD0028;FUNDAMENTOS MATEMÁTICOS DA COMPUTAÇÃO I;2989758.0;90;2017;2;246M34 (24/07/2017 - 16/12/2017);CONSOLIDADA;65.0;77.0
2579;57608401;02;55022;IMD0028;FUNDAMENTOS MATEMÁTICOS DA COMPUTAÇÃO I;2989758.0;90;2017;2;246M56 (24/07/2017 - 16/12/2017);CONSOLIDADA;67.0;131.0
2580;57608402;03;55022;IMD0028;FUNDAMENTOS MATEMÁTICOS DA COMPUTAÇÃO I;3693180.0;90;2017;2;246N12 (24/07/2017 - 16/12/2017);CONSOLIDADA;68.0;110.0
2581;57608403;04;55022;IMD0028;FUNDAMENTOS MATEMÁTICOS DA COMPUTAÇÃO I;3693180.0;90;2017;2;246N34 (24/07/2017 - 16/12/2017);CONSOLIDADA;65.0;64.0
2582;57608404;01;55023;IMD0029;ESTRUTURA DE DADOS BÁSICAS I;2497950.0;60;2017;2;35M12 (24/07/2017 - 16/12/2017);CONSOLIDADA;40.0;29.0
2583;57608405;01;52664;IMD0033;PROBABILIDADE;2885532.0;60;2017;2;35M56 (24/07/2017 - 16/12/2017);CONSOLIDADA;40.0;27.0
2584;57608406;02;55023;IMD0029;ESTRUTURA DE DADOS BÁSICAS I;2859562.0;60;2017;2;35N12 (24/07/2017 - 16/12/2017);CONSOLIDADA;40.0;31.0
2585;57608407;03;55023;IMD0029;ESTRUTURA DE DADOS BÁSICAS I;2274774.0;60;2017;2;35N34 (24/07/2017 - 16/12/2017);CONSOLIDADA;40.0;25.0
2586;57608408;01;55024;IMD0030;LINGUAGEM DE PROGRAMAÇÃO I;2266415.0;60;2017;2;35M34 (24/07/2017 - 16/12/2017);CONSOLIDADA;42.0;54.0
2587;57608409;02;55024;IMD0030;LINGUAGEM DE PROGRAMAÇÃO I;1495704.0;60;2017;2;35N12 (24/07/2017 - 16/12/2017);CONSOLIDADA;40.0;28.0
2588;57608410;03;55024;IMD0030;LINGUAGEM DE PROGRAMAÇÃO I;1495704.0;60;2017;2;35N34 (24/07/2017 - 16/12/2017);CONSOLIDADA;40.0;26.0
2589;57608411;02;52664;IMD0033;PROBABILIDADE;5686308.0;60;2017;2;35N12 (24/07/2017 - 16/12/2017);CONSOLIDADA;65.0;19.0
2590;57608412;01;52665;IMD0034;VETORES E GEOMETRIA ANALÍTICA;2042579.0;60;2017;2;35M34 (24/07/2017 - 16/12/2017);CONSOLIDADA;65.0;88.0
2591;57608413;02;52665;IMD0034;VETORES E GEOMETRIA ANALÍTICA;2042579.0;60;2017;2;35N12 (24/07/2017 - 16/12/2017);CONSOLIDADA;65.0;61.0
2592;57608414;03;52665;IMD0034;VETORES E GEOMETRIA ANALÍTICA;3049192.0;30;2017;2;35N34 (24/07/2017 - 16/12/2017);CONSOLIDADA;65.0;57.0
2593;57608414;03;52665;IMD0034;VETORES E GEOMETRIA ANALÍTICA;1739507.0;30;2017;2;35N34 (24/07/2017 - 16/12/2017);CONSOLIDADA;65.0;57.0
2594;57608415;01;55025;IMD0038;FUNDAMENTOS MATEMÁTICOS DA COMPUTAÇÃO II;2278403.0;60;2017;2;246T34 (24/07/2017 - 16/12/2017);CONSOLIDADA;65.0;32.0
2595;57608415;01;55025;IMD0038;FUNDAMENTOS MATEMÁTICOS DA COMPUTAÇÃO II;1345816.0;30;2017;2;246T34 (24/07/2017 - 16/12/2017);CONSOLIDADA;65.0;32.0
2596;57608416;02;55025;IMD0038;FUNDAMENTOS MATEMÁTICOS DA COMPUTAÇÃO II;2278403.0;90;2017;2;246N12 (24/07/2017 - 16/12/2017);CONSOLIDADA;65.0;40.0
2597;57608417;01;55026;IMD0039;ESTRUTURAS DE DADOS BÁSICAS II;2859606.0;60;2017;2;35M12 (24/07/2017 - 16/12/2017);CONSOLIDADA;40.0;33.0
2598;57608418;02;55026;IMD0039;ESTRUTURAS DE DADOS BÁSICAS II;2170415.0;60;2017;2;35N34 (24/07/2017 - 16/12/2017);CONSOLIDADA;40.0;38.0
2599;57608419;01;55027;IMD0040;LINGUAGEM DE PROGRAMAÇÃO II;4351681.0;8;2017;2;35M34 (24/07/2017 - 16/12/2017);CONSOLIDADA;40.0;35.0
2600;57608419;01;55027;IMD0040;LINGUAGEM DE PROGRAMAÇÃO II;1542998.0;30;2017;2;35M34 (24/07/2017 - 16/12/2017);CONSOLIDADA;40.0;35.0
2601;57608419;01;55027;IMD0040;LINGUAGEM DE PROGRAMAÇÃO II;2307580.0;22;2017;2;35M34 (24/07/2017 - 16/12/2017);CONSOLIDADA;40.0;35.0
2602;57608420;02;55027;IMD0040;LINGUAGEM DE PROGRAMAÇÃO II;1542998.0;10;2017;2;35N12 (24/07/2017 - 16/12/2017);CONSOLIDADA;40.0;30.0
2603;57608420;02;55027;IMD0040;LINGUAGEM DE PROGRAMAÇÃO II;2307580.0;50;2017;2;35N12 (24/07/2017 - 16/12/2017);CONSOLIDADA;40.0;30.0
2604;57608421;01;52666;IMD0036;SISTEMAS OPERACIONAIS;2244846.0;60;2017;2;24N12 (24/07/2017 - 16/12/2017);CONSOLIDADA;40.0;26.0
2605;57608422;01;52790;IMD0401;BANCO DE DADOS;2307580.0;52;2017;2;24N12 (24/07/2017 - 16/12/2017);CONSOLIDADA;40.0;23.0
2606;57608422;01;52790;IMD0401;BANCO DE DADOS;4351681.0;8;2017;2;24N12 (24/07/2017 - 16/12/2017);CONSOLIDADA;40.0;23.0
2607;57608423;01;52789;IMD0404;DESENVOLVIMENTO DE SISTEMAS WEB I;1949528.0;60;2017;2;35N34 (24/07/2017 - 16/12/2017);CONSOLIDADA;30.0;45.0
2608;57608424;01;52682;IMD0406;PROTOCOLO E SERVIÇOS DE INTERNET;1054235.0;30;2017;2;6N12 (24/07/2017 - 16/12/2017);CONSOLIDADA;40.0;14.0
2609;57608425;01;52683;IMD0407;DESIGN DE SOFTWARE II;2510306.0;60;2017;2;24N34 (24/07/2017 - 16/12/2017);CONSOLIDADA;30.0;20.0
2610;57608426;01;52681;IMD0411;INTRODUÇÃO À GOVERNANÇA E GESTÃO DE TI;2885481.0;60;2017;2;35N12 (24/07/2017 - 16/12/2017);CONSOLIDADA;60.0;19.0
2611;57608427;01;52795;IMD0410;PROGRAMAÇÃO CONCORRENTE E DISTRIBUÍDA;2316877.0;30;2017;2;24N12 (24/07/2017 - 16/12/2017);CONSOLIDADA;30.0;6.0
2612;57608427;01;52795;IMD0410;PROGRAMAÇÃO CONCORRENTE E DISTRIBUÍDA;2510306.0;30;2017;2;24N12 (24/07/2017 - 16/12/2017);CONSOLIDADA;30.0;6.0
2613;57608428;01;52788;IMD0412;INTRODUÇÃO AO TESTE DE SOFTWARE;2274774.0;60;2017;2;35N12 (24/07/2017 - 16/12/2017);CONSOLIDADA;30.0;25.0
2614;57608429;01;52692;IMD0504;RELAÇÕES ENTRE COMUNICAÇÃO, MÍDIA E EDUCAÇÃO;2164809.0;30;2017;2;35N12 (24/07/2017 - 16/12/2017);CONSOLIDADA;60.0;56.0
2615;57608429;01;52692;IMD0504;RELAÇÕES ENTRE COMUNICAÇÃO, MÍDIA E EDUCAÇÃO;1976579.0;30;2017;2;35N12 (24/07/2017 - 16/12/2017);CONSOLIDADA;60.0;56.0
2616;57608430;01;52690;IMD0502;PROCESSO DE DESENVOLVIMENTO DE SOFTWARE EDUCACIONAL;2245086.0;60;2017;2;35N34 (24/07/2017 - 16/12/2017);CONSOLIDADA;30.0;21.0
2617;57608431;01;55084;IMD0523;TECNOLOGIAS EDUCACIONAIS;2451906.0;60;2017;2;24N34 (24/07/2017 - 16/12/2017);CONSOLIDADA;40.0;40.0
2618;57608432;01;52697;IMD0510;ACESSIBILIDADE DIGITAL;1976579.0;60;2017;2;6M3456 (24/07/2017 - 16/12/2017);CONSOLIDADA;30.0;23.0
2619;57608433;01;55057;IMD0519;APRENDIZAGEM BASEADA EM PROJETOS;2451906.0;60;2017;2;24T56 (24/07/2017 - 16/12/2017);CONSOLIDADA;41.0;43.0
2620;57608434;01;52700;IMD0513;EMPREENDEDORISMO;2885481.0;60;2017;2;35N34 (24/07/2017 - 16/12/2017);CONSOLIDADA;63.0;67.0
2621;57608435;01;55060;IMD0522;JOGOS DIGITAIS COMO FERRAMENTA PEDAGÓGICA;2978747.0;60;2017;2;24T56 (24/07/2017 - 16/12/2017);CONSOLIDADA;44.0;57.0
2622;57608436;01;61084;IMD0251;TÓPICOS ESPECIAIS EM INFORMÁTICA EDUCACIONAL B;2178446.0;60;2017;2;24N34 (24/07/2017 - 16/12/2017);CONSOLIDADA;30.0;18.0
2623;57608437;01;61085;IMD0252;TÓPICOS ESPECIAIS EM INFORMÁTICA EDUCACIONAL C;2245086.0;60;2017;2;35T56 (24/07/2017 - 16/12/2017);CONSOLIDADA;41.0;57.0
2624;57608438;01;61086;IMD0253;TÓPICOS ESPECIAIS EM INFORMÁTICA EDUCACIONAL D;1976579.0;60;2017;2;35T56 (24/07/2017 - 16/12/2017);CONSOLIDADA;30.0;21.0
2625;57608439;02;52666;IMD0036;SISTEMAS OPERACIONAIS;2140727.0;60;2017;2;35M56 (24/07/2017 - 16/12/2017);CONSOLIDADA;40.0;39.0
2626;57608440;01;62886;IMD0702;SERVIÇOS DE REDE E TRANSPORTE;2467763.0;60;2017;2;35N12 (24/07/2017 - 16/12/2017);CONSOLIDADA;30.0;34.0
2627;57608441;01;62887;IMD0703;SEGURANÇA DE REDES;2266415.0;60;2017;2;24N12 (24/07/2017 - 16/12/2017);CONSOLIDADA;31.0;78.0
2628;57608442;01;62888;IMD0704;ADMINISTRAÇÃO DE SERVIÇOS DE REDES PARA INTERNET;1994173.0;60;2017;2;35N34 (24/07/2017 - 16/12/2017);CONSOLIDADA;30.0;36.0
2629;57608443;01;61118;IMD0272;TÓPICOS ESPECIAIS EM REDES DE COMPUTADORES C;1542998.0;60;2017;2;35T56 (24/07/2017 - 16/12/2017);CONSOLIDADA;20.0;9.0
2630;57608597;05;25247;DIM0320;ALGORITMO E PROGRAMACAO DE COMPUTADORES;6350518.0;60;2017;2;35N12;CONSOLIDADA;40.0;29.0
2631;57608598;01;52975;DIM0610;LÓGICA COMPUTACIONAL;1345816.0;30;2017;2;24T12 (24/07/2017 - 16/12/2017);CONSOLIDADA;25.0;4.0
2632;57608598;01;52975;DIM0610;LÓGICA COMPUTACIONAL;2251108.0;15;2017;2;24T12 (24/07/2017 - 16/12/2017);CONSOLIDADA;25.0;4.0
2633;57608598;01;52975;DIM0610;LÓGICA COMPUTACIONAL;2212166.0;15;2017;2;24T12 (24/07/2017 - 16/12/2017);CONSOLIDADA;25.0;4.0
2634;57608681;04;55024;IMD0030;LINGUAGEM DE PROGRAMAÇÃO I;2859562.0;60;2017;2;35M34 (24/07/2017 - 16/12/2017);CONSOLIDADA;42.0;48.0
2635;57608683;04;55023;IMD0029;ESTRUTURA DE DADOS BÁSICAS I;2276280.0;60;2017;2;35M56 (24/07/2017 - 16/12/2017);CONSOLIDADA;41.0;48.0
2636;57608687;05;55021;IMD0027;PRÁTICAS DE LEITURA E ESCRITA EM PORTUGUÊS II;2981295.0;30;2017;2;3M34 (24/07/2017 - 16/12/2017);CONSOLIDADA;40.0;33.0
2637;57608689;04;52665;IMD0034;VETORES E GEOMETRIA ANALÍTICA;2042579.0;60;2017;2;35M12 (24/07/2017 - 16/12/2017);CONSOLIDADA;65.0;39.0
2638;57608691;01;55049;IMD0335;TÓPICOS ESPECIAIS I;2916579.0;60;2017;2;35T56 (24/07/2017 - 16/12/2017);CONSOLIDADA;40.0;39.0
2639;57609025;02;52790;IMD0401;BANCO DE DADOS;2195240.0;60;2017;2;24M34 (24/07/2017 - 16/12/2017);CONSOLIDADA;40.0;12.0
2640;57609278;05;52662;IMD0024;CÁLCULO DIFERENCIAL E INTEGRAL I;4857233.0;90;2017;2;246T56 (24/07/2017 - 16/12/2017);CONSOLIDADA;66.0;73.0
2641;57609283;05;55022;IMD0028;FUNDAMENTOS MATEMÁTICOS DA COMPUTAÇÃO I;1988053.0;90;2017;2;246T12 (24/07/2017 - 16/12/2017);CONSOLIDADA;65.0;39.0
2642;57609285;01;55028;IMD0043;REDES DE COMPUTADORES;2467763.0;60;2017;2;2M1234 (24/07/2017 - 16/12/2017);CONSOLIDADA;41.0;43.0
2643;57609287;01;55038;IMD0321;PROJETOS BASEADOS EM MICROCONTROLADORES;2143852.0;60;2017;2;24T12 (24/07/2017 - 16/12/2017);CONSOLIDADA;20.0;7.0
2644;57609290;01;55040;IMD0320;CIRCUITOS ELETRÔNICOS;2974721.0;90;2017;2;246T34 (24/07/2017 - 16/12/2017);EXCLUÍDA;20.0;2.0
2645;57609293;01;52673;IMD0309;INSTRUMENTAÇÃO ELETROELETRÔNICA;2974721.0;60;2017;2;24T56 (24/07/2017 - 16/12/2017);EXCLUÍDA;20.0;1.0
2646;57609571;01;55061;IMD0602;FERRAMENTAS PARA ANÁLISE DE SEQUÊNCIAS;2170415.0;30;2017;2;35T1234 (24/07/2017 - 30/09/2017);CONSOLIDADA;40.0;11.0
2647;57609571;01;55061;IMD0602;FERRAMENTAS PARA ANÁLISE DE SEQUÊNCIAS;2276280.0;30;2017;2;35T1234 (24/07/2017 - 30/09/2017);CONSOLIDADA;40.0;11.0
2648;57609572;01;55062;IMD0603;TECNOLOGIAS EM LARGA ESCALA I;1939184.0;60;2017;2;2T1234 (24/07/2017 - 16/12/2017);CONSOLIDADA;30.0;8.0
2649;57609574;01;65101;IMD0712;GERÊNCIA DE REDES;1994173.0;60;2017;2;35N12 (24/07/2017 - 16/12/2017);CONSOLIDADA;30.0;21.0
2650;57609576;01;65102;IMD0801;MECÂNICAS E BALANCEAMENTO DE JOGOS;1013173.0;60;2017;2;24T34 (24/07/2017 - 16/12/2017);CONSOLIDADA;43.0;90.0
2651;57609577;01;65103;IMD0920;TECNOLOGIA DA INFORMAÇÃO NA SAÚDE;2244846.0;30;2017;2;24T56 (24/07/2017 - 16/12/2017);CONSOLIDADA;30.0;24.0
2652;57609577;01;65103;IMD0920;TECNOLOGIA DA INFORMAÇÃO NA SAÚDE;1885001.0;30;2017;2;24T56 (24/07/2017 - 16/12/2017);CONSOLIDADA;30.0;24.0
2653;57611551;01;61105;IMD0233;TÓPICOS ESPECIAIS EM SISTEMAS EMBARCADOS D;2974721.0;60;2017;2;24T56 (24/07/2017 - 16/12/2017);CONSOLIDADA;20.0;16.0
2654;57676807;01;23499;DIM0040;CALCULO NUMERICO;2929823.0;90;2021;1;246M12;CONSOLIDADA;35.0;18.0
2655;57676808;01;64732;DIM0117;ESTRUTURAS DE DADOS BÁSICAS II;2859606.0;60;2021;1;35M34 (07/06/2021 - 18/09/2021);CONSOLIDADA;30.0;16.0
2656;57676809;01;64786;DIM0119;ESTRUTURA DE DADOS BÁSICAS I;2497950.0;60;2021;1;35M34 (07/06/2021 - 18/09/2021);CONSOLIDADA;30.0;22.0
2657;57676810;01;64787;DIM0120;LINGUAGEM DE PROGRAMAÇÃO I;2497950.0;60;2021;1;35M56 (07/06/2021 - 18/09/2021);CONSOLIDADA;30.0;23.0
2658;57676811;01;66368;DIM0123;PENSAMENTO COMPUTACIONAL;1671962.0;60;2021;1;24T12 (07/06/2021 - 18/09/2021);CONSOLIDADA;70.0;3.0
2659;57676812;02;66368;DIM0123;PENSAMENTO COMPUTACIONAL;1671962.0;60;2021;1;24T34 (07/06/2021 - 18/09/2021);CONSOLIDADA;70.0;1.0
2660;57676813;01;64788;DIM0121;FUNDAMENTOS MATEMÁTICOS DA COMPUTAÇÃO II;1345816.0;90;2021;1;246M56 (07/06/2021 - 18/09/2021);CONSOLIDADA;60.0;79.0
2661;57676814;02;64788;DIM0121;FUNDAMENTOS MATEMÁTICOS DA COMPUTAÇÃO II;2251108.0;90;2021;1;246T12 (07/06/2021 - 18/09/2021);CONSOLIDADA;60.0;51.0
2662;57676815;01;55372;DIM0616;SISTEMAS EMBARCADOS;1882699.0;60;2021;1;35M34 (07/06/2021 - 18/09/2021);CONSOLIDADA;35.0;16.0
2663;57676816;01;55370;DIM0613;INTELIGENCIA ARTIFICIAL;1172485.0;60;2021;1;35T12 (07/06/2021 - 18/09/2021);CONSOLIDADA;30.0;6.0
2664;57676817;01;40134;DIM0443;INTERACAO HUMANO-COMPUTADOR;1356585.0;60;2021;1;35M56;CONSOLIDADA;20.0;13.0
2665;57676818;01;2040950;DIM0451;COMPUTAÇÃO GRÁFICA I;2497950.0;60;2021;1;35M12;CONSOLIDADA;40.0;14.0
2666;57676819;01;66373;DIM0124;PROGRAMAÇÃO CONCORRENTE;1678918.0;60;2021;1;35M56 (07/06/2021 - 18/09/2021);CONSOLIDADA;40.0;32.0
2667;57676820;01;66374;DIM0125;BANCO DE DADOS;1639701.0;90;2021;1;246T34 (07/06/2021 - 18/09/2021);CONSOLIDADA;40.0;57.0
2668;57676821;01;69634;DIM0127;ARQUITETURA DE COMPUTADORES;1882699.0;60;2021;1;24M34 (07/06/2021 - 18/09/2021);CONSOLIDADA;45.0;31.0
2669;57676822;01;69635;DIM0128;CIRCUITOS LÓGICOS;6350797.0;60;2021;1;35T12 (07/06/2021 - 18/09/2021);CONSOLIDADA;20.0;19.0
2670;57676823;01;69636;DIM0129;ORGANIZAÇÃO DE COMPUTADORES;1694485.0;60;2021;1;35M34 (07/06/2021 - 18/09/2021);CONSOLIDADA;20.0;4.0
2671;57676824;01;69637;DIM0133;INTRODUÇÃO ÀS TÉCNICAS DE PROGRAMAÇÃO;1363515.0;90;2021;1;246M34 (07/06/2021 - 18/09/2021);CONSOLIDADA;42.0;42.0
2672;57676825;01;23558;DIM0404;CALCULO NUMERICO PARA CIENCIA DA COMPUTACAO;2929823.0;60;2021;1;24M56;CONSOLIDADA;40.0;10.0
2673;57676826;01;2054904;DIM0501;BOAS PRÁTICAS DE PROGRAMAÇÃO;2316877.0;30;2021;1;3T34;CONSOLIDADA;30.0;90.0
2674;57676827;01;2054911;DIM0507;TESTE DE SOFTWARE I;1709820.0;60;2021;1;35T34;CONSOLIDADA;40.0;66.0
2675;57676828;01;55371;DIM0614;PROGRAMAÇÃO DISTRIBUÍDA;1213777.0;60;2021;1;24M56 (07/06/2021 - 18/09/2021);CONSOLIDADA;25.0;24.0
2676;57676829;01;72186;DIM0140;OTIMIZAÇÃO HEURÍSTICA;1149561.0;60;2021;1;35M34 (07/06/2021 - 18/09/2021);CONSOLIDADA;20.0;1.0
2677;57676830;01;2054914;DIM0511;ENGENHARIA DE REQUISITOS;1754430.0;60;2021;1;35T34;CONSOLIDADA;20.0;8.0
2678;57676831;01;2054919;DIM0516;MÉTODOS FORMAIS DE ENGENHARIA DE SOFTWARE;1639701.0;60;2021;1;24T12;CONSOLIDADA;40.0;6.0
2679;57676832;01;52813;DIM0548;ENGENHARIA DE LINGUAGENS;1495704.0;60;2021;1;24T34 (07/06/2021 - 18/09/2021);CONSOLIDADA;30.0;22.0
2680;57676833;01;2054922;DIM0518;PLANEJAMENTO E GERENCIAMENTO DE PROJETOS;2195240.0;60;2021;1;35T56;CONSOLIDADA;30.0;67.0
2681;57676834;01;52975;DIM0610;LÓGICA COMPUTACIONAL;1345816.0;60;2021;1;24M12 (07/06/2021 - 18/09/2021);CONSOLIDADA;30.0;11.0
2682;57676835;01;69698;DIM0138;PROJETO DETALHADO DE SOFTWARE;1644456.0;60;2021;1;24M56 (07/06/2021 - 18/09/2021);CONSOLIDADA;40.0;45.0
2683;57676836;01;21764;DIM0410;TREINAMENTO PARA COMPETICOES DE PROGRAMACAO;1988053.0;60;2021;1;6T56  6N12;CONSOLIDADA;26.0;26.0
2684;57676837;01;21783;DIM0437;LINGUAGENS DE PROGRAMACAO: CONCEITOS E PARADIGMAS;1495704.0;60;2021;1;24M56;CONSOLIDADA;40.0;19.0
2685;57676838;01;21790;DIM0438;REDES DE COMPUTADORES;1699087.0;60;2021;1;24M34;EXCLUÍDA;40.0;0.0
2686;57676839;01;52974;DIM0606;LINGUAGENS FORMAIS E AUTÔMATOS;2212166.0;60;2021;1;24M34 (07/06/2021 - 18/09/2021);CONSOLIDADA;40.0;10.0
2687;57676840;01;52972;DIM0601;FUNDAMENTOS MATEMÁTICOS DA COMPUTAÇÃO III;1517271.0;90;2021;1;246M34 (07/06/2021 - 18/09/2021);CONSOLIDADA;40.0;11.0
2688;57676841;01;2054920;DIM0590;PROPOSTA DE TRABALHO DE CONCLUSÃO DE CURSO;2316877.0;30;2021;1;5T34;CONSOLIDADA;39.0;6.0
2689;57676843;01;2040702;DIM0492;TÓPICOS ESPECIAIS EM COMPUTAÇÃO XIII;1172485.0;60;2021;1;35T56;CONSOLIDADA;20.0;13.0
2690;57676845;01;52866;DIM0549;GRAFOS;1201268.0;60;2021;1;35M12 (07/06/2021 - 18/09/2021);CONSOLIDADA;26.0;24.0
2691;57676846;02;52866;DIM0549;GRAFOS;2859606.0;60;2021;1;35M56 (07/06/2021 - 18/09/2021);CONSOLIDADA;26.0;32.0
2692;57676847;01;2054931;DIM0532;TÓPICOS ESPECIAIS EM ENGENHARIA DE SOFTWARE II;2510306.0;60;2021;1;24T56;CONSOLIDADA;24.0;46.0
2693;57676848;01;2054952;DIM0536;TÓPICOS ESPECIAIS EM ENGENHARIA DE SOFTWARE VI;1363515.0;60;2021;1;24M56;CONSOLIDADA;20.0;44.0
2694;57676849;01;2054953;DIM0537;TÓPICOS ESPECIAIS EM ENGENHARIA DE SOFTWARE VII;1754430.0;60;2021;1;24T34;CONSOLIDADA;20.0;8.0
2695;57676850;01;52867;DIM0546;DESENVOLVIMENTO DE SISTEMAS WEB I;1149392.0;60;2021;1;35T12 (07/06/2021 - 18/09/2021);CONSOLIDADA;30.0;127.0
2696;57676851;01;2054954;DIM0538;TÓPICOS ESPECIAIS EM ENGENHARIA DE SOFTWARE VIII;1678918.0;60;2021;1;35M34;CONSOLIDADA;30.0;10.0
2697;57676852;01;2054913;DIM0510;PROCESSOS DE SOFTWARE;1961108.0;60;2021;1;24T34;CONSOLIDADA;30.0;36.0
2698;57676853;01;2054921;DIM0517;GERÊNCIA DE CONFIGURAÇÃO E MUDANÇAS;1802737.0;60;2021;1;24T12;CONSOLIDADA;40.0;62.0
2699;57676854;01;26930;DIM0333;ELEM.DE PESQ.OPER.APLIC. A INDUST.DO PETROLEO;1149561.0;60;2021;1;35M12;CONSOLIDADA;20.0;1.0
2700;57677179;01;25247;DIM0320;ALGORITMO E PROGRAMACAO DE COMPUTADORES;1221251.0;60;2021;1;35M56;CONSOLIDADA;62.0;5.0
2701;57677180;02;25247;DIM0320;ALGORITMO E PROGRAMACAO DE COMPUTADORES;3967165.0;60;2021;1;35T12;CONSOLIDADA;45.0;8.0
2702;57677181;03;25247;DIM0320;ALGORITMO E PROGRAMACAO DE COMPUTADORES;3967165.0;60;2021;1;35T34;CONSOLIDADA;48.0;11.0
2703;57677182;04;25247;DIM0320;ALGORITMO E PROGRAMACAO DE COMPUTADORES;2177445.0;60;2021;1;35M56;CONSOLIDADA;45.0;8.0
2704;57677183;05;25247;DIM0320;ALGORITMO E PROGRAMACAO DE COMPUTADORES;1961108.0;60;2021;1;35M34;CONSOLIDADA;62.0;8.0
2705;57677840;01;55019;IMD0017;PRÁTICAS DE LEITURA E ESCRITA EM PORTUGUÊS I;2916579.0;30;2021;1;3M34 (07/06/2021 - 18/09/2021);CONSOLIDADA;76.0;3.0
2706;57677840;01;55019;IMD0017;PRÁTICAS DE LEITURA E ESCRITA EM PORTUGUÊS I;2981295.0;30;2021;1;3M34 (07/06/2021 - 18/09/2021);CONSOLIDADA;76.0;3.0
2707;57677844;02;55019;IMD0017;PRÁTICAS DE LEITURA E ESCRITA EM PORTUGUÊS I;2916579.0;30;2021;1;4M34 (07/06/2021 - 18/09/2021);CONSOLIDADA;70.0;2.0
2708;57677844;02;55019;IMD0017;PRÁTICAS DE LEITURA E ESCRITA EM PORTUGUÊS I;2981295.0;30;2021;1;4M34 (07/06/2021 - 18/09/2021);CONSOLIDADA;70.0;2.0
2709;57677845;03;55019;IMD0017;PRÁTICAS DE LEITURA E ESCRITA EM PORTUGUÊS I;2981295.0;30;2021;1;3T12 (07/06/2021 - 18/09/2021);CONSOLIDADA;70.0;6.0
2710;57677845;03;55019;IMD0017;PRÁTICAS DE LEITURA E ESCRITA EM PORTUGUÊS I;2916579.0;30;2021;1;3T12 (07/06/2021 - 18/09/2021);CONSOLIDADA;70.0;6.0
2711;57677846;04;55019;IMD0017;PRÁTICAS DE LEITURA E ESCRITA EM PORTUGUÊS I;2916579.0;30;2021;1;3T34 (07/06/2021 - 18/09/2021);CONSOLIDADA;70.0;1.0
2712;57677846;04;55019;IMD0017;PRÁTICAS DE LEITURA E ESCRITA EM PORTUGUÊS I;2981295.0;30;2021;1;3T34 (07/06/2021 - 18/09/2021);CONSOLIDADA;70.0;1.0
2713;57677848;05;55019;IMD0017;PRÁTICAS DE LEITURA E ESCRITA EM PORTUGUÊS I;2916579.0;30;2021;1;3N12 (07/06/2021 - 18/09/2021);CONSOLIDADA;73.0;6.0
2714;57677848;05;55019;IMD0017;PRÁTICAS DE LEITURA E ESCRITA EM PORTUGUÊS I;2981295.0;30;2021;1;3N12 (07/06/2021 - 18/09/2021);CONSOLIDADA;73.0;6.0
2715;57677849;06;55019;IMD0017;PRÁTICAS DE LEITURA E ESCRITA EM PORTUGUÊS I;2981295.0;30;2021;1;2N12 (07/06/2021 - 18/09/2021);CONSOLIDADA;73.0;12.0
2716;57677849;06;55019;IMD0017;PRÁTICAS DE LEITURA E ESCRITA EM PORTUGUÊS I;2916579.0;30;2021;1;2N12 (07/06/2021 - 18/09/2021);CONSOLIDADA;73.0;12.0
2717;57677850;01;55020;IMD0018;PRÁTICAS DE LEITURA EM INGLÊS;2507723.0;30;2021;1;6M34 (07/06/2021 - 18/09/2021);CONSOLIDADA;70.0;9.0
2718;57677851;02;55020;IMD0018;PRÁTICAS DE LEITURA EM INGLÊS;2507723.0;30;2021;1;6M56 (07/06/2021 - 18/09/2021);CONSOLIDADA;76.0;12.0
2719;57677853;03;55020;IMD0018;PRÁTICAS DE LEITURA EM INGLÊS;2507723.0;30;2021;1;3T34 (07/06/2021 - 18/09/2021);CONSOLIDADA;70.0;10.0
2720;57677854;04;55020;IMD0018;PRÁTICAS DE LEITURA EM INGLÊS;2507723.0;30;2021;1;3T56 (07/06/2021 - 18/09/2021);CONSOLIDADA;70.0;20.0
2721;57677855;01;55082;IMD0020;TECNOLOGIA DA INFORMAÇÃO E SOCIEDADE;2164809.0;30;2021;1;6M34 (07/06/2021 - 18/09/2021);CONSOLIDADA;76.0;3.0
2722;57677856;02;55082;IMD0020;TECNOLOGIA DA INFORMAÇÃO E SOCIEDADE;2164809.0;30;2021;1;6M56 (07/06/2021 - 18/09/2021);CONSOLIDADA;70.0;7.0
2723;57677857;03;55082;IMD0020;TECNOLOGIA DA INFORMAÇÃO E SOCIEDADE;2164809.0;30;2021;1;5T34 (07/06/2021 - 18/09/2021);CONSOLIDADA;70.0;5.0
2724;57677858;04;55082;IMD0020;TECNOLOGIA DA INFORMAÇÃO E SOCIEDADE;2164809.0;30;2021;1;5T56 (07/06/2021 - 18/09/2021);CONSOLIDADA;70.0;2.0
2725;57677859;05;55082;IMD0020;TECNOLOGIA DA INFORMAÇÃO E SOCIEDADE;2245086.0;30;2021;1;5N12 (07/06/2021 - 18/09/2021);CONSOLIDADA;73.0;11.0
2726;57677860;06;55082;IMD0020;TECNOLOGIA DA INFORMAÇÃO E SOCIEDADE;2245086.0;30;2021;1;4N12 (07/06/2021 - 18/09/2021);CONSOLIDADA;73.0;8.0
2727;57677861;01;66441;IMD1001;MATEMÁTICA ELEMENTAR;4857233.0;60;2021;1;35M56 (07/06/2021 - 18/09/2021);CONSOLIDADA;96.0;43.0
2728;57677862;02;66441;IMD1001;MATEMÁTICA ELEMENTAR;4857233.0;60;2021;1;24T34 (07/06/2021 - 18/09/2021);CONSOLIDADA;80.0;20.0
2729;57677863;03;66441;IMD1001;MATEMÁTICA ELEMENTAR;4857233.0;60;2021;1;24T56 (07/06/2021 - 18/09/2021);CONSOLIDADA;80.0;35.0
2730;57677864;04;66441;IMD1001;MATEMÁTICA ELEMENTAR;1276603.0;60;2021;1;24N12 (07/06/2021 - 18/09/2021);CONSOLIDADA;92.0;68.0
2731;57677865;05;66441;IMD1001;MATEMÁTICA ELEMENTAR;1276603.0;60;2021;1;35N12 (07/06/2021 - 18/09/2021);CONSOLIDADA;176.0;46.0
2732;57677866;01;66436;IMD1002;ANÁLISE COMBINATÓRIA;2042579.0;30;2021;1;3T12 (07/06/2021 - 18/09/2021);CONSOLIDADA;80.0;25.0
2733;57677867;02;66436;IMD1002;ANÁLISE COMBINATÓRIA;1276603.0;30;2021;1;6N12 (07/06/2021 - 18/09/2021);CONSOLIDADA;81.0;29.0
2734;57677868;03;66436;IMD1002;ANÁLISE COMBINATÓRIA;1276603.0;30;2021;1;6N34 (07/06/2021 - 18/09/2021);CONSOLIDADA;80.0;10.0
2735;57677869;04;66436;IMD1002;ANÁLISE COMBINATÓRIA;2989758.0;30;2021;1;5T12 (07/06/2021 - 18/09/2021);CONSOLIDADA;81.0;18.0
2736;57677870;05;66436;IMD1002;ANÁLISE COMBINATÓRIA;2989758.0;30;2021;1;5M34 (07/06/2021 - 18/09/2021);CONSOLIDADA;89.0;24.0
2737;57677871;01;66438;IMD1003;GEOMETRIA EUCLIDIANA;1495851.0;30;2021;1;2M34 (07/06/2021 - 18/09/2021);CONSOLIDADA;70.0;12.0
2738;57677872;02;66438;IMD1003;GEOMETRIA EUCLIDIANA;2645969.0;30;2021;1;2M56 (07/06/2021 - 18/09/2021);CONSOLIDADA;76.0;10.0
2739;57677875;03;66438;IMD1003;GEOMETRIA EUCLIDIANA;2645969.0;30;2021;1;6T34 (07/06/2021 - 18/09/2021);CONSOLIDADA;70.0;6.0
2740;57677876;04;66438;IMD1003;GEOMETRIA EUCLIDIANA;2645969.0;30;2021;1;6T56 (07/06/2021 - 18/09/2021);CONSOLIDADA;70.0;7.0
2741;57677877;05;66438;IMD1003;GEOMETRIA EUCLIDIANA;2645969.0;30;2021;1;2N34 (07/06/2021 - 18/09/2021);CONSOLIDADA;78.0;20.0
2742;57677879;06;66438;IMD1003;GEOMETRIA EUCLIDIANA;2645969.0;30;2021;1;4N34 (07/06/2021 - 18/09/2021);CONSOLIDADA;76.0;19.0
2743;57677880;01;66440;IMD1004;PENSAMENTO COMPUTACIONAL;2244846.0;60;2021;1;24M56 (07/06/2021 - 18/09/2021);CONSOLIDADA;70.0;10.0
2744;57677882;02;66440;IMD1004;PENSAMENTO COMPUTACIONAL;1885001.0;60;2021;1;24M34 (07/06/2021 - 18/09/2021);CONSOLIDADA;70.0;11.0
2745;57677883;03;66440;IMD1004;PENSAMENTO COMPUTACIONAL;2245086.0;60;2021;1;35N34 (07/06/2021 - 18/09/2021);CONSOLIDADA;73.0;20.0
2746;57677885;04;66440;IMD1004;PENSAMENTO COMPUTACIONAL;3066699.0;60;2021;1;35N34 (07/06/2021 - 18/09/2021);CONSOLIDADA;75.0;6.0
2747;57677891;01;52662;IMD0024;CÁLCULO DIFERENCIAL E INTEGRAL I;2042579.0;90;2021;1;246T34 (07/06/2021 - 18/09/2021);CONSOLIDADA;70.0;50.0
2748;57677892;01;55022;IMD0028;FUNDAMENTOS MATEMÁTICOS DA COMPUTAÇÃO I;1495851.0;90;2021;1;246T56 (07/06/2021 - 18/09/2021);CONSOLIDADA;71.0;178.0
2749;57677893;02;55022;IMD0028;FUNDAMENTOS MATEMÁTICOS DA COMPUTAÇÃO I;2278403.0;90;2021;1;246N12 (07/06/2021 - 18/09/2021);CONSOLIDADA;70.0;28.0
2750;57677894;01;66444;IMD1012;INTRODUÇÃO ÀS TÉCNICAS DE PROGRAMAÇÃO;1013173.0;90;2021;1;356N34 (07/06/2021 - 18/09/2021);CONSOLIDADA;50.0;204.0
2751;57677895;01;52665;IMD0034;VETORES E GEOMETRIA ANALÍTICA;2042579.0;60;2021;1;24T12 (07/06/2021 - 18/09/2021);CONSOLIDADA;70.0;36.0
2752;57677902;01;55023;IMD0029;ESTRUTURA DE DADOS BÁSICAS I;2276280.0;60;2021;1;35T12 (07/06/2021 - 18/09/2021);CONSOLIDADA;53.0;59.0
2753;57677903;02;55023;IMD0029;ESTRUTURA DE DADOS BÁSICAS I;2859562.0;60;2021;1;35T34 (07/06/2021 - 18/09/2021);CONSOLIDADA;50.0;16.0
2754;57677904;03;55023;IMD0029;ESTRUTURA DE DADOS BÁSICAS I;3204363.0;60;2021;1;35N12 (07/06/2021 - 18/09/2021);CONSOLIDADA;50.0;32.0
2755;57677905;04;55023;IMD0029;ESTRUTURA DE DADOS BÁSICAS I;3066699.0;60;2021;1;35N12 (07/06/2021 - 18/09/2021);CONSOLIDADA;50.0;8.0
2756;57677906;01;55024;IMD0030;LINGUAGEM DE PROGRAMAÇÃO I;2244846.0;60;2021;1;35T34 (07/06/2021 - 18/09/2021);CONSOLIDADA;50.0;50.0
2757;57677907;02;55024;IMD0030;LINGUAGEM DE PROGRAMAÇÃO I;1874895.0;60;2021;1;35T56 (07/06/2021 - 18/09/2021);CONSOLIDADA;50.0;18.0
2758;57677908;03;55024;IMD0030;LINGUAGEM DE PROGRAMAÇÃO I;1969071.0;60;2021;1;35N34 (07/06/2021 - 18/09/2021);CONSOLIDADA;50.0;41.0
2759;57677909;04;55024;IMD0030;LINGUAGEM DE PROGRAMAÇÃO I;3083298.0;60;2021;1;35N34 (07/06/2021 - 18/09/2021);CONSOLIDADA;50.0;56.0
2760;57677910;01;52664;IMD0033;PROBABILIDADE;1362181.0;60;2021;1;24M12 (07/06/2021 - 18/09/2021);CONSOLIDADA;60.0;24.0
2761;57677910;01;52664;IMD0033;PROBABILIDADE;3063244.0;60;2021;1;24M12 (07/06/2021 - 18/09/2021);CONSOLIDADA;60.0;24.0
2762;57677911;02;52664;IMD0033;PROBABILIDADE;3063244.0;60;2021;1;24T56 (07/06/2021 - 18/09/2021);CONSOLIDADA;60.0;37.0
2763;57677911;02;52664;IMD0033;PROBABILIDADE;1362181.0;60;2021;1;24T56 (07/06/2021 - 18/09/2021);CONSOLIDADA;60.0;37.0
2764;57677913;03;52664;IMD0033;PROBABILIDADE;1362181.0;60;2021;1;24N12 (07/06/2021 - 18/09/2021);CONSOLIDADA;60.0;60.0
2765;57677913;03;52664;IMD0033;PROBABILIDADE;3063244.0;60;2021;1;24N12 (07/06/2021 - 18/09/2021);CONSOLIDADA;60.0;60.0
2766;57677914;01;55025;IMD0038;FUNDAMENTOS MATEMÁTICOS DA COMPUTAÇÃO II;2278403.0;90;2021;1;246N34 (07/06/2021 - 18/09/2021);CONSOLIDADA;60.0;33.0
2767;57677916;01;66437;IMD0121;ARQUITETURA DE COMPUTADORES;1721835.0;60;2021;1;24M34 (07/06/2021 - 18/09/2021);CONSOLIDADA;45.0;19.0
2768;57677918;02;66437;IMD0121;ARQUITETURA DE COMPUTADORES;2140727.0;60;2021;1;24T34 (07/06/2021 - 18/09/2021);CONSOLIDADA;45.0;43.0
2769;57677920;03;66437;IMD0121;ARQUITETURA DE COMPUTADORES;2140727.0;60;2021;1;24N12 (07/06/2021 - 18/09/2021);CONSOLIDADA;46.0;46.0
2770;57677921;04;66437;IMD0121;ARQUITETURA DE COMPUTADORES;1721835.0;60;2021;1;24N12 (07/06/2021 - 18/09/2021);CONSOLIDADA;45.0;14.0
2771;57677924;01;55026;IMD0039;ESTRUTURAS DE DADOS BÁSICAS II;2170415.0;60;2021;1;35N12 (07/06/2021 - 18/09/2021);CONSOLIDADA;60.0;101.0
2772;57677925;01;55027;IMD0040;LINGUAGEM DE PROGRAMAÇÃO II;4351681.0;60;2021;1;35M56 (07/06/2021 - 18/09/2021);CONSOLIDADA;50.0;32.0
2773;57677926;02;55027;IMD0040;LINGUAGEM DE PROGRAMAÇÃO II;3204363.0;60;2021;1;35N34 (07/06/2021 - 18/09/2021);CONSOLIDADA;60.0;86.0
2774;57677927;01;55028;IMD0043;REDES DE COMPUTADORES;3139050.0;60;2021;1;24M56 (07/06/2021 - 18/09/2021);EXCLUÍDA;50.0;0.0
2775;57677928;02;55028;IMD0043;REDES DE COMPUTADORES;3139050.0;60;2021;1;24T34 (07/06/2021 - 18/09/2021);CONSOLIDADA;50.0;46.0
2776;57677929;03;55028;IMD0043;REDES DE COMPUTADORES;1054235.0;60;2021;1;35N12 (07/06/2021 - 18/09/2021);CONSOLIDADA;100.0;66.0
2777;57677929;03;55028;IMD0043;REDES DE COMPUTADORES;2467763.0;60;2021;1;35N12 (07/06/2021 - 18/09/2021);CONSOLIDADA;100.0;66.0
2778;57678651;01;25248;DIM0103;INTRODUCAO A INFORMATICA;3967165.0;60;2021;1;6T3456;CONSOLIDADA;40.0;60.0
2779;57679239;04;55028;IMD0043;REDES DE COMPUTADORES;3139050.0;60;2021;1;24M34 (07/06/2021 - 18/09/2021);CONSOLIDADA;50.0;49.0
2780;57679350;02;21790;DIM0438;REDES DE COMPUTADORES;1699087.0;60;2021;1;35T34;CONSOLIDADA;40.0;12.0
2781;57681203;05;66440;IMD1004;PENSAMENTO COMPUTACIONAL;1671962.0;30;2021;1;24T12 (07/06/2021 - 18/09/2021);EXCLUÍDA;70.0;0.0
2782;57681204;06;66440;IMD1004;PENSAMENTO COMPUTACIONAL;1671962.0;30;2021;1;24T34 (07/06/2021 - 18/09/2021);EXCLUÍDA;70.0;0.0
2783;57681447;01;52685;IMD0405;FUNDAMENTOS DE SISTEMAS DE INFORMAÇÃO;2885481.0;60;2021;1;35N34 (07/06/2021 - 18/09/2021);CONSOLIDADA;60.0;126.0
2784;57681449;01;52683;IMD0407;DESIGN DE SOFTWARE II;2510306.0;60;2021;1;35N12 (07/06/2021 - 18/09/2021);CONSOLIDADA;40.0;55.0
2785;57681450;01;52689;IMD0501;FUNDAMENTOS PEDAGÓGICOS PARA A INFORMÁTICA EDUCACIONAL;2178446.0;60;2021;1;24N12 (07/06/2021 - 18/09/2021);CONSOLIDADA;50.0;49.0
2786;57681451;01;52694;IMD0506;SISTEMAS COLABORATIVOS DE APOIO À APRENDIZAGEM;2451906.0;60;2021;1;35N12 (07/06/2021 - 18/09/2021);CONSOLIDADA;55.0;66.0
2787;57681452;01;52698;IMD0511;INTELIGÊNCIA ARTIFICIAL APLICADA À EDUCAÇÃO;1362181.0;60;2021;1;24N34 (07/06/2021 - 18/09/2021);CONSOLIDADA;50.0;95.0
2788;57681453;01;55085;IMD0524;EDUCAÇÃO A DISTÂNCIA;2451906.0;60;2021;1;35T56 (07/06/2021 - 18/09/2021);CONSOLIDADA;51.0;81.0
2789;57681454;01;63936;IMD0601;BIOESTATÍSTICA;3063244.0;60;2021;1;3T2345 (07/06/2021 - 18/09/2021);CONSOLIDADA;40.0;13.0
2790;57681455;01;66482;IMD0605;SEMINÁRIOS EM BIOINFORMÁTICA;2170415.0;30;2021;1;4M56 (07/06/2021 - 18/09/2021);CONSOLIDADA;48.0;48.0
2791;57681455;01;66482;IMD0605;SEMINÁRIOS EM BIOINFORMÁTICA;3063244.0;30;2021;1;4M56 (07/06/2021 - 18/09/2021);CONSOLIDADA;48.0;48.0
2792;57681457;01;62888;IMD0704;ADMINISTRAÇÃO DE SERVIÇOS DE REDES PARA INTERNET;2149456.0;60;2021;1;35N12 (07/06/2021 - 18/09/2021);CONSOLIDADA;60.0;84.0
2793;57681458;01;69587;IMD0902;INTRODUÇÃO A INTERNET DAS COISAS;;60;2021;1;35T34 (07/06/2021 - 18/09/2021);CONSOLIDADA;44.0;166.0
2794;57681459;01;66481;IMD0811;MOTORES DE JOGOS DIGITAIS;1969071.0;60;2021;1;35N12 (07/06/2021 - 18/09/2021);CONSOLIDADA;40.0;60.0
2795;57681461;01;69612;IMD1101;APRENDIZADO DE MÁQUINA;4351681.0;60;2021;1;35M34 (07/06/2021 - 18/09/2021);CONSOLIDADA;48.0;50.0
2796;57681461;01;69612;IMD1101;APRENDIZADO DE MÁQUINA;1350250.0;60;2021;1;35M34 (07/06/2021 - 18/09/2021);CONSOLIDADA;48.0;50.0
2797;57681462;01;72713;IMD1114;APRENDIZADO PROFUNDO;2885532.0;60;2021;1;35M56 (07/06/2021 - 18/09/2021);CONSOLIDADA;40.0;13.0
2798;57681468;01;72709;IMD1153;ANÁLISE VISUAL DE DADOS;1976579.0;60;2021;1;5M3456 (07/06/2021 - 18/09/2021);CONSOLIDADA;40.0;47.0
2799;57681469;01;72710;IMD1155;ANÁLISE DE REDES;2885532.0;60;2021;1;24M56 (07/06/2021 - 18/09/2021);CONSOLIDADA;45.0;49.0
2800;57681470;01;72718;IMD1302;PROCESSO CRIATIVO;3230252.0;30;2021;1;6N12 (07/06/2021 - 18/09/2021);CONSOLIDADA;40.0;83.0
2801;57681471;01;72719;IMD1303;ESTUDOS DE MERCADO;2885481.0;60;2021;1;35M34 (07/06/2021 - 18/09/2021);CONSOLIDADA;60.0;39.0
2802;57681472;01;72721;IMD1306;GESTÃO DE PROJETOS E METODOLOGIAS ÁGEIS;3230252.0;60;2021;1;24N34 (07/06/2021 - 18/09/2021);CONSOLIDADA;41.0;74.0
2803;57681473;01;52686;IMD0415;GESTÃO DE INFRAESTRUTURA DE TI;3230252.0;60;2021;1;24N12 (07/06/2021 - 18/09/2021);CONSOLIDADA;40.0;149.0
2804;57681584;01;52699;IMD0512;AVALIAÇÃO DA INTERAÇÃO HUMANO-COMPUTADOR;1976579.0;60;2021;1;6M3456 (07/06/2021 - 18/09/2021);CONSOLIDADA;40.0;51.0
2805;57681585;01;55059;IMD0521;FUNDAMENTOS DE JOGOS DIGITAIS;3232354.0;60;2021;1;24T34 (07/06/2021 - 18/09/2021);CONSOLIDADA;51.0;148.0
2806;57681587;01;69603;IMD0812;JOGOS EM REDE MULTIUSUÁRIOS;3232354.0;60;2021;1;35T34 (07/06/2021 - 18/09/2021);CONSOLIDADA;43.0;43.0
2807;57681588;01;61132;IMD0822;PROJETO DE INOVAÇÃO TECNOLÓGICA;1885001.0;60;2021;1;6T2345 (07/06/2021 - 18/09/2021);CONSOLIDADA;40.0;22.0
2808;57681605;01;52790;IMD0401;BANCO DE DADOS;3204363.0;60;2021;1;24N12 (07/06/2021 - 18/09/2021);CONSOLIDADA;55.0;123.0
2809;57681620;01;69592;IMD0290;TÓPICOS ESPECIAIS EM INTERNET DAS COISAS A;2467763.0;60;2021;1;35N34 (07/06/2021 - 18/09/2021);CONSOLIDADA;40.0;48.0
2810;57681908;01;26904;DIM0024;SEMINARIO DE COMPUTACAO;6350797.0;30;2021;1;6T12;CONSOLIDADA;75.0;76.0
2811;57683182;02;66444;IMD1012;INTRODUÇÃO ÀS TÉCNICAS DE PROGRAMAÇÃO;1013173.0;56;2021;1;356N34 (07/06/2021 - 18/09/2021);CONSOLIDADA;50.0;
2812;57683182;02;66444;IMD1012;INTRODUÇÃO ÀS TÉCNICAS DE PROGRAMAÇÃO;1059413.0;34;2021;1;356N34 (07/06/2021 - 18/09/2021);CONSOLIDADA;50.0;
2813;57683229;02;52794;IMD0509;DESENVOLVIMENTO PARA DISPOSITIVOS MÓVEIS;1059413.0;24;2021;1;35N12 (07/06/2021 - 18/09/2021);CONSOLIDADA;30.0;
2814;57683229;02;52794;IMD0509;DESENVOLVIMENTO PARA DISPOSITIVOS MÓVEIS;2180207.0;36;2021;1;35N12 (07/06/2021 - 18/09/2021);CONSOLIDADA;30.0;
2815;57746723;01;55020;IMD0018;PRÁTICAS DE LEITURA EM INGLÊS;1066675.0;30;2024;2;5T56 (16/09/2024 - 01/02/2025);CONSOLIDADA;60.0;38.0
2816;57746724;02;55020;IMD0018;PRÁTICAS DE LEITURA EM INGLÊS;1066675.0;30;2024;2;5N34 (16/09/2024 - 01/02/2025);CONSOLIDADA;60.0;37.0
2817;57746725;03;55020;IMD0018;PRÁTICAS DE LEITURA EM INGLÊS;1066675.0;30;2024;2;5N12 (16/09/2024 - 01/02/2025);CONSOLIDADA;60.0;58.0
2818;57746726;01;55082;IMD0020;TECNOLOGIA DA INFORMAÇÃO E SOCIEDADE;2164809.0;30;2024;2;6N12 (16/09/2024 - 01/02/2025);CONSOLIDADA;60.0;17.0
2819;57746727;01;55021;IMD0027;PRÁTICAS DE LEITURA E ESCRITA EM PORTUGUÊS II;2981295.0;30;2024;2;3M34 (16/09/2024 - 01/02/2025);CONSOLIDADA;60.0;89.0
2820;57746728;02;55021;IMD0027;PRÁTICAS DE LEITURA E ESCRITA EM PORTUGUÊS II;2981295.0;30;2024;2;3M56 (16/09/2024 - 01/02/2025);CONSOLIDADA;60.0;40.0
2821;57746729;03;55021;IMD0027;PRÁTICAS DE LEITURA E ESCRITA EM PORTUGUÊS II;2916579.0;30;2024;2;3T12 (16/09/2024 - 01/02/2025);CONSOLIDADA;60.0;63.0
2822;57746730;04;55021;IMD0027;PRÁTICAS DE LEITURA E ESCRITA EM PORTUGUÊS II;2981295.0;30;2024;2;3N12 (16/09/2024 - 01/02/2025);CONSOLIDADA;60.0;63.0
2823;57746732;01;52664;IMD0033;PROBABILIDADE;3063244.0;60;2024;2;24M34 (16/09/2024 - 01/02/2025);CONSOLIDADA;60.0;43.0
2824;57746733;02;52664;IMD0033;PROBABILIDADE;1362181.0;60;2024;2;6N1234 (16/09/2024 - 01/02/2025);CONSOLIDADA;60.0;53.0
2825;57746753;01;55023;IMD0029;ESTRUTURA DE DADOS BÁSICAS I;2274774.0;60;2024;2;35T34 (16/09/2024 - 01/02/2025);CONSOLIDADA;30.0;17.0
2826;57746754;02;55023;IMD0029;ESTRUTURA DE DADOS BÁSICAS I;5687943.0;60;2024;2;35N12 (16/09/2024 - 01/02/2025);CONSOLIDADA;40.0;40.0
2827;57746755;03;55023;IMD0029;ESTRUTURA DE DADOS BÁSICAS I;5687943.0;60;2024;2;35N34 (16/09/2024 - 01/02/2025);EXCLUÍDA;40.0;10.0
2828;57746767;01;66440;IMD1004;PENSAMENTO COMPUTACIONAL;3229319.0;60;2024;2;24T34 (16/09/2024 - 01/02/2025);CONSOLIDADA;60.0;59.0
2829;57746768;02;66440;IMD1004;PENSAMENTO COMPUTACIONAL;3229319.0;60;2024;2;24N34 (16/09/2024 - 01/02/2025);CONSOLIDADA;50.0;61.0
2830;57746772;02;55082;IMD0020;TECNOLOGIA DA INFORMAÇÃO E SOCIEDADE;1976579.0;30;2024;2;6M56 (16/09/2024 - 01/02/2025);CONSOLIDADA;60.0;28.0
2831;57746774;01;52790;IMD0401;BANCO DE DADOS;4351681.0;60;2024;2;35M34 (16/09/2024 - 01/02/2025);CONSOLIDADA;40.0;53.0
2832;57746775;02;52790;IMD0401;BANCO DE DADOS;3425923.0;60;2024;2;35N34 (16/09/2024 - 01/02/2025);CONSOLIDADA;55.0;109.0
2833;57747067;01;52665;IMD0034;VETORES E GEOMETRIA ANALÍTICA;2042579.0;60;2024;2;35M12 (16/09/2024 - 01/02/2025);CONSOLIDADA;60.0;61.0
2834;57747069;02;52665;IMD0034;VETORES E GEOMETRIA ANALÍTICA;2042579.0;60;2024;2;35T34 (16/09/2024 - 01/02/2025);CONSOLIDADA;60.0;43.0
2835;57747081;01;66438;IMD1003;GEOMETRIA EUCLIDIANA;1071731.0;30;2024;2;4T56 (16/09/2024 - 01/02/2025);CONSOLIDADA;60.0;74.0
2836;57747324;01;73814;DIM0142;INTRODUCÃO A BANCO DE DADOS RELACIONAIS;1053116.0;60;2024;2;35M34 (16/09/2024 - 01/02/2025);CONSOLIDADA;40.0;18.0
2837;57747350;01;68133;DIM0126;INTELIGÊNCIA ARTIFICIAL PARA JOGOS I;1363515.0;60;2024;2;6T1234 (16/09/2024 - 01/02/2025);CONSOLIDADA;20.0;27.0
2838;57747362;01;64730;DIM0114;BANCO DE DADOS;1053116.0;60;2024;2;24M12 (16/09/2024 - 01/02/2025);CONSOLIDADA;30.0;48.0
2839;57747366;01;64732;DIM0117;ESTRUTURAS DE DADOS BÁSICAS II;1702873.0;60;2024;2;35M34 (16/09/2024 - 01/02/2025);CONSOLIDADA;31.0;50.0
2840;57747367;01;64786;DIM0119;ESTRUTURA DE DADOS BÁSICAS I;2497950.0;60;2024;2;35M34 (16/09/2024 - 01/02/2025);CONSOLIDADA;30.0;24.0
2841;57747369;01;66373;DIM0124;PROGRAMAÇÃO CONCORRENTE;2316877.0;60;2024;2;24T12 (16/09/2024 - 01/02/2025);CONSOLIDADA;40.0;67.0
2842;57747375;01;69634;DIM0127;ARQUITETURA DE COMPUTADORES;1882699.0;20;2024;2;35M56 (16/09/2024 - 01/02/2025);CONSOLIDADA;30.0;25.0
2843;57747375;01;69634;DIM0127;ARQUITETURA DE COMPUTADORES;1694485.0;40;2024;2;35M56 (16/09/2024 - 01/02/2025);CONSOLIDADA;30.0;25.0
2844;57747377;01;69635;DIM0128;CIRCUITOS LÓGICOS;6350797.0;60;2024;2;35M56 (16/09/2024 - 01/02/2025);CONSOLIDADA;30.0;27.0
2845;57747378;01;69662;DIM0131;SISTEMAS OPERACIONAIS;3425923.0;60;2024;2;24M56 (16/09/2024 - 01/02/2025);CONSOLIDADA;30.0;34.0
2846;57747381;01;69698;DIM0138;PROJETO DETALHADO DE SOFTWARE;1644456.0;60;2024;2;35M56 (16/09/2024 - 01/02/2025);CONSOLIDADA;30.0;35.0
2847;57747386;01;76371;DIM0151;INTRODUÇÃO ÀS TÉCNICAS DE PROGRAMAÇÃO;1363515.0;90;2024;2;246M56 (16/09/2024 - 01/02/2025);CONSOLIDADA;30.0;32.0
2848;57747387;01;76370;DIM0152;MATEMÁTICA PARA A COMPUTAÇÃO I;2645969.0;60;2024;2;24M34 (16/09/2024 - 01/02/2025);CONSOLIDADA;20.0;9.0
2849;57747389;01;76373;DIM0155;MATEMÁTICA PARA A COMPUTAÇÃO II;1345816.0;60;2024;2;24M34 (16/09/2024 - 01/02/2025);CONSOLIDADA;30.0;26.0
2850;57747391;01;76375;DIM0156;INTRODUÇÃO À ANÁLISE DE ALGORITMOS;1988053.0;60;2024;2;24M56 (16/09/2024 - 01/02/2025);CONSOLIDADA;25.0;24.0
2851;57747392;01;76376;DIM0157;INTRODUÇÃO À LÓGICA;1345816.0;60;2024;2;24T34 (16/09/2024 - 01/02/2025);CONSOLIDADA;30.0;17.0
2852;57747395;01;76382;DIM0163;ASPECTOS SOCIAIS DA CIÊNCIA DA COMPUTAÇÃO;2451906.0;30;2024;2;6M34 (16/09/2024 - 01/02/2025);CONSOLIDADA;21.0;18.0
2853;57747396;01;76383;DIM0164;COMPILADORES;1221251.0;60;2024;2;24M12 (16/09/2024 - 01/02/2025);EXCLUÍDA;20.0;0.0
2854;57747398;01;76395;DIM0176;PROGRAMAÇÃO I;2497950.0;60;2024;2;35M12 (16/09/2024 - 01/02/2025);CONSOLIDADA;30.0;27.0
2855;57747401;01;21083;DIM0346;GERENCIAMENTO E SEGURANCA EM REDES DE COMPUTADORES;3363765.0;60;2024;2;24T56 (16/09/2024 - 01/02/2025);EXCLUÍDA;30.0;0.0
2856;57747469;01;76837;DIM0319;ALGORÍTMO E PROGRAMAÇÃO DE COMPUTADORES - P;1053116.0;60;2024;2;35T34 (16/09/2024 - 01/02/2025);CONSOLIDADA;50.0;44.0
2857;57747472;02;76837;DIM0319;ALGORÍTMO E PROGRAMAÇÃO DE COMPUTADORES - P;1495704.0;60;2024;2;24T34 (16/09/2024 - 01/02/2025);CONSOLIDADA;43.0;7.0
2858;57747475;01;25247;DIM0320;ALGORITMO E PROGRAMACAO DE COMPUTADORES;1089145.0;22;2024;2;35M56 (16/09/2024 - 10/01/2025), 7M56 (11/01/2025 - 11/01/2025), 35M56 (12/01/2025 - 31/01/2025), 7M56 (01/02/2025 - 01/02/2025);CONSOLIDADA;38.0;37.0
2859;57747475;01;25247;DIM0320;ALGORITMO E PROGRAMACAO DE COMPUTADORES;1350250.0;38;2024;2;35M56 (16/09/2024 - 10/01/2025), 7M56 (11/01/2025 - 11/01/2025), 35M56 (12/01/2025 - 31/01/2025), 7M56 (01/02/2025 - 01/02/2025);CONSOLIDADA;38.0;37.0
2860;57747477;02;25247;DIM0320;ALGORITMO E PROGRAMACAO DE COMPUTADORES;1702873.0;38;2024;2;35T12 (16/09/2024 - 14/01/2025),  4T56 (15/01/2025 - 15/01/2025),  35T12 (16/01/2025 - 31/01/2025),  7T12 (01/02/2025 - 01/02/2025);CONSOLIDADA;38.0;35.0
2861;57747477;02;25247;DIM0320;ALGORITMO E PROGRAMACAO DE COMPUTADORES;1089145.0;22;2024;2;35T12 (16/09/2024 - 14/01/2025),  4T56 (15/01/2025 - 15/01/2025),  35T12 (16/01/2025 - 31/01/2025),  7T12 (01/02/2025 - 01/02/2025);CONSOLIDADA;38.0;35.0
2862;57747479;01;21753;DIM0321;LINGUAGENS DE PROGRAMAÇÃO;3392933.0;60;2024;2;35M12 (16/09/2024 - 01/02/2025);CONSOLIDADA;40.0;38.0
2863;57747482;02;21753;DIM0321;LINGUAGENS DE PROGRAMAÇÃO;3392933.0;60;2024;2;35M34 (16/09/2024 - 01/02/2025);CONSOLIDADA;40.0;37.0
2864;57747485;03;21753;DIM0321;LINGUAGENS DE PROGRAMAÇÃO;2929823.0;60;2024;2;35T12 (16/09/2024 - 01/02/2025);CONSOLIDADA;20.0;13.0
2865;57747488;01;21734;DIM0421;REDES SEM FIO;3363765.0;60;2024;2;35T56 (16/09/2024 - 01/02/2025);CONSOLIDADA;31.0;18.0
2866;57747500;01;77889;DIM0446;APRENDIZADO PROFUNDO;3288217.0;60;2024;2;24T34 (16/09/2024 - 01/02/2025);CONSOLIDADA;20.0;8.0
2867;57747505;01;2054904;DIM0501;BOAS PRÁTICAS DE PROGRAMAÇÃO;3405324.0;30;2024;2;6M56 (16/09/2024 - 01/02/2025);CONSOLIDADA;32.0;60.0
2868;57747518;01;55372;DIM0616;SISTEMAS EMBARCADOS;1882699.0;60;2024;2;35M34 (16/09/2024 - 01/02/2025);CONSOLIDADA;20.0;14.0
2869;57747538;04;64729;DIM0115;FUNDAMENTOS MATEMÁTICOS DA COMPUTAÇÃO I;3331260.0;90;2024;2;246N34 (16/09/2024 - 01/02/2025);CONSOLIDADA;60.0;64.0
2870;57747541;02;64788;DIM0121;FUNDAMENTOS MATEMÁTICOS DA COMPUTAÇÃO II;3331260.0;90;2024;2;246N12 (16/09/2024 - 01/02/2025);CONSOLIDADA;61.0;75.0
2871;57747555;01;2054917;DIM0514;ARQUITETURA DE SOFTWARE;1149392.0;30;2024;2;24M56 (16/09/2024 - 01/02/2025);CONSOLIDADA;30.0;23.0
2872;57747555;01;2054917;DIM0514;ARQUITETURA DE SOFTWARE;1213777.0;30;2024;2;24M56 (16/09/2024 - 01/02/2025);CONSOLIDADA;30.0;23.0
2873;57747559;01;52972;DIM0601;FUNDAMENTOS MATEMÁTICOS DA COMPUTAÇÃO III;3392933.0;90;2024;2;246M12 (16/09/2024 - 01/02/2025);CONSOLIDADA;20.0;4.0
2874;57747561;01;52973;DIM0605;PROJETO E ANÁLISE DE ALGORITMOS;2859606.0;60;2024;2;35M34 (16/09/2024 - 01/02/2025);CONSOLIDADA;30.0;10.0
2875;57747564;01;52974;DIM0606;LINGUAGENS FORMAIS E AUTÔMATOS;1221251.0;60;2024;2;24M34 (16/09/2024 - 01/02/2025);CONSOLIDADA;40.0;27.0
2876;57747566;01;55370;DIM0613;INTELIGENCIA ARTIFICIAL;3288217.0;60;2024;2;24M34 (16/09/2024 - 01/02/2025);CONSOLIDADA;30.0;3.0
2877;57747569;01;55371;DIM0614;PROGRAMAÇÃO DISTRIBUÍDA;1678918.0;60;2024;2;24M56 (16/09/2024 - 01/02/2025);CONSOLIDADA;40.0;26.0
2878;57747828;02;21790;DIM0438;REDES DE COMPUTADORES;1699087.0;60;2024;2;35M34 (16/09/2024 - 01/02/2025);CONSOLIDADA;20.0;16.0
2879;57747829;02;52866;DIM0549;GRAFOS;1702873.0;60;2024;2;35M56 (16/09/2024 - 01/02/2025);CONSOLIDADA;30.0;33.0
2880;57747830;01;2054950;DIM0534;TÓPICOS ESPECIAIS EM ENGENHARIA DE SOFTWARE IV;1802737.0;60;2024;2;24T34 (16/09/2024 - 01/02/2025);CONSOLIDADA;40.0;45.0
2881;57747831;01;2054953;DIM0537;TÓPICOS ESPECIAIS EM ENGENHARIA DE SOFTWARE VII;1754430.0;60;2024;2;35T34 (16/09/2024 - 01/02/2025);CONSOLIDADA;40.0;29.0
2882;57747832;01;52867;DIM0546;DESENVOLVIMENTO DE SISTEMAS WEB I;1961108.0;60;2024;2;35T12 (16/09/2024 - 01/02/2025);CONSOLIDADA;40.0;43.0
2883;57747911;02;2054904;DIM0501;BOAS PRÁTICAS DE PROGRAMAÇÃO;1802737.0;30;2024;2;2T12 (16/09/2024 - 01/02/2025);CONSOLIDADA;40.0;51.0
2884;57747912;03;2054904;DIM0501;BOAS PRÁTICAS DE PROGRAMAÇÃO;1802737.0;30;2024;2;4T12 (16/09/2024 - 01/02/2025);CONSOLIDADA;40.0;52.0
2885;57747913;01;2054906;DIM0504;ANÁLISE E PROJETO ORIENTADO A OBJETOS;1356585.0;60;2024;2;35T34 (16/09/2024 - 01/02/2025);CONSOLIDADA;30.0;51.0
2886;57747914;01;2054905;DIM0505;LÓGICA APLICADA A ENGENHARIA DE SOFTWARE;1639701.0;60;2024;2;24T34 (16/09/2024 - 01/02/2025);CONSOLIDADA;40.0;43.0
2887;57747916;01;2054912;DIM0508;PROJETO DE INTERFACES DE USUÁRIO;1149392.0;60;2024;2;35T12 (16/09/2024 - 01/02/2025);CONSOLIDADA;40.0;95.0
2888;57747918;01;2054914;DIM0511;ENGENHARIA DE REQUISITOS;2195240.0;60;2024;2;24T34 (16/09/2024 - 01/02/2025);CONSOLIDADA;30.0;12.0
2889;57747919;01;2054915;DIM0512;TESTE DE SOFTWARE II;1709820.0;60;2024;2;24T12 (16/09/2024 - 01/02/2025);CONSOLIDADA;30.0;32.0
2890;57747920;01;2054923;DIM0520;MODELAGEM DE PROCESSOS DE NEGÓCIO;1671962.0;60;2024;2;7M3456 (16/09/2024 - 01/02/2025);CONSOLIDADA;51.0;39.0
2891;57747921;01;2054927;DIM0524;DESENVOLVIMENTO DE SISTEMAS PARA DISPOSITIVOS MÓVEIS;3374361.0;60;2024;2;24T34 (16/09/2024 - 01/02/2025);CONSOLIDADA;40.0;62.0
2892;57747922;02;52867;DIM0546;DESENVOLVIMENTO DE SISTEMAS WEB I;1961108.0;60;2024;2;35T34 (16/09/2024 - 01/02/2025);CONSOLIDADA;42.0;46.0
2893;57747924;01;52813;DIM0548;ENGENHARIA DE LINGUAGENS;1495704.0;60;2024;2;35T34 (16/09/2024 - 01/02/2025);CONSOLIDADA;40.0;15.0
2894;57747925;01;2054920;DIM0590;PROPOSTA DE TRABALHO DE CONCLUSÃO DE CURSO;1213777.0;30;2024;2;3M56 (16/09/2024 - 01/02/2025);CONSOLIDADA;30.0;10.0
2895;57747928;01;70970;IMD0112;PRÁTICAS DE LEITURA E ESCRITA EM PORTUGUÊS III;2916579.0;60;2024;2;35T56 (16/09/2024 - 01/02/2025);CONSOLIDADA;60.0;52.0
2896;57747930;01;61109;IMD0260;TÓPICOS ESPECIAIS EM BIOINFORMÁTICA A;2170415.0;60;2024;2;35T56 (16/09/2024 - 01/02/2025);CONSOLIDADA;31.0;42.0
2897;57747932;01;76135;IMD1320;PROCESSO CRIATIVO;2885481.0;60;2024;2;4M1234 (16/09/2024 - 01/02/2025);CONSOLIDADA;30.0;26.0
2898;57747934;02;76135;IMD1320;PROCESSO CRIATIVO;2885481.0;60;2024;2;6N1234 (16/09/2024 - 01/02/2025);CONSOLIDADA;31.0;58.0
2899;57747936;01;52662;IMD0024;CÁLCULO DIFERENCIAL E INTEGRAL I;4857233.0;90;2024;2;246T12 (16/09/2024 - 01/02/2025);CONSOLIDADA;62.0;102.0
2900;57747939;02;52662;IMD0024;CÁLCULO DIFERENCIAL E INTEGRAL I;1265148.0;90;2024;2;246N34 (16/09/2024 - 01/02/2025);CONSOLIDADA;60.0;49.0
2901;57747940;06;55021;IMD0027;PRÁTICAS DE LEITURA E ESCRITA EM PORTUGUÊS II;2981295.0;30;2024;2;3N34 (16/09/2024 - 01/02/2025);CONSOLIDADA;60.0;57.0
2902;57747941;01;55022;IMD0028;FUNDAMENTOS MATEMÁTICOS DA COMPUTAÇÃO I;2278403.0;90;2024;2;246M56 (16/09/2024 - 01/02/2025);CONSOLIDADA;60.0;45.0
2903;57747945;02;55022;IMD0028;FUNDAMENTOS MATEMÁTICOS DA COMPUTAÇÃO I;2645969.0;90;2024;2;246T34 (16/09/2024 - 01/02/2025);CONSOLIDADA;60.0;97.0
2904;57747951;04;55023;IMD0029;ESTRUTURA DE DADOS BÁSICAS I;2276280.0;60;2024;2;35M34 (16/09/2024 - 01/02/2025);CONSOLIDADA;60.0;38.0
2905;57747958;01;66444;IMD1012;INTRODUÇÃO ÀS TÉCNICAS DE PROGRAMAÇÃO;1885001.0;60;2024;2;246M34 (16/09/2024 - 01/02/2025);CONSOLIDADA;45.0;53.0
2906;57747958;01;66444;IMD1012;INTRODUÇÃO ÀS TÉCNICAS DE PROGRAMAÇÃO;3405324.0;30;2024;2;246M34 (16/09/2024 - 01/02/2025);CONSOLIDADA;45.0;53.0
2907;57747963;01;66437;IMD0121;ARQUITETURA DE COMPUTADORES;1882699.0;60;2024;2;24M34 (16/09/2024 - 01/02/2025);CONSOLIDADA;44.0;44.0
2908;57747964;02;66437;IMD0121;ARQUITETURA DE COMPUTADORES;2140727.0;60;2024;2;24N12 (16/09/2024 - 01/02/2025);CONSOLIDADA;43.0;45.0
2909;57747966;03;66437;IMD0121;ARQUITETURA DE COMPUTADORES;2140727.0;60;2024;2;24N34 (16/09/2024 - 01/02/2025);CONSOLIDADA;43.0;44.0
2910;57747968;01;52666;IMD0036;SISTEMAS OPERACIONAIS;3325263.0;60;2024;2;24T56 (16/09/2024 - 01/02/2025);CONSOLIDADA;53.0;90.0
2911;57747970;02;52666;IMD0036;SISTEMAS OPERACIONAIS;3425923.0;60;2024;2;24N12 (16/09/2024 - 01/02/2025);CONSOLIDADA;55.0;68.0
2912;57747972;03;52666;IMD0036;SISTEMAS OPERACIONAIS;3425923.0;60;2024;2;24N34 (16/09/2024 - 01/02/2025);CONSOLIDADA;55.0;66.0
2913;57747976;02;66444;IMD1012;INTRODUÇÃO ÀS TÉCNICAS DE PROGRAMAÇÃO;2149456.0;90;2024;2;246M12 (16/09/2024 - 01/02/2025);CONSOLIDADA;45.0;69.0
2914;57747978;03;66444;IMD1012;INTRODUÇÃO ÀS TÉCNICAS DE PROGRAMAÇÃO;2978747.0;90;2024;2;246T56 (16/09/2024 - 01/02/2025);EXCLUÍDA;40.0;15.0
2915;57747980;04;66444;IMD1012;INTRODUÇÃO ÀS TÉCNICAS DE PROGRAMAÇÃO;1669545.0;90;2024;2;7M34  24N34 (16/09/2024 - 01/02/2025);CONSOLIDADA;45.0;50.0
2916;57747981;05;66444;IMD1012;INTRODUÇÃO ÀS TÉCNICAS DE PROGRAMAÇÃO;2278573.0;90;2024;2;246N34 (16/09/2024 - 01/02/2025);CONSOLIDADA;45.0;46.0
2917;57747984;01;55025;IMD0038;FUNDAMENTOS MATEMÁTICOS DA COMPUTAÇÃO II;2278403.0;90;2024;2;246T12 (16/09/2024 - 01/02/2025);EXCLUÍDA;60.0;3.0
2918;57747987;02;55025;IMD0038;FUNDAMENTOS MATEMÁTICOS DA COMPUTAÇÃO II;3338879.0;90;2024;2;246N34 (16/09/2024 - 01/02/2025);EXCLUÍDA;60.0;6.0
2919;57747989;01;52692;IMD0504;RELAÇÕES ENTRE COMUNICAÇÃO, MÍDIA E EDUCAÇÃO;2164809.0;60;2024;2;6T3456 (16/09/2024 - 01/02/2025);CONSOLIDADA;60.0;35.0
2920;57747991;01;61083;IMD0250;TÓPICOS ESPECIAIS EM INFORMÁTICA EDUCACIONAL A;2245086.0;60;2024;2;24N12 (16/09/2024 - 01/02/2025);CONSOLIDADA;51.0;115.0
2921;57747995;01;52691;IMD0503;LEVANTAMENTO E MODELAGEM DE REQUISITOS;2245086.0;60;2024;2;24T56 (16/09/2024 - 01/02/2025);CONSOLIDADA;47.0;163.0
2922;57747997;01;68482;IMD0531;PRÁTICAS EDUCACIONAIS INOVADORAS COM TECNOLOGIAS DIGITAIS;2451906.0;60;2024;2;35M34 (16/09/2024 - 01/02/2025);CONSOLIDADA;43.0;48.0
2923;57747999;01;55084;IMD0523;TECNOLOGIAS EDUCACIONAIS;2451906.0;60;2024;2;35M56 (16/09/2024 - 01/02/2025);CONSOLIDADA;42.0;56.0
2924;57748002;01;55085;IMD0524;EDUCAÇÃO A DISTÂNCIA;2164809.0;60;2024;2;6M3456 (16/09/2024 - 01/02/2025);CONSOLIDADA;30.0;40.0
2925;57748008;01;66482;IMD0605;SEMINÁRIOS EM BIOINFORMÁTICA;3063244.0;30;2024;2;4M56 (16/09/2024 - 01/02/2025);CONSOLIDADA;60.0;74.0
2926;57748009;01;76144;IMD0611;APRENDIZADO DE MÁQUINA EM BIOINFORMÁTICA;3063244.0;60;2024;2;35M34 (16/09/2024 - 01/02/2025);CONSOLIDADA;20.0;9.0
2927;57748019;01;55028;IMD0043;REDES DE COMPUTADORES;2467763.0;60;2024;2;6N1234 (16/09/2024 - 01/02/2025);CONSOLIDADA;50.0;71.0
2928;57748020;02;55028;IMD0043;REDES DE COMPUTADORES;2467763.0;60;2024;2;35N34 (16/09/2024 - 01/02/2025);CONSOLIDADA;51.0;58.0
2929;57748021;03;55028;IMD0043;REDES DE COMPUTADORES;;60;2024;2;24M34 (16/09/2024 - 01/02/2025);CONSOLIDADA;50.0;47.0
2930;57748024;01;55024;IMD0030;LINGUAGEM DE PROGRAMAÇÃO I;3385794.0;60;2024;2;35T12 (16/09/2024 - 01/02/2025);CONSOLIDADA;40.0;25.0
2931;57748031;01;55027;IMD0040;LINGUAGEM DE PROGRAMAÇÃO II;4351681.0;60;2024;2;35M56 (16/09/2024 - 01/02/2025);CONSOLIDADA;40.0;47.0
2932;57748036;02;55024;IMD0030;LINGUAGEM DE PROGRAMAÇÃO I;1054235.0;60;2024;2;35N12 (16/09/2024 - 01/02/2025);CONSOLIDADA;40.0;21.0
2933;57748038;03;55024;IMD0030;LINGUAGEM DE PROGRAMAÇÃO I;1969071.0;60;2024;2;35N34 (16/09/2024 - 01/02/2025);CONSOLIDADA;40.0;55.0
2934;57748055;01;52794;IMD0509;DESENVOLVIMENTO PARA DISPOSITIVOS MÓVEIS;3331970.0;60;2024;2;24N34 (16/09/2024 - 01/02/2025);CONSOLIDADA;46.0;113.0
2935;57748063;01;52789;IMD0404;DESENVOLVIMENTO DE SISTEMAS WEB I;3331970.0;60;2024;2;35N34 (16/09/2024 - 01/02/2025);CONSOLIDADA;41.0;63.0
2936;57748067;03;55025;IMD0038;FUNDAMENTOS MATEMÁTICOS DA COMPUTAÇÃO II;1071731.0;90;2024;2;246T34 (16/09/2024 - 01/02/2025);CONSOLIDADA;62.0;68.0
2937;57748069;01;52791;IMD0409;DESENVOLVIMENTO DE SISTEMAS WEB II;3331970.0;60;2024;2;24N12 (16/09/2024 - 01/02/2025);CONSOLIDADA;43.0;121.0
2938;57748072;02;66438;IMD1003;GEOMETRIA EUCLIDIANA;1071731.0;30;2024;2;4N12 (16/09/2024 - 01/02/2025);CONSOLIDADA;60.0;68.0
2939;57748077;01;66441;IMD1001;MATEMÁTICA ELEMENTAR;2989758.0;30;2024;2;35T34 (16/09/2024 - 01/02/2025);CONSOLIDADA;63.0;88.0
2940;57748077;01;66441;IMD1001;MATEMÁTICA ELEMENTAR;4857233.0;30;2024;2;35T34 (16/09/2024 - 01/02/2025);CONSOLIDADA;63.0;88.0
2941;57748078;02;66441;IMD1001;MATEMÁTICA ELEMENTAR;3338879.0;60;2024;2;35N12 (16/09/2024 - 01/02/2025);CONSOLIDADA;61.0;109.0
2942;57748080;01;61113;IMD0264;TÓPICOS ESPECIAIS EM BIOINFORMÁTICA E;2276280.0;60;2024;2;4M1234 (16/09/2024 - 01/02/2025);CONSOLIDADA;5.0;9.0
2943;57748084;01;66436;IMD1002;ANÁLISE COMBINATÓRIA;2989758.0;30;2024;2;3T56 (16/09/2024 - 01/02/2025);CONSOLIDADA;60.0;57.0
2944;57748087;01;69696;IMD0718;FORENSE COMPUTACIONAL;1874895.0;60;2024;2;35N34 (16/09/2024 - 01/02/2025);CONSOLIDADA;40.0;51.0
2945;57748089;02;69696;IMD0718;FORENSE COMPUTACIONAL;1874895.0;60;2024;2;35T34 (16/09/2024 - 01/02/2025);CONSOLIDADA;42.0;48.0
2946;57748092;01;65102;IMD0801;MECÂNICAS E BALANCEAMENTO DE JOGOS;1013173.0;60;2024;2;6N1234 (16/09/2024 - 01/02/2025);CONSOLIDADA;47.0;103.0
2947;57748095;02;66436;IMD1002;ANÁLISE COMBINATÓRIA;1265148.0;30;2024;2;3N12 (16/09/2024 - 01/02/2025);CONSOLIDADA;60.0;35.0
2948;57748118;01;55043;IMD0328;TÉCNICAS DE PROTOTIPAÇÃO E MONTAGEM DE CIRCUITOS E SISTEMAS ELETRÔNICOS;1241170.0;60;2024;2;35M56 (16/09/2024 - 01/02/2025);CONSOLIDADA;25.0;27.0
2949;57748121;01;72724;IMD1305;GESTÃO E INOVAÇÃO E ATRAÇÃO DE CAPITAL;3255024.0;30;2024;2;3N34 (16/09/2024 - 01/02/2025);CONSOLIDADA;60.0;56.0
2950;57748124;01;72725;IMD1308;LANÇAMENTO DE STARTUPS II;3255024.0;60;2024;2;35M56 (16/09/2024 - 01/02/2025);CONSOLIDADA;60.0;4.0
2951;57748126;01;72726;IMD1309;TRANSFORMAÇÃO DIGITAL;3255024.0;60;2024;2;24T56 (16/09/2024 - 01/02/2025);CONSOLIDADA;60.0;94.0
2952;57748130;01;68478;IMD0803;JOGOS SÉRIOS E SIMULAÇÕES;2140866.0;60;2024;2;35T56 (16/09/2024 - 01/02/2025);CONSOLIDADA;40.0;13.0
2953;57748133;04;52666;IMD0036;SISTEMAS OPERACIONAIS;2060541.0;60;2024;2;24T34 (16/09/2024 - 01/02/2025);CONSOLIDADA;51.0;53.0
2954;57748134;01;69594;IMD0292;TÓPICOS ESPECIAIS EM INTERNET DAS COISAS C;2510306.0;30;2024;2;24T34 (16/09/2024 - 01/02/2025);CONSOLIDADA;20.0;25.0
2955;57748134;01;69594;IMD0292;TÓPICOS ESPECIAIS EM INTERNET DAS COISAS C;2140727.0;30;2024;2;24T34 (16/09/2024 - 01/02/2025);CONSOLIDADA;20.0;25.0
2956;57748136;01;69592;IMD0290;TÓPICOS ESPECIAIS EM INTERNET DAS COISAS A;2467763.0;60;2024;2;35N12 (16/09/2024 - 01/02/2025);CONSOLIDADA;39.0;100.0
2957;57748139;01;69587;IMD0902;INTRODUÇÃO A INTERNET DAS COISAS;3325263.0;60;2024;2;24M34 (16/09/2024 - 01/02/2025);CONSOLIDADA;31.0;98.0
2958;57748142;03;55022;IMD0028;FUNDAMENTOS MATEMÁTICOS DA COMPUTAÇÃO I;1265148.0;90;2024;2;246N12 (16/09/2024 - 01/02/2025);CONSOLIDADA;65.0;69.0
2959;57748143;01;72709;IMD1153;ANÁLISE VISUAL DE DADOS;1976579.0;60;2024;2;46M12 (16/09/2024 - 01/02/2025);CONSOLIDADA;42.0;71.0
2960;57748148;01;69612;IMD1101;APRENDIZADO DE MÁQUINA;1350250.0;30;2024;2;35T34 (16/09/2024 - 01/02/2025);CONSOLIDADA;39.0;56.0
2961;57748148;01;69612;IMD1101;APRENDIZADO DE MÁQUINA;4351681.0;30;2024;2;35T34 (16/09/2024 - 01/02/2025);CONSOLIDADA;39.0;56.0
2962;57748149;04;55024;IMD0030;LINGUAGEM DE PROGRAMAÇÃO I;3083298.0;60;2024;2;35M56 (16/09/2024 - 01/02/2025);CONSOLIDADA;40.0;31.0
2963;57748150;03;52665;IMD0034;VETORES E GEOMETRIA ANALÍTICA;3338879.0;60;2024;2;35N34 (16/09/2024 - 01/02/2025);CONSOLIDADA;60.0;41.0
2964;57748151;01;55026;IMD0039;ESTRUTURAS DE DADOS BÁSICAS II;2170415.0;60;2024;2;35N12 (16/09/2024 - 01/02/2025);CONSOLIDADA;45.0;118.0
2965;57748152;02;55026;IMD0039;ESTRUTURAS DE DADOS BÁSICAS II;3385794.0;60;2024;2;35T56 (16/09/2024 - 01/02/2025);CONSOLIDADA;45.0;121.0
2966;57748153;02;55027;IMD0040;LINGUAGEM DE PROGRAMAÇÃO II;3385794.0;60;2024;2;35N34 (16/09/2024 - 01/02/2025);CONSOLIDADA;41.0;74.0
2967;57748154;03;55027;IMD0040;LINGUAGEM DE PROGRAMAÇÃO II;3331970.0;60;2024;2;35T34 (16/09/2024 - 01/02/2025);CONSOLIDADA;44.0;129.0
2968;57748155;01;52686;IMD0415;GESTÃO DE INFRAESTRUTURA DE TI;2278573.0;60;2024;2;24N12 (16/09/2024 - 01/02/2025);CONSOLIDADA;61.0;190.0
2969;57748156;01;69595;IMD0293;TÓPICOS ESPECIAIS EM INTERNET DAS COISAS D;2143852.0;60;2024;2;35M56 (16/09/2024 - 01/02/2025);CONSOLIDADA;30.0;6.0
2970;57748157;01;68510;IMD0821;TÉCNICAS AVANÇADAS PARA MOTORES DE JOGOS DIGITAIS;1969071.0;60;2024;2;35N12 (16/09/2024 - 01/02/2025);CONSOLIDADA;40.0;21.0
2971;57748158;06;66444;IMD1012;INTRODUÇÃO ÀS TÉCNICAS DE PROGRAMAÇÃO;2060541.0;90;2024;2;246T56 (16/09/2024 - 01/02/2025);CONSOLIDADA;45.0;51.0
2972;57748159;01;69586;IMD0904;PLATAFORMAS DE HARDWARE PARA INTERNET DAS COISAS;3325263.0;60;2024;2;24M56 (16/09/2024 - 01/02/2025);CONSOLIDADA;25.0;44.0
2973;57748160;01;69589;IMD0911;APLICAÇÕES EM INTERNET DAS COISAS;2149456.0;60;2024;2;35T56 (16/09/2024 - 01/02/2025);CONSOLIDADA;46.0;101.0
2974;57748161;01;55060;IMD0522;JOGOS DIGITAIS COMO FERRAMENTA PEDAGÓGICA;2978747.0;60;2024;2;24M56 (16/09/2024 - 01/02/2025);CONSOLIDADA;41.0;56.0
2975;57748162;01;70926;IMD1130;BANCOS DE DADOS NOSQL;1775264.0;60;2024;2;35T34 (16/09/2024 - 01/02/2025);CONSOLIDADA;43.0;155.0
2976;57748163;01;72707;IMD1151;CIÊNCIAS DE DADOS;1669545.0;60;2024;2;5N1234 (16/09/2024 - 01/02/2025);CONSOLIDADA;40.0;84.0
2977;57748165;02;52789;IMD0404;DESENVOLVIMENTO DE SISTEMAS WEB I;2180207.0;60;2024;2;24T12 (16/09/2024 - 01/02/2025);CONSOLIDADA;43.0;114.0
2978;57748166;02;52791;IMD0409;DESENVOLVIMENTO DE SISTEMAS WEB II;2180207.0;60;2024;2;35T12 (16/09/2024 - 01/02/2025);CONSOLIDADA;45.0;124.0
2979;57748167;01;72275;IMD0527;INTRODUÇÃO À INTERAÇÃO HUMANO-COMPUTADOR;1976579.0;60;2024;2;46M34 (16/09/2024 - 01/02/2025);CONSOLIDADA;40.0;50.0
2980;57748169;01;69618;IMD1107;PROCESSAMENTO DE LINGUAGEM NATURAL;2353000.0;60;2024;2;3N1234 (16/09/2024 - 01/02/2025);CONSOLIDADA;30.0;16.0
2981;57748170;01;72713;IMD1114;APRENDIZADO PROFUNDO;3884005.0;60;2024;2;24T12 (16/09/2024 - 01/02/2025);CONSOLIDADA;40.0;19.0
2982;57748171;01;69622;IMD1123;TÓPICOS ESPECIAIS EM INTELIGÊNCIA COMPUTACIONAL D;3884005.0;60;2024;2;24T34 (16/09/2024 - 01/02/2025);CONSOLIDADA;40.0;36.0
2983;57748172;07;66444;IMD1012;INTRODUÇÃO ÀS TÉCNICAS DE PROGRAMAÇÃO;2060541.0;90;2024;2;246N34 (16/09/2024 - 01/02/2025);CONSOLIDADA;45.0;43.0
2984;57748173;08;66444;IMD1012;INTRODUÇÃO ÀS TÉCNICAS DE PROGRAMAÇÃO;1885001.0;60;2024;2;246T56 (16/09/2024 - 03/12/2024),  246T56  7N34 (04/12/2024 - 01/02/2025);CONSOLIDADA;45.0;47.0
2985;57748173;08;66444;IMD1012;INTRODUÇÃO ÀS TÉCNICAS DE PROGRAMAÇÃO;3405324.0;30;2024;2;246T56 (16/09/2024 - 03/12/2024),  246T56  7N34 (04/12/2024 - 01/02/2025);CONSOLIDADA;45.0;47.0
2986;57748326;01;2054911;DIM0507;TESTE DE SOFTWARE I;2274774.0;60;2024;2;35N12 (16/09/2024 - 01/02/2025);CONSOLIDADA;44.0;119.0
2987;57748412;01;61101;IMD0246;TÓPICOS ESPECIAIS EM SISTEMAS DE INFORMAÇÃO DE GESTÃO G;;60;2024;2;35M34 (16/09/2024 - 01/02/2025);CONSOLIDADA;40.0;27.0
2988;57748413;01;62887;IMD0703;SEGURANÇA DE REDES;;60;2024;2;6M3456 (16/09/2024 - 01/02/2025);CONSOLIDADA;34.0;119.0
2989;57749003;03;52662;IMD0024;CÁLCULO DIFERENCIAL E INTEGRAL I;2042579.0;90;2024;2;246M12 (16/09/2024 - 01/02/2025);CONSOLIDADA;60.0;53.0
2990;57749004;03;66441;IMD1001;MATEMÁTICA ELEMENTAR;4857233.0;60;2024;2;35M56 (16/09/2024 - 01/02/2025);CONSOLIDADA;61.0;76.0
2991;57749005;01;55019;IMD0017;PRÁTICAS DE LEITURA E ESCRITA EM PORTUGUÊS I;2916579.0;30;2024;2;5T34 (16/09/2024 - 01/02/2025);CONSOLIDADA;60.0;12.0
2992;57749449;04;2054904;DIM0501;BOAS PRÁTICAS DE PROGRAMAÇÃO;2510306.0;30;2024;2;5N34 (16/09/2024 - 01/02/2025);CONSOLIDADA;40.0;43.0
2993;57749638;02;64731;DIM0116;LINGUAGEM DE PROGRAMAÇÃO II;1961108.0;38;2024;2;35M34 (16/09/2024 - 10/01/2025), 7M34 (11/01/2025 - 11/01/2025), 35M34 (12/01/2025 - 17/01/2025), 7M34 (18/01/2025 - 18/01/2025), 35M34 (19/01/2025 - 01/02/2025);CONSOLIDADA;25.0;19.0
2994;57749638;02;64731;DIM0116;LINGUAGEM DE PROGRAMAÇÃO II;1089145.0;22;2024;2;35M34 (16/09/2024 - 10/01/2025), 7M34 (11/01/2025 - 11/01/2025), 35M34 (12/01/2025 - 17/01/2025), 7M34 (18/01/2025 - 18/01/2025), 35M34 (19/01/2025 - 01/02/2025);CONSOLIDADA;25.0;19.0
2995;57750062;03;55026;IMD0039;ESTRUTURAS DE DADOS BÁSICAS II;5687943.0;60;2024;2;35T56 (16/09/2024 - 01/02/2025);CONSOLIDADA;41.0;67.0
2996;57750063;04;55026;IMD0039;ESTRUTURAS DE DADOS BÁSICAS II;5687943.0;60;2024;2;35N34 (16/09/2024 - 01/02/2025);CONSOLIDADA;40.0;34.0
2997;57750064;04;55027;IMD0040;LINGUAGEM DE PROGRAMAÇÃO II;3405324.0;60;2024;2;35T56 (16/09/2024 - 01/02/2025);CONSOLIDADA;40.0;20.0
2998;57750065;05;55027;IMD0040;LINGUAGEM DE PROGRAMAÇÃO II;3363765.0;60;2024;2;35N12 (16/09/2024 - 01/02/2025);CONSOLIDADA;31.0;53.0
2999;57750066;04;66441;IMD1001;MATEMÁTICA ELEMENTAR;3338879.0;60;2024;2;24N34 (16/09/2024 - 01/02/2025);CONSOLIDADA;60.0;35.0
3000;57750067;02;55060;IMD0522;JOGOS DIGITAIS COMO FERRAMENTA PEDAGÓGICA;2978747.0;60;2024;2;24T56 (16/09/2024 - 01/02/2025);CONSOLIDADA;43.0;56.0
3001;57750068;01;65104;IMD0211;PROGRAMAÇÃO FUNCIONAL;2278403.0;60;2024;2;46T12 (16/09/2024 - 01/02/2025);CONSOLIDADA;60.0;32.0
3002;57750072;02;62887;IMD0703;SEGURANÇA DE REDES;3363765.0;60;2024;2;24N34 (16/09/2024 - 01/02/2025);CONSOLIDADA;42.0;99.0
3003;57750107;02;26904;DIM0024;SEMINARIO DE COMPUTACAO;6350797.0;30;2024;2;6M56 (16/09/2024 - 01/02/2025);CONSOLIDADA;60.0;25.0
3004;57750432;01;72273;IMD1203;INTERDISCIPLINARIDADE E TRANSVERSALIDADE EM TECNOLOGIA DA INFORMAÇÃO;2140866.0;30;2024;2;5N12 (16/09/2024 - 31/01/2025),  7T45 (01/02/2025 - 01/02/2025);EXCLUÍDA;8.0;0.0
3005;57750539;01;72274;IMD1204;PESQUISA, INOVAÇÃO E EMPREENDEDORISMO EM TECNOLOGIA DA INFORMAÇÃO;2140866.0;30;2024;2;5N12 (16/09/2024 - 04/11/2024),  3N12 (05/11/2024 - 05/11/2024),  5N12 (06/11/2024 - 01/02/2025);CONSOLIDADA;8.0;
3006;1239272;01;52656;IMD0014;INTRODUÇÃO AO CÁLCULO;1693180.0;60;2015;1;24T56 (02/02/2015 - 20/06/2015);EXCLUÍDA;60.0;
3007;1239374;01;55031;IMD0019;RESOLUÇÃO DE PROBLEMAS MATEMÁTICOS PARA TI;2978747.0;30;2015;1;236M1234 (02/02/2015 - 20/06/2015);CONSOLIDADA;67.0;9.0
3008;1239374;01;55031;IMD0019;RESOLUÇÃO DE PROBLEMAS MATEMÁTICOS PARA TI;2068857.0;150;2015;1;236M1234 (02/02/2015 - 20/06/2015);CONSOLIDADA;67.0;9.0
3009;1239381;02;55031;IMD0019;RESOLUÇÃO DE PROBLEMAS MATEMÁTICOS PARA TI;2978747.0;30;2015;1;236M1234 (02/02/2015 - 20/06/2015);CONSOLIDADA;66.0;12.0
3010;1239381;02;55031;IMD0019;RESOLUÇÃO DE PROBLEMAS MATEMÁTICOS PARA TI;2066673.0;150;2015;1;236M1234 (02/02/2015 - 20/06/2015);CONSOLIDADA;66.0;12.0
3011;1239386;03;55031;IMD0019;RESOLUÇÃO DE PROBLEMAS MATEMÁTICOS PARA TI;1693180.0;150;2015;1;236N1234 (02/02/2015 - 20/06/2015);CONSOLIDADA;65.0;6.0
3012;1239386;03;55031;IMD0019;RESOLUÇÃO DE PROBLEMAS MATEMÁTICOS PARA TI;2989758.0;30;2015;1;236N1234 (02/02/2015 - 20/06/2015);CONSOLIDADA;65.0;6.0
3013;1239388;04;55031;IMD0019;RESOLUÇÃO DE PROBLEMAS MATEMÁTICOS PARA TI;1495851.0;30;2015;1;236N1234 (02/02/2015 - 20/06/2015);CONSOLIDADA;68.0;6.0
3014;1239388;04;55031;IMD0019;RESOLUÇÃO DE PROBLEMAS MATEMÁTICOS PARA TI;1049192.0;150;2015;1;236N1234 (02/02/2015 - 20/06/2015);CONSOLIDADA;68.0;6.0
3015;1239391;01;55019;IMD0017;PRÁTICAS DE LEITURA E ESCRITA EM PORTUGUÊS I;1883214.0;30;2015;1;4M34 (02/02/2015 - 20/06/2015);CONSOLIDADA;68.0;10.0
3016;1239392;02;55019;IMD0017;PRÁTICAS DE LEITURA E ESCRITA EM PORTUGUÊS I;1883214.0;30;2015;1;4M56 (02/02/2015 - 20/06/2015);CONSOLIDADA;68.0;11.0
3017;1239393;03;55019;IMD0017;PRÁTICAS DE LEITURA E ESCRITA EM PORTUGUÊS I;1883214.0;30;2015;1;4N12 (02/02/2015 - 20/06/2015);CONSOLIDADA;65.0;6.0
3018;1239394;04;55019;IMD0017;PRÁTICAS DE LEITURA E ESCRITA EM PORTUGUÊS I;1883214.0;30;2015;1;4N34 (02/02/2015 - 20/06/2015);CONSOLIDADA;66.0;8.0
3019;1239395;01;55020;IMD0018;PRÁTICAS DE LEITURA EM INGLÊS;1066675.0;30;2015;1;5M34 (02/02/2015 - 20/06/2015);CONSOLIDADA;63.0;10.0
3020;1239396;02;55020;IMD0018;PRÁTICAS DE LEITURA EM INGLÊS;1066675.0;30;2015;1;5M56 (02/02/2015 - 20/06/2015);CONSOLIDADA;63.0;10.0
3021;1239397;03;55020;IMD0018;PRÁTICAS DE LEITURA EM INGLÊS;1066675.0;30;2015;1;5N34 (02/02/2015 - 20/06/2015);CONSOLIDADA;64.0;13.0
3022;1239398;04;55020;IMD0018;PRÁTICAS DE LEITURA EM INGLÊS;1066675.0;30;2015;1;5N12 (02/02/2015 - 20/06/2015);CONSOLIDADA;63.0;14.0
3023;1239399;01;55082;IMD0020;TECNOLOGIA DA INFORMAÇÃO E SOCIEDADE;2451906.0;30;2015;1;5M56 (02/02/2015 - 20/06/2015);EXCLUÍDA;63.0;
3024;1239400;02;55082;IMD0020;TECNOLOGIA DA INFORMAÇÃO E SOCIEDADE;2451906.0;30;2015;1;5M34 (02/02/2015 - 20/06/2015);EXCLUÍDA;63.0;
3025;1239401;03;55082;IMD0020;TECNOLOGIA DA INFORMAÇÃO E SOCIEDADE;2164809.0;30;2015;1;5N12 (02/02/2015 - 20/06/2015);EXCLUÍDA;63.0;
3026;1239402;04;55082;IMD0020;TECNOLOGIA DA INFORMAÇÃO E SOCIEDADE;2164809.0;30;2015;1;5N34 (02/02/2015 - 20/06/2015);EXCLUÍDA;63.0;
3027;1239403;01;55021;IMD0027;PRÁTICAS DE LEITURA E ESCRITA EM PORTUGUÊS II;2148186.0;30;2015;1;4M56 (02/02/2015 - 20/06/2015);EXCLUÍDA;60.0;
3028;1239404;02;55021;IMD0027;PRÁTICAS DE LEITURA E ESCRITA EM PORTUGUÊS II;2148186.0;30;2015;1;4N12 (02/02/2015 - 20/06/2015);EXCLUÍDA;60.0;
3029;1239405;01;52651;IMD0012.0;INTRODUÇÃO ÀS TÉCNICAS DE PROGRAMAÇÃO;4351681.0;60;2015;1;35M12 (02/02/2015 - 20/06/2015);CONSOLIDADA;60.0;53.0
3030;1239406;02;52651;IMD0012.0;INTRODUÇÃO ÀS TÉCNICAS DE PROGRAMAÇÃO;1013173.0;60;2015;1;35N12 (02/02/2015 - 20/06/2015);CONSOLIDADA;60.0;57.0
3031;1239407;01;55023;IMD0029;ESTRUTURA DE DADOS BÁSICAS I;2497950.0;60;2015;1;35M12 (02/02/2015 - 20/06/2015);CONSOLIDADA;60.0;48.0
3032;1239408;02;55023;IMD0029;ESTRUTURA DE DADOS BÁSICAS I;1363515.0;60;2015;1;35M34 (02/02/2015 - 20/06/2015);CONSOLIDADA;60.0;31.0
3033;1239409;03;55023;IMD0029;ESTRUTURA DE DADOS BÁSICAS I;2170415.0;60;2015;1;35N34 (02/02/2015 - 20/06/2015);CONSOLIDADA;60.0;69.0
3034;1239410;01;55024;IMD0030;LINGUAGEM DE PROGRAMAÇÃO I;2497950.0;60;2015;1;35M34 (02/02/2015 - 20/06/2015);CONSOLIDADA;30.0;55.0
3035;1239411;02;55024;IMD0030;LINGUAGEM DE PROGRAMAÇÃO I;1363515.0;60;2015;1;35M56 (02/02/2015 - 20/06/2015);CONSOLIDADA;30.0;23.0
3036;1239412;01;52664;IMD0033;PROBABILIDADE;1350250.0;60;2015;1;24M12 (02/02/2015 - 20/06/2015);CONSOLIDADA;60.0;31.0
3037;1239413;02;52664;IMD0033;PROBABILIDADE;2989758.0;60;2015;1;26N34 (02/02/2015 - 20/06/2015);CONSOLIDADA;60.0;18.0
3038;1239414;01;52662;IMD0024;CÁLCULO DIFERENCIAL E INTEGRAL I;1693180.0;45;2015;1;246M56 (02/02/2015 - 20/06/2015);CONSOLIDADA;61.0;83.0
3039;1239414;01;52662;IMD0024;CÁLCULO DIFERENCIAL E INTEGRAL I;1049192.0;45;2015;1;246M56 (02/02/2015 - 20/06/2015);CONSOLIDADA;61.0;83.0
3040;1239415;02;52662;IMD0024;CÁLCULO DIFERENCIAL E INTEGRAL I;2042579.0;90;2015;1;246N34 (02/02/2015 - 20/06/2015);CONSOLIDADA;60.0;33.0
3041;1239416;01;52665;IMD0034;VETORES E GEOMETRIA ANALÍTICA;2042579.0;60;2015;1;35M56 (02/02/2015 - 20/06/2015);CONSOLIDADA;61.0;52.0
3042;1239417;02;52665;IMD0034;VETORES E GEOMETRIA ANALÍTICA;2042579.0;60;2015;1;35N34 (02/02/2015 - 20/06/2015);CONSOLIDADA;60.0;29.0
3043;1239418;01;55026;IMD0039;ESTRUTURAS DE DADOS BÁSICAS II;2859606.0;60;2015;1;35M12 (02/02/2015 - 20/06/2015);CONSOLIDADA;60.0;37.0
3044;1239419;02;55026;IMD0039;ESTRUTURAS DE DADOS BÁSICAS II;2170415.0;60;2015;1;35N12 (02/02/2015 - 20/06/2015);CONSOLIDADA;60.0;35.0
3045;1239420;01;55027;IMD0040;LINGUAGEM DE PROGRAMAÇÃO II;1542998.0;60;2015;1;24M56 (02/02/2015 - 20/06/2015);CONSOLIDADA;33.0;28.0
3046;1239421;02;55027;IMD0040;LINGUAGEM DE PROGRAMAÇÃO II;1542998.0;60;2015;1;24M56 (02/02/2015 - 20/06/2015);EXCLUÍDA;30.0;6.0
3047;1239422;03;55027;IMD0040;LINGUAGEM DE PROGRAMAÇÃO II;1542998.0;60;2015;1;24N12 (02/02/2015 - 20/06/2015);CONSOLIDADA;30.0;14.0
3048;1239516;01;52652;IMD0012.1;PRÁTICAS DE TÉCNICAS DE PROGRAMAÇÃO;1013173.0;30;2015;1;4M12 (02/02/2015 - 20/06/2015);CONSOLIDADA;30.0;37.0
3049;1239519;02;52652;IMD0012.1;PRÁTICAS DE TÉCNICAS DE PROGRAMAÇÃO;2467763.0;30;2015;1;4M12 (02/02/2015 - 20/06/2015);CONSOLIDADA;30.0;24.0
3050;1239521;03;52652;IMD0012.1;PRÁTICAS DE TÉCNICAS DE PROGRAMAÇÃO;1969071.0;30;2015;1;2N34 (02/02/2015 - 20/06/2015);CONSOLIDADA;30.0;31.0
3051;1239522;04;52652;IMD0012.1;PRÁTICAS DE TÉCNICAS DE PROGRAMAÇÃO;2140866.0;30;2015;1;2N34 (02/02/2015 - 20/06/2015);CONSOLIDADA;30.0;18.0
3052;1239523;05;55082;IMD0020;TECNOLOGIA DA INFORMAÇÃO E SOCIEDADE;2451906.0;30;2015;1;4M34 (02/02/2015 - 20/06/2015);CONSOLIDADA;63.0;10.0
3053;1239524;06;55082;IMD0020;TECNOLOGIA DA INFORMAÇÃO E SOCIEDADE;2451906.0;30;2015;1;4M56 (02/02/2015 - 20/06/2015);CONSOLIDADA;63.0;3.0
3054;1239525;07;55082;IMD0020;TECNOLOGIA DA INFORMAÇÃO E SOCIEDADE;2164809.0;30;2015;1;4N12 (02/02/2015 - 20/06/2015);CONSOLIDADA;63.0;8.0
3055;1239526;08;55082;IMD0020;TECNOLOGIA DA INFORMAÇÃO E SOCIEDADE;2164809.0;30;2015;1;4N34 (02/02/2015 - 20/06/2015);CONSOLIDADA;64.0;6.0
3056;1239527;01;55022;IMD0028;FUNDAMENTOS MATEMÁTICOS DA COMPUTAÇÃO I;2645969.0;90;2015;1;246M34 (02/02/2015 - 20/06/2015);CONSOLIDADA;61.0;89.0
3057;1239528;02;55022;IMD0028;FUNDAMENTOS MATEMÁTICOS DA COMPUTAÇÃO I;1988053.0;90;2015;1;246M56 (02/02/2015 - 20/06/2015);CONSOLIDADA;60.0;19.0
3058;1239529;03;55022;IMD0028;FUNDAMENTOS MATEMÁTICOS DA COMPUTAÇÃO I;2884005.0;90;2015;1;246N12 (02/02/2015 - 20/06/2015);CONSOLIDADA;62.0;65.0
3059;1239530;04;55022;IMD0028;FUNDAMENTOS MATEMÁTICOS DA COMPUTAÇÃO I;2884005.0;90;2015;1;246N34 (02/02/2015 - 20/06/2015);CONSOLIDADA;60.0;8.0
3060;1239532;03;55024;IMD0030;LINGUAGEM DE PROGRAMAÇÃO I;2149456.0;60;2015;1;35M34 (02/02/2015 - 20/06/2015);CONSOLIDADA;30.0;12.0
3061;1239534;04;55024;IMD0030;LINGUAGEM DE PROGRAMAÇÃO I;2180207.0;60;2015;1;35M56 (02/02/2015 - 20/06/2015);EXCLUÍDA;30.0;4.0
3062;1239535;05;55024;IMD0030;LINGUAGEM DE PROGRAMAÇÃO I;2140866.0;60;2015;1;35N12 (02/02/2015 - 20/06/2015);CONSOLIDADA;30.0;30.0
3063;1239536;06;55024;IMD0030;LINGUAGEM DE PROGRAMAÇÃO I;1969071.0;60;2015;1;35N12 (02/02/2015 - 20/06/2015);CONSOLIDADA;31.0;44.0
3064;1239537;01;55025;IMD0038;FUNDAMENTOS MATEMÁTICOS DA COMPUTAÇÃO II;1495851.0;90;2015;1;246N12 (02/02/2015 - 20/06/2015);CONSOLIDADA;60.0;49.0
3065;1239541;02;55025;IMD0038;FUNDAMENTOS MATEMÁTICOS DA COMPUTAÇÃO II;1345816.0;90;2015;1;246M34 (02/02/2015 - 20/06/2015);CONSOLIDADA;60.0;41.0
3066;1239543;01;55029;IMD0041;INTRODUÇÃO A ORGANIZAÇÃO E ARQUITETURA DE COMPUTADORES;2140727.0;60;2015;1;24M56 (02/02/2015 - 20/06/2015);CONSOLIDADA;60.0;32.0
3067;1239545;02;55029;IMD0041;INTRODUÇÃO A ORGANIZAÇÃO E ARQUITETURA DE COMPUTADORES;1721835.0;60;2015;1;24N34 (02/02/2015 - 20/06/2015);CONSOLIDADA;60.0;21.0
3068;1239548;01;55030;IMD0042;INTRODUÇÃO A SISTEMAS OPERACIONAIS;2885532.0;60;2015;1;35N34 (02/02/2015 - 20/06/2015);CONSOLIDADA;60.0;15.0
3069;1239550;02;55030;IMD0042;INTRODUÇÃO A SISTEMAS OPERACIONAIS;2885532.0;60;2015;1;35M56 (02/02/2015 - 20/06/2015);CONSOLIDADA;60.0;12.0
3070;1239552;01;55028;IMD0043;REDES DE COMPUTADORES;2467763.0;60;2015;1;35N12 (02/02/2015 - 20/06/2015);CONSOLIDADA;60.0;22.0
3071;1239554;01;57807;IMD0101;TÓPICOS ESPECIAIS EM TECNOLOGIA DA INFORMAÇÃO II;2645969.0;30;2015;1;6M3456 (02/02/2015 - 20/06/2015);CONSOLIDADA;40.0;7.0
3072;1239554;01;57807;IMD0101;TÓPICOS ESPECIAIS EM TECNOLOGIA DA INFORMAÇÃO II;2978747.0;30;2015;1;6M3456 (02/02/2015 - 20/06/2015);CONSOLIDADA;40.0;7.0
3073;1239555;01;55036;IMD0319;TEORIA DE CIRCUITOS ELÉTRICOS;2140683.0;60;2015;1;35M56 (02/02/2015 - 20/06/2015);CONSOLIDADA;30.0;6.0
3074;1239556;01;55038;IMD0321;PROJETOS BASEADOS EM MICROCONTROLADORES;2143852.0;60;2015;1;35M34 (02/02/2015 - 20/06/2015);CONSOLIDADA;30.0;7.0
3075;1239557;01;55039;IMD0322;SISTEMAS DIGITAIS RECONFIGURÁVEIS;2189436.0;90;2015;1;246M12 (02/02/2015 - 20/06/2015);CONSOLIDADA;30.0;6.0
3076;1239558;01;55043;IMD0328;TÉCNICAS DE PROTOTIPAÇÃO E MONTAGEM DE CIRCUITOS E SISTEMAS ELETRÔNICOS;2140683.0;60;2015;1;6M3456 (02/02/2015 - 20/06/2015);CONSOLIDADA;30.0;21.0
3077;1239559;01;52790;IMD0401;BANCO DE DADOS;4351681.0;60;2015;1;23T56 (02/02/2015 - 20/06/2015);CONSOLIDADA;70.0;21.0
3078;1239560;01;52682;IMD0406;PROTOCOLO E SERVIÇOS DE INTERNET;2467763.0;30;2015;1;5N34 (02/02/2015 - 20/06/2015);EXCLUÍDA;40.0;4.0
3079;1239561;01;55083;IMD0423;DESIGN DE SOFTWARE I;1976579.0;90;2015;1;2N1234 4N12 (02/02/2015 - 20/06/2015);CONSOLIDADA;35.0;13.0
3080;1239562;01;55084;IMD0523;TECNOLOGIAS EDUCACIONAIS;2451906.0;60;2015;1;6N1234 (02/02/2015 - 20/06/2015);EXCLUÍDA;30.0;
3081;1239563;01;52685;IMD0405;FUNDAMENTOS DE SISTEMAS DE INFORMAÇÃO;1149367.0;30;2015;1;6N1234 (02/02/2015 - 20/06/2015);CONSOLIDADA;40.0;22.0
3082;1239563;01;52685;IMD0405;FUNDAMENTOS DE SISTEMAS DE INFORMAÇÃO;1696802.0;30;2015;1;6N1234 (02/02/2015 - 20/06/2015);CONSOLIDADA;40.0;22.0
3083;1239564;01;52691;IMD0503;LEVANTAMENTO E MODELAGEM DE REQUISITOS;1976579.0;60;2015;1;34N34 (02/02/2015 - 20/06/2015);EXCLUÍDA;35.0;
3084;1239565;01;52692;IMD0504;RELAÇÕES ENTRE COMUNICAÇÃO, MÍDIA E EDUCAÇÃO;2164809.0;60;2015;1;6N1234 (02/02/2015 - 20/06/2015);CONSOLIDADA;40.0;9.0
3085;1239566;02;55084;IMD0523;TECNOLOGIAS EDUCACIONAIS;2451906.0;60;2015;1;2N1234 (02/02/2015 - 20/06/2015);CONSOLIDADA;30.0;13.0
3086;1239567;01;52658;IMD0021;ORGANIZAÇÃO E ARQUITETURA DE COMPUTADORES;1882699.0;60;2015;1;24T34 (02/02/2015 - 20/06/2015);CONSOLIDADA;60.0;17.0
3087;1239568;01;52537;IMD0011.0;CIRCUITOS LÓGICOS;2189436.0;60;2015;1;24T12 (02/02/2015 - 20/06/2015);CONSOLIDADA;60.0;60.0
3088;1239570;01A;52538;IMD0011.1;LABORATÓRIO DE CIRCUITOS LÓGICOS;2189436.0;30;2015;1;6T12 (02/02/2015 - 20/06/2015);CONSOLIDADA;30.0;43.0
3089;1239572;02A;52538;IMD0011.1;LABORATÓRIO DE CIRCUITOS LÓGICOS;2189436.0;30;2015;1;6T34 (02/02/2015 - 20/06/2015);CONSOLIDADA;30.0;17.0
3090;1239874;01;57806;IMD0100;TÓPICOS ESPECIAIS EM TECNOLOGIA DA INFORMAÇÃO I;2220777.0;60;2015;1;235M12 (02/02/2015 - 20/06/2015);CONSOLIDADA;30.0;14.0
3091;1239874;01;57806;IMD0100;TÓPICOS ESPECIAIS EM TECNOLOGIA DA INFORMAÇÃO I;1363515.0;30;2015;1;235M12 (02/02/2015 - 20/06/2015);CONSOLIDADA;30.0;14.0
3092;1241759;01;26920;DIM0095;TOPICOS ESPECIAIS EM COMPUTACAO VI;2524467.0;60;2015;1;24M56;CONSOLIDADA;15.0;9.0
3093;1241762;01;26923;DIM0098;TOPICOS ESPECIAIS EM COMPUTACAO IX;1699087.0;60;2015;1;35T34;CONSOLIDADA;30.0;4.0
3094;1241763;01;26924;DIM0099;TOPICOS ESPECIAIS EM COMPUTACAO X;1988053.0;60;2015;1;24T34;CONSOLIDADA;30.0;9.0
3095;1241765;01;26930;DIM0333;ELEM.DE PESQ.OPER.APLIC. A INDUST.DO PETROLEO;1149561.0;60;2015;1;35M12;CONSOLIDADA;35.0;5.0
3096;1241766;01;25764;DIM0345;EMPREENDEDORISMO;1671962.0;60;2015;1;35T56;CONSOLIDADA;45.0;36.0
3097;1241767;01;23558;DIM0404;CALCULO NUMERICO PARA CIENCIA DA COMPUTACAO;1172485.0;60;2015;1;24M56;CONSOLIDADA;30.0;13.0
3098;1241769;01;25258;DIM0405;PROPOSTA DE MONOGRAFIA DE GRADUACAO;1213777.0;30;2015;1;3M34;CONSOLIDADA;40.0;17.0
3099;1241770;01;21791;DIM0407;SISTEMAS EMBUTIDOS;1882699.0;60;2015;1;24M34;CONSOLIDADA;30.0;14.0
3100;1241771;01;21705;DIM0411;PROCESSAMENTO DE IMAGENS;1172485.0;60;2015;1;24T34;CONSOLIDADA;30.0;8.0
3101;1241772;01;21793;DIM0419;ESPECIFICACOES FORMAIS;2220777.0;60;2015;1;24T12;EXCLUÍDA;10.0;
3102;1241774;01;21775;DIM0430;LOGICA APLICADA A COMPUTACAO;1345816.0;30;2015;1;35T34;CONSOLIDADA;40.0;14.0
3103;1241774;01;21775;DIM0430;LOGICA APLICADA A COMPUTACAO;1517271.0;30;2015;1;35T34;CONSOLIDADA;40.0;14.0
3104;1241776;01;21783;DIM0437;LINGUAGENS DE PROGRAMACAO: CONCEITOS E PARADIGMAS;1495704.0;60;2015;1;24T56;CONSOLIDADA;30.0;19.0
3105;1241788;01;21781;DIM0440;INTELIGENCIA ARTIFICIAL;1350250.0;60;2015;1;24M56;CONSOLIDADA;30.0;11.0
3106;1241801;01;2040950;DIM0451;COMPUTAÇÃO GRÁFICA I;2177445.0;60;2015;1;35T34;CONSOLIDADA;60.0;13.0
3107;1241802;01;2040702;DIM0492;TÓPICOS ESPECIAIS EM COMPUTAÇÃO XIII;2497950.0;60;2015;1;24M34;CONSOLIDADA;10.0;6.0
3108;1241817;01;2040703;DIM0493;TÓPICOS ESPECIAIS EM COMPUTAÇÃO XVI;1363515.0;30;2015;1;6T3456;CONSOLIDADA;15.0;7.0
3109;1241817;01;2040703;DIM0493;TÓPICOS ESPECIAIS EM COMPUTAÇÃO XVI;2978747.0;30;2015;1;6T3456;CONSOLIDADA;15.0;7.0
3110;1241871;01;2054957;DIM0502;PROGRAMAÇÃO DISTRIBUÍDA;1213777.0;30;2015;1;35T34;CONSOLIDADA;35.0;17.0
3111;1241871;01;2054957;DIM0502;PROGRAMAÇÃO DISTRIBUÍDA;2510306.0;30;2015;1;35T34;CONSOLIDADA;35.0;17.0
3112;1241872;01;2054906;DIM0504;ANÁLISE E PROJETO ORIENTADO A OBJETOS;1356585.0;60;2015;1;35T12;CONSOLIDADA;30.0;20.0
3113;1241873;01;2054910;DIM0506;PROJETO DETALHADO DE SOFTWARE;1644456.0;60;2015;1;35T34;EXCLUÍDA;50.0;
3114;1241874;01;2054913;DIM0510;PROCESSOS DE SOFTWARE;1961108.0;60;2015;1;24T56;CONSOLIDADA;30.0;13.0
3115;1241875;01;2054914;DIM0511;ENGENHARIA DE REQUISITOS;2195240.0;60;2015;1;35T34;CONSOLIDADA;40.0;5.0
3116;1241876;01;2054915;DIM0512;TESTE DE SOFTWARE II;1709820.0;60;2015;1;35T56;CONSOLIDADA;30.0;12.0
3117;1241877;01;2054919;DIM0516;MÉTODOS FORMAIS DE ENGENHARIA DE SOFTWARE;1639701.0;60;2015;1;24T12;CONSOLIDADA;40.0;11.0
3118;1241878;01;2054921;DIM0517;GERÊNCIA DE CONFIGURAÇÃO E MUDANÇAS;1802737.0;60;2015;1;35T12;CONSOLIDADA;40.0;25.0
3119;1241879;01;2054923;DIM0520;MODELAGEM DE PROCESSOS DE NEGÓCIO;1671962.0;60;2015;1;35T34;CONSOLIDADA;20.0;10.0
3120;1241880;01;23499;DIM0040;CALCULO NUMERICO;347031.0;90;2015;1;246M12;CONSOLIDADA;50.0;20.0
3121;1242299;01;25248;DIM0103;INTRODUCAO A INFORMATICA;2193556.0;60;2015;1;35T12;CONSOLIDADA;40.0;34.0
3122;1242300;02;25248;DIM0103;INTRODUCAO A INFORMATICA;2193556.0;60;2015;1;35M56;CONSOLIDADA;40.0;13.0
3123;1242301;03;25248;DIM0103;INTRODUCAO A INFORMATICA;2101863.0;60;2015;1;2M3456;CONSOLIDADA;48.0;16.0
3124;1242302;01;21747;DIM0104;SOFTWARES APLICATIVOS;2101863.0;60;2015;1;24T12;CONSOLIDADA;40.0;18.0
3125;1242303;01;25247;DIM0320;ALGORITMO E PROGRAMACAO DE COMPUTADORES;2096045.0;60;2015;1;35T56;CONSOLIDADA;50.0;42.0
3126;1242614;02;23499;DIM0040;CALCULO NUMERICO;347031.0;60;2015;1;246T56;CONSOLIDADA;50.0;19.0
3127;1242621;02;25247;DIM0320;ALGORITMO E PROGRAMACAO DE COMPUTADORES;2096045.0;60;2015;1;35T12;CONSOLIDADA;50.0;24.0
3128;1242622;03;25247;DIM0320;ALGORITMO E PROGRAMACAO DE COMPUTADORES;2042860.0;60;2015;1;35M56;CONSOLIDADA;50.0;8.0
3129;1242626;04;25247;DIM0320;ALGORITMO E PROGRAMACAO DE COMPUTADORES;2177445.0;60;2015;1;35M56;CONSOLIDADA;50.0;13.0
3130;1242627;05;25247;DIM0320;ALGORITMO E PROGRAMACAO DE COMPUTADORES;2859606.0;60;2015;1;35M56;CONSOLIDADA;50.0;16.0
3131;1242631;06;25247;DIM0320;ALGORITMO E PROGRAMACAO DE COMPUTADORES;2042860.0;60;2015;1;35T34;CONSOLIDADA;55.0;8.0
3132;1242632;07;25247;DIM0320;ALGORITMO E PROGRAMACAO DE COMPUTADORES;2096045.0;60;2015;1;35N12;CONSOLIDADA;45.0;48.0
3133;1242634;02;21753;DIM0321;LINGUAGENS DE PROGRAMAÇÃO;2096045.0;60;2015;1;35M12;CONSOLIDADA;35.0;12.0
3134;1242635;03;21753;DIM0321;LINGUAGENS DE PROGRAMAÇÃO;2042860.0;60;2015;1;35T12;CONSOLIDADA;45.0;10.0
3135;1242636;04;21753;DIM0321;LINGUAGENS DE PROGRAMAÇÃO;2101863.0;60;2015;1;35N12;CONSOLIDADA;35.0;44.0
3136;1242637;05;21753;DIM0321;LINGUAGENS DE PROGRAMAÇÃO;2859606.0;60;2015;1;35M34;CONSOLIDADA;35.0;9.0
3137;1242638;01;40136;DIM0445;COMPUTABILIDADE;2212166.0;60;2015;1;35T56;CONSOLIDADA;15.0;4.0
3138;1242639;01;26915;DIM0090;TOPICOS ESPECIAIS EM COMPUTACAO I;1525670.0;30;2015;1;5T56;CONSOLIDADA;35.0;25.0
3139;1242640;02;2054910;DIM0506;PROJETO DETALHADO DE SOFTWARE;1644456.0;60;2015;1;24T12;CONSOLIDADA;50.0;29.0
3140;1242641;01;2054922;DIM0518;PLANEJAMENTO E GERENCIAMENTO DE PROJETOS;2195240.0;60;2015;1;35T56;CONSOLIDADA;50.0;23.0
3141;1242642;01;2054924;DIM0521;DESENVOLVIMENTO DE SOFTWARE DE TEMPO-REAL;1149392.0;60;2015;1;35T12;CONSOLIDADA;30.0;6.0
3142;1242643;01;2054952;DIM0536;TÓPICOS ESPECIAIS EM ENGENHARIA DE SOFTWARE VI;1961108.0;60;2015;1;24T34;CONSOLIDADA;30.0;10.0
3143;1242644;01;52867;DIM0546;DESENVOLVIMENTO DE SISTEMAS WEB I;1149392.0;60;2015;1;35T34 (02/02/2015 - 20/06/2015);CONSOLIDADA;35.0;35.0
3144;1242645;01;52813;DIM0548;ENGENHARIA DE LINGUAGENS;1495704.0;60;2015;1;24T34 (02/02/2015 - 20/06/2015);CONSOLIDADA;40.0;7.0
3145;1242646;01;52973;DIM0605;PROJETO E ANÁLISE DE ALGORITMOS;1201268.0;60;2015;1;35M12 (02/02/2015 - 20/06/2015);CONSOLIDADA;30.0;8.0
3146;1242647;01;52974;DIM0606;LINGUAGENS FORMAIS E AUTÔMATOS;2212166.0;60;2015;1;35M56 (02/02/2015 - 20/06/2015);CONSOLIDADA;50.0;38.0
3147;1242648;01;2054928;DIM0529;DESENVOLVIMENTO EM TIMES;1149561.0;60;2015;1;35M56;CONSOLIDADA;30.0;11.0
3148;1244216;01;42158;DIM0541.0;BANCO DE DADOS;1639701.0;60;2015;1;24T34;CONSOLIDADA;60.0;38.0
3149;1244217;01;42159;DIM0541.1;PRATICA DE BANCO DE DADOS;1639701.0;20;2015;1;6T34;CONSOLIDADA;60.0;38.0
3150;1244256;01;52702;IMD0515;TÓPICOS ESPECIAIS EM INFORMÁTICA EDUCACIONAL I;2178446.0;60;2015;1;34N34 (02/02/2015 - 20/06/2015);CONSOLIDADA;30.0;11.0
3151;1244257;01;55056;IMD0518;FUNDAMENTOS PEDAGÓGICOS PARA A INFORMÁTICA EDUCACIONAL II;2178446.0;60;2015;1;4N12 5N34 (02/02/2015 - 20/06/2015);CONSOLIDADA;30.0;8.0
3152;57559598;01;52789;IMD0404;DESENVOLVIMENTO DE SISTEMAS WEB I;2180207.0;60;2015;1;24N12 (02/02/2015 - 20/06/2015);EXCLUÍDA;40.0;
3153;57559728;01;52683;IMD0407;DESIGN DE SOFTWARE II;2510306.0;60;2015;1;24T34 (02/02/2015 - 20/06/2015);CONSOLIDADA;20.0;4.0
3154;57559732;01;52794;IMD0509;DESENVOLVIMENTO PARA DISPOSITIVOS MÓVEIS;2180207.0;60;2015;1;35N12 (02/02/2015 - 20/06/2015);CONSOLIDADA;20.0;13.0
3155;57559744;02;52789;IMD0404;DESENVOLVIMENTO DE SISTEMAS WEB I;2180207.0;60;2015;1;35N34 (02/02/2015 - 20/06/2015);CONSOLIDADA;30.0;8.0
3156;1197615;01;52657;IMD0016;PRÁTICAS DE LEITURA E ESCRITA EM PORTUGUÊS I;1971421.0;45;2013;1;2M34 (04/02/2013 - 22/06/2013);CONSOLIDADA;60.0;
3157;1197616;02;52657;IMD0016;PRÁTICAS DE LEITURA E ESCRITA EM PORTUGUÊS I;1971421.0;45;2013;1;2M12 (04/02/2013 - 22/06/2013);CONSOLIDADA;60.0;
3158;1197617;03;52657;IMD0016;PRÁTICAS DE LEITURA E ESCRITA EM PORTUGUÊS I;1971421.0;45;2013;1;4N12 (04/02/2013 - 22/06/2013);EXCLUÍDA;60.0;
3159;1197618;04;52657;IMD0016;PRÁTICAS DE LEITURA E ESCRITA EM PORTUGUÊS I;1971421.0;45;2013;1;4N34 (04/02/2013 - 22/06/2013);EXCLUÍDA;60.0;
3160;1198464;05;52657;IMD0016;PRÁTICAS DE LEITURA E ESCRITA EM PORTUGUÊS I;1973084.0;45;2013;1;2N12 (04/02/2013 - 22/06/2013);CONSOLIDADA;60.0;2.0
3161;1198466;06;52657;IMD0016;PRÁTICAS DE LEITURA E ESCRITA EM PORTUGUÊS I;1973084.0;45;2013;1;2N34 (04/02/2013 - 22/06/2013);CONSOLIDADA;60.0;3.0
3162;1198499;01;52656;IMD0014;INTRODUÇÃO AO CÁLCULO;3550015.0;60;2013;1;35M12 (04/02/2013 - 22/06/2013);CONSOLIDADA;60.0;1.0
3163;1198506;02;52656;IMD0014;INTRODUÇÃO AO CÁLCULO;3550015.0;60;2013;1;35M56 (04/02/2013 - 22/06/2013);CONSOLIDADA;60.0;2.0
3164;1198520;03;52656;IMD0014;INTRODUÇÃO AO CÁLCULO;1967212.0;60;2013;1;45N34 (04/02/2013 - 22/06/2013);EXCLUÍDA;60.0;
3165;1198521;04;52656;IMD0014;INTRODUÇÃO AO CÁLCULO;1967212.0;60;2013;1;45N12 (04/02/2013 - 22/06/2013);EXCLUÍDA;60.0;
3166;1198527;01;52535;IMD0015;TECNOLOGIA DA INFORMAÇÃO E SOCIEDADE;2451906.0;30;2013;1;2M56 (04/02/2013 - 22/06/2013);CONSOLIDADA;60.0;0.0
3167;1198530;02;52535;IMD0015;TECNOLOGIA DA INFORMAÇÃO E SOCIEDADE;2451906.0;30;2013;1;2M34 (04/02/2013 - 22/06/2013);CONSOLIDADA;60.0;5.0
3168;1198532;03;52535;IMD0015;TECNOLOGIA DA INFORMAÇÃO E SOCIEDADE;1976579.0;30;2013;1;2N12 (04/02/2013 - 22/06/2013);CONSOLIDADA;60.0;10.0
3169;1198533;04;52535;IMD0015;TECNOLOGIA DA INFORMAÇÃO E SOCIEDADE;1976579.0;30;2013;1;2N34 (04/02/2013 - 22/06/2013);CONSOLIDADA;60.0;
3170;1199665;05;52656;IMD0014;INTRODUÇÃO AO CÁLCULO;1967212.0;60;2013;1;36N34 (04/02/2013 - 22/06/2013);CONSOLIDADA;60.0;2.0
3171;1199670;06;52656;IMD0014;INTRODUÇÃO AO CÁLCULO;1967212.0;60;2013;1;36N12 (04/02/2013 - 22/06/2013);CONSOLIDADA;60.0;
3172;1200751;01;52651;IMD0012.0;INTRODUÇÃO ÀS TÉCNICAS DE PROGRAMAÇÃO;1978747.0;60;2013;1;46M34 (04/02/2013 - 22/06/2013);CONSOLIDADA;60.0;0.0
3173;1200752;01;52652;IMD0012.1;PRÁTICAS DE TÉCNICAS DE PROGRAMAÇÃO;1978747.0;30;2013;1;4M56 (04/02/2013 - 22/06/2013);CONSOLIDADA;30.0;1.0
3174;1200754;02;52652;IMD0012.1;PRÁTICAS DE TÉCNICAS DE PROGRAMAÇÃO;1978747.0;30;2013;1;6M56 (04/02/2013 - 22/06/2013);EXCLUÍDA;30.0;0.0
3175;1200755;02;52651;IMD0012.0;INTRODUÇÃO ÀS TÉCNICAS DE PROGRAMAÇÃO;1974582.0;60;2013;1;45N12 (04/02/2013 - 22/06/2013);CONSOLIDADA;60.0;12.0
3176;1200756;03;52652;IMD0012.1;PRÁTICAS DE TÉCNICAS DE PROGRAMAÇÃO;4351681.0;30;2013;1;3N12 (04/02/2013 - 22/06/2013);CONSOLIDADA;30.0;5.0
3177;1200757;04;52652;IMD0012.1;PRÁTICAS DE TÉCNICAS DE PROGRAMAÇÃO;4351681.0;30;2013;1;6N12 (04/02/2013 - 22/06/2013);CONSOLIDADA;30.0;8.0
3178;1200759;03;52651;IMD0012.0;INTRODUÇÃO ÀS TÉCNICAS DE PROGRAMAÇÃO;1974582.0;60;2013;1;45N34 (04/02/2013 - 22/06/2013);CONSOLIDADA;60.0;2.0
3179;1200760;05;52652;IMD0012.1;PRÁTICAS DE TÉCNICAS DE PROGRAMAÇÃO;4351681.0;30;2013;1;3N34 (04/02/2013 - 22/06/2013);CONSOLIDADA;30.0;
3180;1200762;06;52652;IMD0012.1;PRÁTICAS DE TÉCNICAS DE PROGRAMAÇÃO;4351681.0;30;2013;1;6N34 (04/02/2013 - 22/06/2013);CONSOLIDADA;30.0;2.0
3181;1200764;07;52657;IMD0016;PRÁTICAS DE LEITURA E ESCRITA EM PORTUGUÊS I;1973084.0;45;2013;1;6M12 (04/02/2013 - 22/06/2013);CONSOLIDADA;40.0;13.0
3182;1200786;04;52651;IMD0012.0;INTRODUÇÃO ÀS TÉCNICAS DE PROGRAMAÇÃO;1989811.0;60;2013;1;35M12 (04/02/2013 - 22/06/2013);CONSOLIDADA;60.0;4.0
3183;1200790;07;52652;IMD0012.1;PRÁTICAS DE TÉCNICAS DE PROGRAMAÇÃO;1976579.0;30;2013;1;3M34 (04/02/2013 - 22/06/2013);EXCLUÍDA;30.0;
3184;1200791;08;52652;IMD0012.1;PRÁTICAS DE TÉCNICAS DE PROGRAMAÇÃO;1989811.0;30;2013;1;5M34 (04/02/2013 - 22/06/2013);CONSOLIDADA;30.0;2.0
3185;1201080;01;52537;IMD0011.0;CIRCUITOS LÓGICOS;6350797.0;60;2013;1;24M34 (04/02/2013 - 22/06/2013);CONSOLIDADA;43.0;41.0
3186;1201082;01A;52538;IMD0011.1;LABORATÓRIO DE CIRCUITOS LÓGICOS;1694485.0;30;2013;1;2M56 (04/02/2013 - 22/06/2013);CONSOLIDADA;21.0;17.0
3187;1201084;02A;52538;IMD0011.1;LABORATÓRIO DE CIRCUITOS LÓGICOS;1694485.0;30;2013;1;4M56 (04/02/2013 - 22/06/2013);CONSOLIDADA;20.0;20.0
3188;1201085;02;52537;IMD0011.0;CIRCUITOS LÓGICOS;6350797.0;60;2013;1;35M34 (04/02/2013 - 22/06/2013);CONSOLIDADA;60.0;3.0
3189;1201086;03;52537;IMD0011.0;CIRCUITOS LÓGICOS;1544724.0;60;2013;1;46M34 (04/02/2013 - 22/06/2013);CONSOLIDADA;60.0;11.0
3190;1201088;03A;52538;IMD0011.1;LABORATÓRIO DE CIRCUITOS LÓGICOS;2809342.0;30;2013;1;3M56 (04/02/2013 - 22/06/2013);CONSOLIDADA;30.0;2.0
3191;1201090;04A;52538;IMD0011.1;LABORATÓRIO DE CIRCUITOS LÓGICOS;2809342.0;30;2013;1;5M56 (04/02/2013 - 22/06/2013);CONSOLIDADA;30.0;1.0
3192;1201092;05A;52538;IMD0011.1;LABORATÓRIO DE CIRCUITOS LÓGICOS;1966965.0;30;2013;1;4M12 (04/02/2013 - 22/06/2013);CONSOLIDADA;30.0;7.0
3193;1201094;06A;52538;IMD0011.1;LABORATÓRIO DE CIRCUITOS LÓGICOS;1966965.0;30;2013;1;6M12 (04/02/2013 - 22/06/2013);EXCLUÍDA;30.0;
3194;1201095;01;52653;IMD0013;ELEMENTOS DE MATEMÁTICA PARA COMPUTAÇÃO;1970923.0;90;2013;1;7M12  45N12 (04/02/2013 - 22/06/2013);CONSOLIDADA;60.0;2.0
3195;1201096;02;52653;IMD0013;ELEMENTOS DE MATEMÁTICA PARA COMPUTAÇÃO;1970923.0;90;2013;1;7M34  45N34 (04/02/2013 - 22/06/2013);CONSOLIDADA;60.0;8.0
3196;1201097;03;52653;IMD0013;ELEMENTOS DE MATEMÁTICA PARA COMPUTAÇÃO;1967212.0;30;2013;1;246M56 (04/02/2013 - 22/06/2013);CONSOLIDADA;60.0;12.0
3197;1201097;03;52653;IMD0013;ELEMENTOS DE MATEMÁTICA PARA COMPUTAÇÃO;1970917.0;60;2013;1;246M56 (04/02/2013 - 22/06/2013);CONSOLIDADA;60.0;12.0
3198;1201672;05;52651;IMD0012.0;INTRODUÇÃO ÀS TÉCNICAS DE PROGRAMAÇÃO;1363515.0;60;2013;1;35M34 (04/02/2013 - 22/06/2013);CONSOLIDADA;42.0;29.0
3199;1201680;09;52652;IMD0012.1;PRÁTICAS DE TÉCNICAS DE PROGRAMAÇÃO;1356585.0;30;2013;1;3M12 (04/02/2013 - 22/06/2013);CONSOLIDADA;23.0;20.0
3200;1201681;10;52652;IMD0012.1;PRÁTICAS DE TÉCNICAS DE PROGRAMAÇÃO;1356585.0;30;2013;1;5M12 (04/02/2013 - 22/06/2013);CONSOLIDADA;21.0;8.0
3201;1201683;04;52653;IMD0013;ELEMENTOS DE MATEMÁTICA PARA COMPUTAÇÃO;2177445.0;60;2013;1;356M56 (04/02/2013 - 22/06/2013);CONSOLIDADA;40.0;25.0
3202;1201683;04;52653;IMD0013;ELEMENTOS DE MATEMÁTICA PARA COMPUTAÇÃO;1517271.0;30;2013;1;356M56 (04/02/2013 - 22/06/2013);CONSOLIDADA;40.0;25.0
3203;1201684;05;52535;IMD0015;TECNOLOGIA DA INFORMAÇÃO E SOCIEDADE;2451906.0;30;2013;1;6M34 (04/02/2013 - 22/06/2013);CONSOLIDADA;31.0;15.0
3204;1201685;07;52656;IMD0014;INTRODUÇÃO AO CÁLCULO;1993404.0;60;2013;1;24M12 (04/02/2013 - 22/06/2013);CONSOLIDADA;31.0;9.0
3205;1201985;05;52653;IMD0013;ELEMENTOS DE MATEMÁTICA PARA COMPUTAÇÃO;1967212.0;30;2013;1;246M12 (04/02/2013 - 22/06/2013);CONSOLIDADA;60.0;2.0
3206;1201985;05;52653;IMD0013;ELEMENTOS DE MATEMÁTICA PARA COMPUTAÇÃO;1970917.0;30;2013;1;246M12 (04/02/2013 - 22/06/2013);CONSOLIDADA;60.0;2.0
3207;1201985;05;52653;IMD0013;ELEMENTOS DE MATEMÁTICA PARA COMPUTAÇÃO;2645969.0;30;2013;1;246M12 (04/02/2013 - 22/06/2013);CONSOLIDADA;60.0;2.0
3208;1202559;01;23499;DIM0040;CALCULO NUMERICO;347031.0;90;2013;1;246M12;CONSOLIDADA;40.0;17.0
3209;1202561;02;23499;DIM0040;CALCULO NUMERICO;347031.0;90;2013;1;246T34;CONSOLIDADA;40.0;15.0
3210;1202562;03;23499;DIM0040;CALCULO NUMERICO;1171465.0;90;2013;1;246N12;CONSOLIDADA;40.0;12.0
3211;1202567;01;2022857;DIM0110.0;ALGORITMOS E ESTRUTURAS DE DADOS I;1363515.0;60;2013;1;35M12;CONSOLIDADA;44.0;76.0
3212;1202570;01;2022901;DIM0111.0;ALGORITMOS E ESTRUTURAS DE DADOS II;1201268.0;60;2013;1;35M34;CONSOLIDADA;30.0;34.0
3213;1202571;02;2022901;DIM0111.0;ALGORITMOS E ESTRUTURAS DE DADOS II;1929823.0;30;2013;1;35T56;CONSOLIDADA;40.0;45.0
3214;1202571;02;2022901;DIM0111.0;ALGORITMOS E ESTRUTURAS DE DADOS II;1988053.0;30;2013;1;35T56;CONSOLIDADA;40.0;45.0
3215;1202572;01;2022902;DIM0111.1;PRÁTICA DE ALGORITMOS E ESTRUTURAS DE DADOS II;1929823.0;30;2013;1;3M12;CONSOLIDADA;15.0;15.0
3216;1202573;02;2022902;DIM0111.1;PRÁTICA DE ALGORITMOS E ESTRUTURAS DE DADOS II;1929823.0;30;2013;1;5M12;CONSOLIDADA;15.0;16.0
3217;1202574;03;2022902;DIM0111.1;PRÁTICA DE ALGORITMOS E ESTRUTURAS DE DADOS II;1929823.0;30;2013;1;6T12;CONSOLIDADA;20.0;27.0
3218;1202575;04;2022902;DIM0111.1;PRÁTICA DE ALGORITMOS E ESTRUTURAS DE DADOS II;1929823.0;30;2013;1;6T34;CONSOLIDADA;20.0;21.0
3219;1202576;01;25764;DIM0345;EMPREENDEDORISMO;1671962.0;60;2013;1;6T3456;CONSOLIDADA;50.0;73.0
3220;1202577;01;25258;DIM0405;PROPOSTA DE MONOGRAFIA DE GRADUACAO;2220777.0;30;2013;1;6M34;CONSOLIDADA;30.0;22.0
3221;1202578;01;21785;DIM0406;ALGORITMOS AVANÇADOS;1149561.0;60;2013;1;35M12;CONSOLIDADA;30.0;73.0
3222;1202579;01;21791;DIM0407;SISTEMAS EMBUTIDOS;6350797.0;60;2013;1;35M56;CONSOLIDADA;45.0;46.0
3223;1202580;01;21705;DIM0411;PROCESSAMENTO DE IMAGENS;2177445.0;60;2013;1;24M56;CONSOLIDADA;25.0;20.0
3224;1202581;01;21703;DIM0417;SISTEMAS MULTI - AGENTES;1350250.0;60;2013;1;35M56;CONSOLIDADA;20.0;4.0
3225;1202582;01;21792;DIM0423;ARQUITETURA DE SOFTWARE;1149392.0;60;2013;1;35M56;CONSOLIDADA;40.0;21.0
3226;1202583;01;21771;DIM0431;ORGANIZACAO E ARQUITETURA DE COMPUTADORES;1882699.0;60;2013;1;35M56;CONSOLIDADA;50.0;29.0
3227;1202584;01;21783;DIM0437;LINGUAGENS DE PROGRAMACAO: CONCEITOS E PARADIGMAS;1495704.0;60;2013;1;35M34;CONSOLIDADA;40.0;21.0
3228;1202585;01;21790;DIM0438;REDES DE COMPUTADORES;1525670.0;60;2013;1;24M34;CONSOLIDADA;40.0;30.0
3229;1202586;01;21759;DIM0439;TEORIA DA COMPUTACAO;1221251.0;60;2013;1;24M56;CONSOLIDADA;50.0;37.0
3230;1202587;02;21759;DIM0439;TEORIA DA COMPUTACAO;2212166.0;60;2013;1;35T12;CONSOLIDADA;40.0;46.0
3231;1202588;01;2054957;DIM0502;PROGRAMAÇÃO DISTRIBUÍDA;1678918.0;60;2013;1;24T34;CONSOLIDADA;40.0;31.0
3232;1202589;01;2054906;DIM0504;ANÁLISE E PROJETO ORIENTADO A OBJETOS;1754430.0;60;2013;1;35T12;CONSOLIDADA;40.0;29.0
3233;1202590;01;2054913;DIM0510;PROCESSOS DE SOFTWARE;1961108.0;60;2013;1;24T56;CONSOLIDADA;40.0;24.0
3234;1202591;01;2054914;DIM0511;ENGENHARIA DE REQUISITOS;2195240.0;60;2013;1;24T12;CONSOLIDADA;40.0;25.0
3235;1202592;01;2054915;DIM0512;TESTE DE SOFTWARE II;1709820.0;60;2013;1;35T12;CONSOLIDADA;20.0;18.0
3236;1202593;01;2054919;DIM0516;MÉTODOS FORMAIS DE ENGENHARIA DE SOFTWARE;1639701.0;60;2013;1;24T34;CONSOLIDADA;40.0;14.0
3237;1202594;01;2054921;DIM0517;GERÊNCIA DE CONFIGURAÇÃO E MUDANÇAS;1802737.0;60;2013;1;24T12;CONSOLIDADA;20.0;6.0
3238;1202595;01;2054922;DIM0518;PLANEJAMENTO E GERENCIAMENTO DE PROJETOS;1671962.0;60;2013;1;35T56;CONSOLIDADA;40.0;10.0
3239;1202597;01;42158;DIM0541.0;BANCO DE DADOS;1639701.0;60;2013;1;24T12;CONSOLIDADA;30.0;9.0
3240;1202598;01;42159;DIM0541.1;PRATICA DE BANCO DE DADOS;1639701.0;30;2013;1;3T34;CONSOLIDADA;30.0;9.0
3241;1202599;01;42161;DIM0543.0;DESENVOLVIMENTO DE SISTEMAS WEB;1644456.0;40;2013;1;35T34;CONSOLIDADA;30.0;15.0
3242;1202599;01;42161;DIM0543.0;DESENVOLVIMENTO DE SISTEMAS WEB;1149392.0;20;2013;1;35T34;CONSOLIDADA;30.0;15.0
3243;1202600;01;42162;DIM0543.1;PRATICA DE DESENVOLVIMENTO DE SISTEMAS WEB;1149392.0;10;2013;1;5T56;CONSOLIDADA;30.0;15.0
3244;1202600;01;42162;DIM0543.1;PRATICA DE DESENVOLVIMENTO DE SISTEMAS WEB;1644456.0;20;2013;1;5T56;CONSOLIDADA;30.0;15.0
3245;1202893;01;2040951;DIM0450;FUNDAMENTOS MATEMÁTICOS DA COMPUTAÇÃO;1345816.0;60;2013;1;24M34;CONSOLIDADA;45.0;46.0
3246;1202898;01;2022858;DIM0110.1;PRÁTICA DE ALGORITMOS E ESTRUTURAS DE DADOS I;1221251.0;30;2013;1;2M12;CONSOLIDADA;30.0;30.0
3247;1202901;02;2022858;DIM0110.1;PRÁTICA DE ALGORITMOS E ESTRUTURAS DE DADOS I;1221251.0;30;2013;1;4M12;CONSOLIDADA;30.0;46.0
3248;1202918;01;2054920;DIM0590;PROPOSTA DE TRABALHO DE CONCLUSÃO DE CURSO;1961108.0;30;2013;1;6T12;CONSOLIDADA;20.0;9.0
3249;1203362;01;25247;DIM0320;ALGORITMO E PROGRAMACAO DE COMPUTADORES;346494.0;60;2013;1;35M56;CONSOLIDADA;41.0;8.0
3250;1203365;01;21753;DIM0321;LINGUAGENS DE PROGRAMAÇÃO;1449231.0;60;2013;1;35M34;CONSOLIDADA;40.0;26.0
3251;1203367;02;21753;DIM0321;LINGUAGENS DE PROGRAMAÇÃO;1754430.0;60;2013;1;46T12;CONSOLIDADA;30.0;25.0
3252;1203368;03;21753;DIM0321;LINGUAGENS DE PROGRAMAÇÃO;2195240.0;60;2013;1;24T56;CONSOLIDADA;40.0;23.0
3253;1203369;01;21775;DIM0430;LOGICA APLICADA A COMPUTACAO;1517271.0;60;2013;1;35M34;CONSOLIDADA;40.0;17.0
3254;1203381;07A;52538;IMD0011.1;LABORATÓRIO DE CIRCUITOS LÓGICOS;1966965.0;30;2013;1;6M12 (04/02/2013 - 22/06/2013);CONSOLIDADA;30.0;9.0
3255;1203383;11;52652;IMD0012.1;PRÁTICAS DE TÉCNICAS DE PROGRAMAÇÃO;1978747.0;30;2013;1;6M56 (04/02/2013 - 22/06/2013);CONSOLIDADA;30.0;0.0
3256;1203384;12;52652;IMD0012.1;PRÁTICAS DE TÉCNICAS DE PROGRAMAÇÃO;1989811.0;30;2013;1;3M34 (04/02/2013 - 22/06/2013);CONSOLIDADA;30.0;2.0
3257;1203548;02;25247;DIM0320;ALGORITMO E PROGRAMACAO DE COMPUTADORES;1449231.0;60;2013;1;35T12;CONSOLIDADA;42.0;33.0
3258;1203549;03;25247;DIM0320;ALGORITMO E PROGRAMACAO DE COMPUTADORES;346494.0;60;2013;1;35T56;CONSOLIDADA;35.0;5.0
3259;1203550;04;25247;DIM0320;ALGORITMO E PROGRAMACAO DE COMPUTADORES;350518.0;60;2013;1;35M56;CONSOLIDADA;41.0;12.0
3260;1203551;05;25247;DIM0320;ALGORITMO E PROGRAMACAO DE COMPUTADORES;1495704.0;60;2013;1;35M56;CONSOLIDADA;40.0;18.0
3261;1203552;06;25247;DIM0320;ALGORITMO E PROGRAMACAO DE COMPUTADORES;346494.0;60;2013;1;35T34;CONSOLIDADA;50.0;7.0
3262;1203553;07;25247;DIM0320;ALGORITMO E PROGRAMACAO DE COMPUTADORES;1449231.0;60;2013;1;35T56;CONSOLIDADA;50.0;24.0
3263;1203554;08;25247;DIM0320;ALGORITMO E PROGRAMACAO DE COMPUTADORES;1929823.0;30;2013;1;35N12;CONSOLIDADA;48.0;73.0
3264;1203554;08;25247;DIM0320;ALGORITMO E PROGRAMACAO DE COMPUTADORES;1988053.0;30;2013;1;35N12;CONSOLIDADA;48.0;73.0
3265;1203555;09;25247;DIM0320;ALGORITMO E PROGRAMACAO DE COMPUTADORES;1961108.0;60;2013;1;35M56;CONSOLIDADA;45.0;46.0
3266;1203556;10;25247;DIM0320;ALGORITMO E PROGRAMACAO DE COMPUTADORES;350518.0;60;2013;1;35T56;CONSOLIDADA;50.0;33.0
3267;1203611;01;25248;DIM0103;INTRODUCAO A INFORMATICA;3366375.0;60;2013;1;35T34;CONSOLIDADA;40.0;26.0
3268;1203612;02;25248;DIM0103;INTRODUCAO A INFORMATICA;3366375.0;60;2013;1;46N34;CONSOLIDADA;40.0;15.0
3269;1203613;03;25248;DIM0103;INTRODUCAO A INFORMATICA;3366375.0;60;2013;1;24M34;CONSOLIDADA;48.0;17.0
3270;1203626;01;26920;DIM0095;TOPICOS ESPECIAIS EM COMPUTACAO VI;2524467.0;60;2013;1;24T34;CONSOLIDADA;30.0;25.0
3271;1203628;01;2054977;DIM0500;SISTEMAS DE COMPUTAÇÃO;1699087.0;60;2013;1;246T34;CONSOLIDADA;25.0;15.0
3272;1203628;01;2054977;DIM0500;SISTEMAS DE COMPUTAÇÃO;1882699.0;30;2013;1;246T34;CONSOLIDADA;25.0;15.0
3273;1203687;01;2054931;DIM0532;TÓPICOS ESPECIAIS EM ENGENHARIA DE SOFTWARE II;1213777.0;60;2013;1;35M56;CONSOLIDADA;20.0;22.0
3274;1203860;04;25248;DIM0103;INTRODUCAO A INFORMATICA;3366375.0;40;2013;1;35T56;CONSOLIDADA;41.0;14.0
3275;1203895;01;26930;DIM0333;ELEM.DE PESQ.OPER.APLIC. A INDUST.DO PETROLEO;1149561.0;60;2013;1;35M34;CONSOLIDADA;20.0;9.0
3276;57596647;01;2022854;DIM0109.0;CIRCUITOS LÓGICOS;1694485.0;60;2017;1;24M56;CONSOLIDADA;40.0;21.0
3277;57596648;01;2022855;DIM0109.1;LABORATÓRIO DE CIRCUITOS LÓGICOS;1694485.0;30;2017;1;4T12;CONSOLIDADA;40.0;21.0
3278;57596649;01;21771;DIM0431;ORGANIZACAO E ARQUITETURA DE COMPUTADORES;1882699.0;60;2017;1;35M56;CONSOLIDADA;40.0;10.0
3279;57596650;01;23558;DIM0404;CALCULO NUMERICO PARA CIENCIA DA COMPUTACAO;347031.0;60;2017;1;35M34;CONSOLIDADA;30.0;21.0
3280;57596651;01;52866;DIM0549;GRAFOS;1201268.0;60;2017;1;35M12 (13/02/2017 - 01/07/2017);CONSOLIDADA;45.0;46.0
3281;57596652;01;52972;DIM0601;FUNDAMENTOS MATEMÁTICOS DA COMPUTAÇÃO III;2251108.0;90;2017;1;246T12 (13/02/2017 - 01/07/2017);CONSOLIDADA;40.0;23.0
3282;57596653;01;55327;DIM0615.0;PROJETO DE SISTEMAS OPERACIONAIS;6350797.0;60;2017;1;24M34 (13/02/2017 - 01/07/2017);CONSOLIDADA;32.0;21.0
3283;57596654;01;55328;DIM0615.1;LABORATORIO DE PROJETO DE SISTEMAS OPERACIONAIS;2885532.0;30;2017;1;6M34 (13/02/2017 - 01/07/2017);CONSOLIDADA;40.0;21.0
3284;57596655;01;21790;DIM0438;REDES DE COMPUTADORES;1699087.0;60;2017;1;35M56;CONSOLIDADA;60.0;27.0
3285;57596656;01;52975;DIM0610;LÓGICA COMPUTACIONAL;2251108.0;30;2017;1;24M56 (13/02/2017 - 01/07/2017);CONSOLIDADA;40.0;11.0
3286;57596656;01;52975;DIM0610;LÓGICA COMPUTACIONAL;1345816.0;30;2017;1;24M56 (13/02/2017 - 01/07/2017);CONSOLIDADA;40.0;11.0
3287;57596657;01;55369;DIM0612;PROGRAMAÇÃO CONCORRENTE;2316877.0;60;2017;1;24T34 (13/02/2017 - 01/07/2017);CONSOLIDADA;40.0;23.0
3288;57596658;01;21787;DIM0436;ESPECIFICACAO E VERIFICACAO DE PROGRAMAS;1345816.0;30;2017;1;35T12;CONSOLIDADA;30.0;22.0
3289;57596658;01;21787;DIM0436;ESPECIFICACAO E VERIFICACAO DE PROGRAMAS;1709820.0;30;2017;1;35T12;CONSOLIDADA;30.0;22.0
3290;57596659;01;52990;DIM0611;COMPILADORES;1221251.0;90;2017;1;2M1234 4M12 (13/02/2017 - 01/07/2017);CONSOLIDADA;30.0;8.0
3291;57596660;01;55370;DIM0613;INTELIGENCIA ARTIFICIAL;2524467.0;60;2017;1;35T34 (13/02/2017 - 01/07/2017);CONSOLIDADA;30.0;10.0
3292;57596661;01;25258;DIM0405;PROPOSTA DE MONOGRAFIA DE GRADUACAO;1221251.0;30;2017;1;4M34;CONSOLIDADA;30.0;9.0
3293;57596662;01;52973;DIM0605;PROJETO E ANÁLISE DE ALGORITMOS;1988053.0;60;2017;1;24T34 (13/02/2017 - 01/07/2017);CONSOLIDADA;40.0;9.0
3294;57596663;01;21794;DIM0441;SISTEMAS DISTRIBUIDOS;2316877.0;60;2017;1;24T12;CONSOLIDADA;30.0;9.0
3295;57596664;01;26930;DIM0333;ELEM.DE PESQ.OPER.APLIC. A INDUST.DO PETROLEO;1149561.0;60;2017;1;35M34;CONSOLIDADA;30.0;4.0
3296;57596665;01;40136;DIM0445;COMPUTABILIDADE;2212166.0;60;2017;1;35T34;CONSOLIDADA;30.0;2.0
3297;57596666;01;21705;DIM0411;PROCESSAMENTO DE IMAGENS;1172485.0;60;2017;1;35M34;CONSOLIDADA;40.0;5.0
3298;57596667;01;2054928;DIM0529;DESENVOLVIMENTO EM TIMES;1149561.0;60;2017;1;35M56;CONSOLIDADA;30.0;26.0
3299;57596668;01;2054904;DIM0501;BOAS PRÁTICAS DE PROGRAMAÇÃO;2316877.0;30;2017;1;6T12;CONSOLIDADA;40.0;90.0
3300;57596669;01;2054911;DIM0507;TESTE DE SOFTWARE I;1709820.0;60;2017;1;35T34;CONSOLIDADA;40.0;35.0
3301;57596670;01;52867;DIM0546;DESENVOLVIMENTO DE SISTEMAS WEB I;1149392.0;60;2017;1;35T12 (13/02/2017 - 01/07/2017);CONSOLIDADA;42.0;72.0
3302;57596671;01;2054910;DIM0506;PROJETO DETALHADO DE SOFTWARE;1644456.0;60;2017;1;24T12;CONSOLIDADA;34.0;31.0
3303;57596672;01;42158;DIM0541.0;BANCO DE DADOS;1639701.0;60;2017;1;24T34;CONSOLIDADA;40.0;60.0
3304;57596673;01;42159;DIM0541.1;PRATICA DE BANCO DE DADOS;1639701.0;30;2017;1;6T34;CONSOLIDADA;40.0;60.0
3305;57596674;01;2054914;DIM0511;ENGENHARIA DE REQUISITOS;2195240.0;60;2017;1;35T12;CONSOLIDADA;33.0;19.0
3306;57596675;01;2054919;DIM0516;MÉTODOS FORMAIS DE ENGENHARIA DE SOFTWARE;1639701.0;60;2017;1;24T12;CONSOLIDADA;36.0;11.0
3307;57596676;01;2054922;DIM0518;PLANEJAMENTO E GERENCIAMENTO DE PROJETOS;2195240.0;60;2017;1;35T56;CONSOLIDADA;30.0;24.0
3308;57596677;01;2054913;DIM0510;PROCESSOS DE SOFTWARE;1961108.0;60;2017;1;35T12;CONSOLIDADA;30.0;11.0
3309;57596678;01;2054921;DIM0517;GERÊNCIA DE CONFIGURAÇÃO E MUDANÇAS;1671962.0;60;2017;1;24T34;CONSOLIDADA;30.0;14.0
3310;57596679;01;2054906;DIM0504;ANÁLISE E PROJETO ORIENTADO A OBJETOS;1754430.0;60;2017;1;35T34;CONSOLIDADA;27.0;25.0
3311;57596680;01;2054953;DIM0537;TÓPICOS ESPECIAIS EM ENGENHARIA DE SOFTWARE VII;1754430.0;60;2017;1;35T56;EXCLUÍDA;30.0;0.0
3312;57596681;01;2054954;DIM0538;TÓPICOS ESPECIAIS EM ENGENHARIA DE SOFTWARE VIII;1356585.0;60;2017;1;35T34;CONSOLIDADA;30.0;17.0
3313;57596682;01;25764;DIM0345;EMPREENDEDORISMO;1671962.0;60;2017;1;24T56;CONSOLIDADA;30.0;37.0
3314;57596683;01;21759;DIM0439;TEORIA DA COMPUTACAO;2212166.0;60;2017;1;35T12;CONSOLIDADA;51.0;67.0
3315;57596684;01;25247;DIM0320;ALGORITMO E PROGRAMACAO DE COMPUTADORES;347031.0;60;2017;1;35T12;CONSOLIDADA;55.0;16.0
3316;57596685;01;2054925;DIM0522;LINHAS DE PRODUTO DE SOFTWARE;1644456.0;60;2017;1;24T34;CONSOLIDADA;30.0;10.0
3317;57597046;01;21783;DIM0437;LINGUAGENS DE PROGRAMACAO: CONCEITOS E PARADIGMAS;1495704.0;60;2017;1;24M34;CONSOLIDADA;40.0;18.0
3318;57597049;01;55371;DIM0614;PROGRAMAÇÃO DISTRIBUÍDA;2510306.0;30;2017;1;35M56 (13/02/2017 - 01/07/2017);CONSOLIDADA;40.0;28.0
3319;57597049;01;55371;DIM0614;PROGRAMAÇÃO DISTRIBUÍDA;1213777.0;30;2017;1;35M56 (13/02/2017 - 01/07/2017);CONSOLIDADA;40.0;28.0
3320;57597051;01;55031;IMD0019;RESOLUÇÃO DE PROBLEMAS MATEMÁTICOS PARA TI;2241509.0;150;2017;1;246M3456 (13/02/2017 - 01/07/2017);CONSOLIDADA;83.0;22.0
3321;57597051;01;55031;IMD0019;RESOLUÇÃO DE PROBLEMAS MATEMÁTICOS PARA TI;2140866.0;30;2017;1;246M3456 (13/02/2017 - 01/07/2017);CONSOLIDADA;83.0;22.0
3322;57597054;01;2054955;DIM0539;TÓPICOS ESPECIAIS EM ENGENHARIA DE SOFTWARE IX;1709820.0;30;2017;1;5M56;CONSOLIDADA;40.0;12.0
3323;57597055;02;55031;IMD0019;RESOLUÇÃO DE PROBLEMAS MATEMÁTICOS PARA TI;5686308.0;150;2017;1;246M3456 (13/02/2017 - 01/07/2017);CONSOLIDADA;81.0;16.0
3324;57597055;02;55031;IMD0019;RESOLUÇÃO DE PROBLEMAS MATEMÁTICOS PARA TI;2140866.0;30;2017;1;246M3456 (13/02/2017 - 01/07/2017);CONSOLIDADA;81.0;16.0
3325;57597057;03;55031;IMD0019;RESOLUÇÃO DE PROBLEMAS MATEMÁTICOS PARA TI;2241509.0;150;2017;1;246T1234 (13/02/2017 - 01/07/2017);CONSOLIDADA;89.0;50.0
3326;57597057;03;55031;IMD0019;RESOLUÇÃO DE PROBLEMAS MATEMÁTICOS PARA TI;2978747.0;30;2017;1;246T1234 (13/02/2017 - 01/07/2017);CONSOLIDADA;89.0;50.0
3327;57597058;04;55031;IMD0019;RESOLUÇÃO DE PROBLEMAS MATEMÁTICOS PARA TI;2241425.0;30;2017;1;246N1234 (13/02/2017 - 01/07/2017);CONSOLIDADA;87.0;25.0
3328;57597058;04;55031;IMD0019;RESOLUÇÃO DE PROBLEMAS MATEMÁTICOS PARA TI;3049192.0;150;2017;1;246N1234 (13/02/2017 - 01/07/2017);CONSOLIDADA;87.0;25.0
3329;57597060;01;52813;DIM0548;ENGENHARIA DE LINGUAGENS;1495704.0;60;2017;1;24M56 (13/02/2017 - 01/07/2017);CONSOLIDADA;30.0;22.0
3330;57597062;05;55031;IMD0019;RESOLUÇÃO DE PROBLEMAS MATEMÁTICOS PARA TI;2241425.0;30;2017;1;246N1234 (13/02/2017 - 01/07/2017);CONSOLIDADA;77.0;30.0
3331;57597062;05;55031;IMD0019;RESOLUÇÃO DE PROBLEMAS MATEMÁTICOS PARA TI;2693180.0;150;2017;1;246N1234 (13/02/2017 - 01/07/2017);CONSOLIDADA;77.0;30.0
3332;57597067;01;55019;IMD0017;PRÁTICAS DE LEITURA E ESCRITA EM PORTUGUÊS I;2981295.0;30;2017;1;5M34 (13/02/2017 - 01/07/2017);CONSOLIDADA;70.0;6.0
3333;57597068;02;55019;IMD0017;PRÁTICAS DE LEITURA E ESCRITA EM PORTUGUÊS I;2916579.0;30;2017;1;5M56 (13/02/2017 - 01/07/2017);CONSOLIDADA;70.0;4.0
3334;57597071;03;55019;IMD0017;PRÁTICAS DE LEITURA E ESCRITA EM PORTUGUÊS I;2916579.0;30;2017;1;5T12 (13/02/2017 - 01/07/2017);EXCLUÍDA;70.0;0.0
3335;57597074;04;55019;IMD0017;PRÁTICAS DE LEITURA E ESCRITA EM PORTUGUÊS I;2916579.0;30;2017;1;5T34 (13/02/2017 - 01/07/2017);CONSOLIDADA;70.0;5.0
3336;57597076;05;55019;IMD0017;PRÁTICAS DE LEITURA E ESCRITA EM PORTUGUÊS I;2981295.0;30;2017;1;3N12 (13/02/2017 - 01/07/2017);CONSOLIDADA;70.0;7.0
3337;57597094;06;55019;IMD0017;PRÁTICAS DE LEITURA E ESCRITA EM PORTUGUÊS I;2981295.0;30;2017;1;3N34 (13/02/2017 - 01/07/2017);CONSOLIDADA;70.0;5.0
3338;57597109;01;55020;IMD0018;PRÁTICAS DE LEITURA EM INGLÊS;1066675.0;30;2017;1;3M34 (13/02/2017 - 01/07/2017);CONSOLIDADA;70.0;8.0
3339;57597110;02;55020;IMD0018;PRÁTICAS DE LEITURA EM INGLÊS;1066675.0;30;2017;1;3M56 (13/02/2017 - 01/07/2017);CONSOLIDADA;70.0;7.0
3340;57597111;03;55020;IMD0018;PRÁTICAS DE LEITURA EM INGLÊS;1066675.0;30;2017;1;3T34 (13/02/2017 - 01/07/2017);CONSOLIDADA;70.0;6.0
3341;57597112;04;55020;IMD0018;PRÁTICAS DE LEITURA EM INGLÊS;1066675.0;30;2017;1;5N12 (13/02/2017 - 01/07/2017);CONSOLIDADA;70.0;12.0
3342;57597113;05;55020;IMD0018;PRÁTICAS DE LEITURA EM INGLÊS;1066675.0;30;2017;1;5N34 (13/02/2017 - 01/07/2017);CONSOLIDADA;70.0;3.0
3343;57597117;01;55082;IMD0020;TECNOLOGIA DA INFORMAÇÃO E SOCIEDADE;2245086.0;30;2017;1;5T56 (13/02/2017 - 01/07/2017);CONSOLIDADA;70.0;15.0
3344;57597123;02;55082;IMD0020;TECNOLOGIA DA INFORMAÇÃO E SOCIEDADE;2164809.0;30;2017;1;3M34 (13/02/2017 - 01/07/2017);CONSOLIDADA;70.0;8.0
3345;57597125;03;55082;IMD0020;TECNOLOGIA DA INFORMAÇÃO E SOCIEDADE;2164809.0;30;2017;1;3M56 (13/02/2017 - 01/07/2017);CONSOLIDADA;70.0;11.0
3346;57597126;04;55082;IMD0020;TECNOLOGIA DA INFORMAÇÃO E SOCIEDADE;2451906.0;30;2017;1;5N12 (13/02/2017 - 01/07/2017);CONSOLIDADA;70.0;8.0
3347;57597128;05;55082;IMD0020;TECNOLOGIA DA INFORMAÇÃO E SOCIEDADE;2451906.0;30;2017;1;5N34 (13/02/2017 - 01/07/2017);CONSOLIDADA;70.0;4.0
3348;57597569;01;52651;IMD0012.0;INTRODUÇÃO ÀS TÉCNICAS DE PROGRAMAÇÃO;2929823.0;60;2017;1;35M34 (13/02/2017 - 01/07/2017);CONSOLIDADA;40.0;41.0
3349;57597571;02;52651;IMD0012.0;INTRODUÇÃO ÀS TÉCNICAS DE PROGRAMAÇÃO;2524467.0;60;2017;1;35M34 (13/02/2017 - 01/07/2017);CONSOLIDADA;30.0;15.0
3350;57597572;03;52651;IMD0012.0;INTRODUÇÃO ÀS TÉCNICAS DE PROGRAMAÇÃO;2266415.0;60;2017;1;35T34 (13/02/2017 - 01/07/2017);CONSOLIDADA;40.0;41.0
3351;57597573;04;52651;IMD0012.0;INTRODUÇÃO ÀS TÉCNICAS DE PROGRAMAÇÃO;2467763.0;30;2017;1;35N12 (13/02/2017 - 01/07/2017);CONSOLIDADA;40.0;39.0
3352;57597573;04;52651;IMD0012.0;INTRODUÇÃO ÀS TÉCNICAS DE PROGRAMAÇÃO;2241425.0;30;2017;1;35N12 (13/02/2017 - 01/07/2017);CONSOLIDADA;40.0;39.0
3353;57597576;01;52652;IMD0012.1;PRÁTICAS DE TÉCNICAS DE PROGRAMAÇÃO;2929823.0;30;2017;1;3M56 (13/02/2017 - 01/07/2017);CONSOLIDADA;40.0;42.0
3354;57597577;02;52652;IMD0012.1;PRÁTICAS DE TÉCNICAS DE PROGRAMAÇÃO;2524467.0;30;2017;1;5M56 (13/02/2017 - 01/07/2017);CONSOLIDADA;40.0;16.0
3355;57597579;03;52652;IMD0012.1;PRÁTICAS DE TÉCNICAS DE PROGRAMAÇÃO;2266415.0;30;2017;1;3T56 (13/02/2017 - 01/07/2017);CONSOLIDADA;41.0;42.0
3356;57597580;04;52652;IMD0012.1;PRÁTICAS DE TÉCNICAS DE PROGRAMAÇÃO;2241425.0;30;2017;1;5N34 (13/02/2017 - 01/07/2017);CONSOLIDADA;40.0;36.0
3357;57597581;01;52662;IMD0024;CÁLCULO DIFERENCIAL E INTEGRAL I;2042579.0;90;2017;1;246M34 (13/02/2017 - 01/07/2017);CONSOLIDADA;60.0;44.0
3358;57597582;02;52662;IMD0024;CÁLCULO DIFERENCIAL E INTEGRAL I;4857233.0;90;2017;1;246T12 (13/02/2017 - 01/07/2017);CONSOLIDADA;60.0;54.0
3359;57597583;03;52662;IMD0024;CÁLCULO DIFERENCIAL E INTEGRAL I;4857233.0;90;2017;1;246N34 (13/02/2017 - 01/07/2017);CONSOLIDADA;60.0;35.0
3360;57597584;01;55021;IMD0027;PRÁTICAS DE LEITURA E ESCRITA EM PORTUGUÊS II;2916579.0;30;2017;1;5T56 (13/02/2017 - 01/07/2017);CONSOLIDADA;60.0;61.0
3361;57597591;02;55021;IMD0027;PRÁTICAS DE LEITURA E ESCRITA EM PORTUGUÊS II;2916579.0;30;2017;1;2N12 (13/02/2017 - 01/07/2017);EXCLUÍDA;60.0;0.0
3362;57597592;01;55022;IMD0028;FUNDAMENTOS MATEMÁTICOS DA COMPUTAÇÃO I;1988053.0;90;2017;1;246M56 (13/02/2017 - 01/07/2017);CONSOLIDADA;73.0;70.0
3363;57597593;02;55022;IMD0028;FUNDAMENTOS MATEMÁTICOS DA COMPUTAÇÃO I;1495851.0;90;2017;1;246T56 (13/02/2017 - 01/07/2017);EXCLUÍDA;60.0;0.0
3364;57597594;03;55022;IMD0028;FUNDAMENTOS MATEMÁTICOS DA COMPUTAÇÃO I;1495851.0;90;2017;1;246N34 (13/02/2017 - 01/07/2017);EXCLUÍDA;60.0;0.0
3365;57597595;01;52665;IMD0034;VETORES E GEOMETRIA ANALÍTICA;2042579.0;60;2017;1;24M12 (13/02/2017 - 01/07/2017);CONSOLIDADA;60.0;36.0
3366;57597596;02;52665;IMD0034;VETORES E GEOMETRIA ANALÍTICA;2042579.0;60;2017;1;24T34 (13/02/2017 - 01/07/2017);EXCLUÍDA;60.0;0.0
3367;57597598;01;55023;IMD0029;ESTRUTURA DE DADOS BÁSICAS I;2497950.0;60;2017;1;35M12 (13/02/2017 - 01/07/2017);CONSOLIDADA;40.0;38.0
3368;57597664;02;25247;DIM0320;ALGORITMO E PROGRAMACAO DE COMPUTADORES;1096045.0;60;2017;1;35N12;CONSOLIDADA;50.0;54.0
3369;57597681;01;21753;DIM0321;LINGUAGENS DE PROGRAMAÇÃO;1754430.0;60;2017;1;35T12;CONSOLIDADA;35.0;27.0
3370;57597684;01;25248;DIM0103;INTRODUCAO A INFORMATICA;1096045.0;60;2017;1;35T12;CONSOLIDADA;40.0;36.0
3371;57597686;02;25248;DIM0103;INTRODUCAO A INFORMATICA;2246650.0;60;2017;1;2M56 6M12;CONSOLIDADA;44.0;15.0
3372;57597687;01;21747;DIM0104;SOFTWARES APLICATIVOS;2246650.0;60;2017;1;24T12;CONSOLIDADA;40.0;31.0
3373;57597694;03;25247;DIM0320;ALGORITMO E PROGRAMACAO DE COMPUTADORES;2929823.0;60;2017;1;35T34;CONSOLIDADA;30.0;35.0
3374;57597695;02;21753;DIM0321;LINGUAGENS DE PROGRAMAÇÃO;1096045.0;60;2017;1;24T56;CONSOLIDADA;40.0;9.0
3375;57597696;03;21753;DIM0321;LINGUAGENS DE PROGRAMAÇÃO;2246650.0;60;2017;1;35N12;CONSOLIDADA;40.0;43.0
3376;57597708;02;55023;IMD0029;ESTRUTURA DE DADOS BÁSICAS I;2276280.0;60;2017;1;35T34 (13/02/2017 - 01/07/2017);CONSOLIDADA;42.0;69.0
3377;57597710;04;55023;IMD0029;ESTRUTURA DE DADOS BÁSICAS I;2274774.0;60;2017;1;35N12 (13/02/2017 - 01/07/2017);CONSOLIDADA;32.0;41.0
3378;57597718;01;55024;IMD0030;LINGUAGEM DE PROGRAMAÇÃO I;2497950.0;60;2017;1;35M34 (13/02/2017 - 01/07/2017);CONSOLIDADA;40.0;38.0
3379;57597719;02;55024;IMD0030;LINGUAGEM DE PROGRAMAÇÃO I;2316877.0;30;2017;1;35T12 (13/02/2017 - 01/07/2017);CONSOLIDADA;43.0;66.0
3380;57597719;02;55024;IMD0030;LINGUAGEM DE PROGRAMAÇÃO I;2266415.0;30;2017;1;35T12 (13/02/2017 - 01/07/2017);CONSOLIDADA;43.0;66.0
3381;57597731;04;55024;IMD0030;LINGUAGEM DE PROGRAMAÇÃO I;2278805.0;60;2017;1;35N34 (13/02/2017 - 01/07/2017);CONSOLIDADA;32.0;64.0
3382;57597912;01;52664;IMD0033;PROBABILIDADE;1350250.0;60;2017;1;24M12 (13/02/2017 - 01/07/2017);CONSOLIDADA;60.0;24.0
3383;57597913;02;52664;IMD0033;PROBABILIDADE;2989758.0;60;2017;1;26N34 (13/02/2017 - 01/07/2017);CONSOLIDADA;41.0;46.0
3384;57597922;01;55025;IMD0038;FUNDAMENTOS MATEMÁTICOS DA COMPUTAÇÃO II;2278403.0;90;2017;1;246T56 (13/02/2017 - 01/07/2017);CONSOLIDADA;60.0;49.0
3385;57597928;02;55025;IMD0038;FUNDAMENTOS MATEMÁTICOS DA COMPUTAÇÃO II;2278403.0;90;2017;1;246N12 (13/02/2017 - 01/07/2017);CONSOLIDADA;60.0;54.0
3386;57597936;01;55026;IMD0039;ESTRUTURAS DE DADOS BÁSICAS II;2859606.0;60;2017;1;35M12 (13/02/2017 - 01/07/2017);CONSOLIDADA;40.0;22.0
3387;57597941;02;55026;IMD0039;ESTRUTURAS DE DADOS BÁSICAS II;2170415.0;60;2017;1;35N12 (13/02/2017 - 01/07/2017);CONSOLIDADA;50.0;56.0
3388;57597942;01;55027;IMD0040;LINGUAGEM DE PROGRAMAÇÃO II;4351681.0;60;2017;1;35M34 (13/02/2017 - 01/07/2017);CONSOLIDADA;40.0;29.0
3389;57597962;02;55027;IMD0040;LINGUAGEM DE PROGRAMAÇÃO II;1542998.0;60;2017;1;35N34 (13/02/2017 - 01/07/2017);CONSOLIDADA;40.0;40.0
3390;57597963;01;55029;IMD0041;INTRODUÇÃO A ORGANIZAÇÃO E ARQUITETURA DE COMPUTADORES;2140727.0;60;2017;1;24T34 (13/02/2017 - 01/07/2017);CONSOLIDADA;46.0;62.0
3391;57597965;02;55029;IMD0041;INTRODUÇÃO A ORGANIZAÇÃO E ARQUITETURA DE COMPUTADORES;1721835.0;60;2017;1;24N34 (13/02/2017 - 01/07/2017);CONSOLIDADA;43.0;45.0
3392;57597969;01;55028;IMD0043;REDES DE COMPUTADORES;2467763.0;60;2017;1;6T56  6N12 (13/02/2017 - 01/07/2017);EXCLUÍDA;40.0;14.0
3393;57597971;01;59735;IMD0105;TÓPICOS ESPECIAIS EM TECNOLOGIA DA INFORMAÇÃO VI;2885532.0;60;2017;1;24T12 (13/02/2017 - 01/07/2017);CONSOLIDADA;33.0;49.0
3394;57597977;01;52672;IMD0308;SISTEMAS EMBARCADOS DE TEMPO REAL;2244846.0;60;2017;1;24M34 (13/02/2017 - 01/07/2017);CONSOLIDADA;30.0;1.0
3395;57597981;01;55036;IMD0319;TEORIA DE CIRCUITOS ELÉTRICOS;2140683.0;60;2017;1;35M56 (13/02/2017 - 01/07/2017);CONSOLIDADA;60.0;6.0
3396;57597983;01;55039;IMD0322;SISTEMAS DIGITAIS RECONFIGURÁVEIS;6350797.0;60;2017;1;246M56 (13/02/2017 - 01/07/2017);CONSOLIDADA;30.0;5.0
3397;57597983;01;55039;IMD0322;SISTEMAS DIGITAIS RECONFIGURÁVEIS;2244846.0;30;2017;1;246M56 (13/02/2017 - 01/07/2017);CONSOLIDADA;30.0;5.0
3398;57597987;01;55037;IMD0323;METODOLOGIAS DE PROJETOS EM SISTEMAS EMBARCADOS;2974721.0;60;2017;1;24M56 (13/02/2017 - 01/07/2017);CONSOLIDADA;30.0;10.0
3399;57597992;01;55043;IMD0328;TÉCNICAS DE PROTOTIPAÇÃO E MONTAGEM DE CIRCUITOS E SISTEMAS ELETRÔNICOS;2140683.0;60;2017;1;35M34 (13/02/2017 - 01/07/2017);CONSOLIDADA;30.0;19.0
3400;57597996;01;52792;IMD0403;PROGRAMAÇÃO COM BANCO DE DADOS;4351681.0;60;2017;1;24N12 (13/02/2017 - 01/07/2017);CONSOLIDADA;40.0;10.0
3401;57597999;01;52685;IMD0405;FUNDAMENTOS DE SISTEMAS DE INFORMAÇÃO;2278573.0;60;2017;1;24N12 (13/02/2017 - 01/07/2017);CONSOLIDADA;31.0;44.0
3402;57598002;01;52684;IMD0408;PROCESSOS DE SOFTWARE;2274774.0;60;2017;1;35N34 (13/02/2017 - 01/07/2017);CONSOLIDADA;40.0;10.0
3403;57598004;01;52791;IMD0409;DESENVOLVIMENTO DE SISTEMAS WEB II;1542998.0;60;2017;1;35N12 (13/02/2017 - 01/07/2017);CONSOLIDADA;30.0;27.0
3404;57598017;01;52796;IMD0414;SISTEMA DE INFORMAÇÃO DISTRIBUÍDO;2510306.0;60;2017;1;35N34 (13/02/2017 - 01/07/2017);CONSOLIDADA;60.0;4.0
3405;57598020;01;52686;IMD0415;GESTÃO DE INFRAESTRUTURA DE TI;2278573.0;60;2017;1;24N34 (13/02/2017 - 01/07/2017);CONSOLIDADA;40.0;79.0
3406;57598058;01;52687;IMD0416;SEGURANÇA DA INFORMAÇÃO;2241425.0;60;2017;1;26N12 (13/02/2017 - 01/07/2017);EXCLUÍDA;40.0;0.0
3407;57598061;01;55083;IMD0423;DESIGN DE SOFTWARE I;2245086.0;90;2017;1;356N12 (13/02/2017 - 01/07/2017);CONSOLIDADA;42.0;48.0
3408;57598066;01;52693;IMD0505;DESIGN DA INTERAÇÃO HUMANO-COMPUTADOR;1976579.0;60;2017;1;24T56 (13/02/2017 - 01/07/2017);CONSOLIDADA;40.0;42.0
3409;57598069;01;52694;IMD0506;SISTEMAS COLABORATIVOS DE APOIO À APRENDIZAGEM;2451906.0;60;2017;1;35T56 (13/02/2017 - 01/07/2017);CONSOLIDADA;30.0;45.0
3410;57598070;01;52699;IMD0512;AVALIAÇÃO DA INTERAÇÃO HUMANO-COMPUTADOR;1976579.0;60;2017;1;24N12 (13/02/2017 - 01/07/2017);CONSOLIDADA;40.0;39.0
3411;57598072;01;55055;IMD0517;FUNDAMENTOS PEDAGÓGICOS PARA A INFORMÁTICA EDUCACIONAL I;2178446.0;60;2017;1;24N34 (13/02/2017 - 01/07/2017);CONSOLIDADA;33.0;33.0
3412;57598073;01;55085;IMD0524;EDUCAÇÃO A DISTÂNCIA;2178446.0;60;2017;1;24T56 (13/02/2017 - 01/07/2017);CONSOLIDADA;33.0;38.0
3413;57598074;01;61129;IMD0701;ADMINISTRAÇÃO DE SISTEMAS OPERACIONAIS PARA REDES;1054235.0;60;2017;1;24N12 (13/02/2017 - 01/07/2017);CONSOLIDADA;40.0;51.0
3414;57598075;01;61130;IMD0705;PRINCÍPIOS DE LEGISLAÇÃO APLICÁVEIS À TECNOLOGIA DA INFORMAÇÃO E COMUNICAÇÃO DE DADOS;2266415.0;30;2017;1;3N12 (13/02/2017 - 01/07/2017);CONSOLIDADA;60.0;40.0
3415;57598078;01;61132;IMD0822;PROJETO DE INOVAÇÃO TECNOLÓGICA;2978747.0;30;2017;1;6T3456 (13/02/2017 - 01/07/2017);CONSOLIDADA;60.0;25.0
3416;57598078;01;61132;IMD0822;PROJETO DE INOVAÇÃO TECNOLÓGICA;2645969.0;30;2017;1;6T3456 (13/02/2017 - 01/07/2017);CONSOLIDADA;60.0;25.0
3417;57598079;01;55059;IMD0521;FUNDAMENTOS DE JOGOS DIGITAIS;2978747.0;60;2017;1;24T56 (13/02/2017 - 01/07/2017);CONSOLIDADA;45.0;123.0
3418;57599133;04;25247;DIM0320;ALGORITMO E PROGRAMACAO DE COMPUTADORES;347031.0;60;2017;1;35M56;CONSOLIDADA;35.0;12.0
3419;57599134;05;25247;DIM0320;ALGORITMO E PROGRAMACAO DE COMPUTADORES;2246650.0;60;2017;1;35M56;CONSOLIDADA;55.0;20.0
3420;57599135;06;25247;DIM0320;ALGORITMO E PROGRAMACAO DE COMPUTADORES;1096045.0;60;2017;1;35M56;CONSOLIDADA;55.0;19.0
3421;57600128;03;55021;IMD0027;PRÁTICAS DE LEITURA E ESCRITA EM PORTUGUÊS II;2981295.0;30;2017;1;2N34 (13/02/2017 - 01/07/2017);CONSOLIDADA;60.0;24.0
3422;57600129;04;55022;IMD0028;FUNDAMENTOS MATEMÁTICOS DA COMPUTAÇÃO I;2693180.0;90;2017;1;246T34 (13/02/2017 - 01/07/2017);CONSOLIDADA;72.0;100.0
3423;57600130;05;55022;IMD0028;FUNDAMENTOS MATEMÁTICOS DA COMPUTAÇÃO I;2989758.0;90;2017;1;246N12 (13/02/2017 - 01/07/2017);CONSOLIDADA;71.0;93.0
3424;57600131;05;55023;IMD0029;ESTRUTURA DE DADOS BÁSICAS I;2859562.0;60;2017;1;35N34 (13/02/2017 - 01/07/2017);CONSOLIDADA;32.0;29.0
3425;57600132;05;55024;IMD0030;LINGUAGEM DE PROGRAMAÇÃO I;2859562.0;60;2017;1;35N12 (13/02/2017 - 01/07/2017);CONSOLIDADA;32.0;44.0
3426;57600133;04;52665;IMD0034;VETORES E GEOMETRIA ANALÍTICA;5686308.0;60;2017;1;46N34 (13/02/2017 - 01/07/2017);CONSOLIDADA;60.0;31.0
3427;57600134;05;52665;IMD0034;VETORES E GEOMETRIA ANALÍTICA;2042579.0;60;2017;1;24T56 (13/02/2017 - 01/07/2017);CONSOLIDADA;60.0;71.0
3428;57600756;02;55028;IMD0043;REDES DE COMPUTADORES;2467763.0;60;2017;1;35N34 (13/02/2017 - 01/07/2017);CONSOLIDADA;40.0;32.0
3429;57600758;01;63932;IMD0707;TECNOLOGIAS DE COMUNICAÇÃO DE DADOS;2140683.0;60;2017;1;24T56 (13/02/2017 - 01/07/2017);EXCLUÍDA;40.0;0.0
3430;57600759;01;61117;IMD0271;TÓPICOS ESPECIAIS EM REDES DE COMPUTADORES B;2467763.0;60;2017;1;35M12 (13/02/2017 - 01/07/2017);EXCLUÍDA;40.0;0.0
3431;57600762;01;63933;IMD0708;PROGRAMAÇÃO EM HARDWARE DE REDES;2149456.0;30;2017;1;35T56 (13/02/2017 - 01/07/2017);EXCLUÍDA;40.0;0.0
3432;57600762;01;63933;IMD0708;PROGRAMAÇÃO EM HARDWARE DE REDES;2244846.0;30;2017;1;35T56 (13/02/2017 - 01/07/2017);EXCLUÍDA;40.0;0.0
3433;57600766;01;63934;IMD0725;DESENVOLVIMENTO DE PROJETOS DE REDES DE COMPUTADORES;2149456.0;60;2017;1;24N34 (13/02/2017 - 01/07/2017);EXCLUÍDA;40.0;0.0
3434;57600774;02;63934;IMD0725;DESENVOLVIMENTO DE PROJETOS DE REDES DE COMPUTADORES;2149456.0;60;2017;1;24N12 (13/02/2017 - 01/07/2017);CONSOLIDADA;31.0;38.0
3435;57600779;02;61117;IMD0271;TÓPICOS ESPECIAIS EM REDES DE COMPUTADORES B;2467763.0;60;2017;1;24M12 (13/02/2017 - 01/07/2017);CONSOLIDADA;40.0;14.0
3436;57600790;02;63932;IMD0707;TECNOLOGIAS DE COMUNICAÇÃO DE DADOS;2140683.0;60;2017;1;35T56 (13/02/2017 - 01/07/2017);CONSOLIDADA;40.0;10.0
3437;57600792;02;63933;IMD0708;PROGRAMAÇÃO EM HARDWARE DE REDES;2244846.0;30;2017;1;24T56 (13/02/2017 - 01/07/2017);CONSOLIDADA;40.0;6.0
3438;57600792;02;63933;IMD0708;PROGRAMAÇÃO EM HARDWARE DE REDES;2149456.0;30;2017;1;24T56 (13/02/2017 - 01/07/2017);CONSOLIDADA;40.0;6.0
3439;57687676;01;26915;DIM0090;TOPICOS ESPECIAIS EM COMPUTACAO I;1517271.0;30;2021;2;2T56;CONSOLIDADA;30.0;18.0
3440;57687677;01;64732;DIM0117;ESTRUTURAS DE DADOS BÁSICAS II;2859606.0;60;2021;2;35M56 (18/10/2021 - 19/02/2022);CONSOLIDADA;30.0;34.0
3441;57687678;01;64786;DIM0119;ESTRUTURA DE DADOS BÁSICAS I;2497950.0;60;2021;2;35M12 (18/10/2021 - 19/02/2022);CONSOLIDADA;30.0;8.0
3442;57687679;01;64787;DIM0120;LINGUAGEM DE PROGRAMAÇÃO I;2497950.0;60;2021;2;35M34 (18/10/2021 - 19/02/2022);CONSOLIDADA;30.0;20.0
3443;57687680;01;64788;DIM0121;FUNDAMENTOS MATEMÁTICOS DA COMPUTAÇÃO II;1345816.0;90;2021;2;246M56 (18/10/2021 - 19/02/2022);CONSOLIDADA;63.0;53.0
3444;57687681;01;66368;DIM0123;PENSAMENTO COMPUTACIONAL;1671962.0;60;2021;2;35M56 (18/10/2021 - 19/02/2022);CONSOLIDADA;30.0;6.0
3445;57687682;01;66373;DIM0124;PROGRAMAÇÃO CONCORRENTE;2316877.0;60;2021;2;24T12 (18/10/2021 - 19/02/2022);CONSOLIDADA;30.0;36.0
3446;57687683;01;69634;DIM0127;ARQUITETURA DE COMPUTADORES;1882699.0;60;2021;2;24M34 (18/10/2021 - 19/02/2022);CONSOLIDADA;30.0;25.0
3447;57687684;01;69635;DIM0128;CIRCUITOS LÓGICOS;1694485.0;60;2021;2;35M34 (18/10/2021 - 19/02/2022);CONSOLIDADA;30.0;7.0
3448;57687685;01;69637;DIM0133;INTRODUÇÃO ÀS TÉCNICAS DE PROGRAMAÇÃO;1363515.0;90;2021;2;246M56 (18/10/2021 - 19/02/2022);CONSOLIDADA;40.0;33.0
3449;57687686;01;69651;DIM0135;PROCESSAMENTO DE LINGUAGEM NATURAL;1988053.0;60;2021;2;24T34 (18/10/2021 - 19/02/2022);CONSOLIDADA;30.0;17.0
3450;57687687;01;69698;DIM0138;PROJETO DETALHADO DE SOFTWARE;1644456.0;60;2021;2;24M56 (18/10/2021 - 19/02/2022);CONSOLIDADA;36.0;35.0
3451;57687688;01;21705;DIM0411;PROCESSAMENTO DE IMAGENS;1172485.0;60;2021;2;35M34;CONSOLIDADA;30.0;14.0
3452;57687689;01;21790;DIM0438;REDES DE COMPUTADORES;1699087.0;60;2021;2;35T34;CONSOLIDADA;30.0;10.0
3453;57687690;01;2054904;DIM0501;BOAS PRÁTICAS DE PROGRAMAÇÃO;1802737.0;30;2021;2;4T12;CONSOLIDADA;40.0;66.0
3454;57687691;02;2054904;DIM0501;BOAS PRÁTICAS DE PROGRAMAÇÃO;2510306.0;30;2021;2;3T56;CONSOLIDADA;33.0;56.0
3455;57687692;01;2054906;DIM0504;ANÁLISE E PROJETO ORIENTADO A OBJETOS;1356585.0;60;2021;2;35T34;CONSOLIDADA;25.0;31.0
3456;57687693;02;2054906;DIM0504;ANÁLISE E PROJETO ORIENTADO A OBJETOS;1754430.0;60;2021;2;35T34;CONSOLIDADA;30.0;18.0
3457;57687694;01;2054905;DIM0505;LÓGICA APLICADA A ENGENHARIA DE SOFTWARE;1639701.0;60;2021;2;24T34;CONSOLIDADA;40.0;31.0
3458;57687695;01;2054912;DIM0508;PROJETO DE INTERFACES DE USUÁRIO;1149392.0;60;2021;2;35T12;CONSOLIDADA;30.0;78.0
3459;57687696;01;2054915;DIM0512;TESTE DE SOFTWARE II;1709820.0;60;2021;2;35T34;CONSOLIDADA;25.0;20.0
3460;57687697;01;2054917;DIM0514;ARQUITETURA DE SOFTWARE;1213777.0;60;2021;2;24M56;CONSOLIDADA;25.0;12.0
3461;57687698;01;2054916;DIM0519;QUALIDADE DE SOFTWARE;1149561.0;60;2021;2;35M56;CONSOLIDADA;26.0;19.0
3462;57687699;01;2054923;DIM0520;MODELAGEM DE PROCESSOS DE NEGÓCIO;1671962.0;60;2021;2;24M56;EXCLUÍDA;40.0;0.0
3463;57687700;01;2054927;DIM0524;DESENVOLVIMENTO DE SISTEMAS PARA DISPOSITIVOS MÓVEIS;2180207.0;60;2021;2;24T12;CONSOLIDADA;50.0;84.0
3464;57687701;01;2054950;DIM0534;TÓPICOS ESPECIAIS EM ENGENHARIA DE SOFTWARE IV;1802737.0;60;2021;2;46T34;CONSOLIDADA;40.0;19.0
3465;57687702;01;52870;DIM0547;DESENVOLVIMENTO DE SISTEMAS WEB II;1961108.0;60;2021;2;35T34 (18/10/2021 - 19/02/2022);CONSOLIDADA;40.0;62.0
3466;57687703;01;2054920;DIM0590;PROPOSTA DE TRABALHO DE CONCLUSÃO DE CURSO;1802737.0;30;2021;2;6T12;CONSOLIDADA;20.0;4.0
3467;57687704;01;52972;DIM0601;FUNDAMENTOS MATEMÁTICOS DA COMPUTAÇÃO III;1517271.0;30;2021;2;246T12 (18/10/2021 - 19/02/2022);CONSOLIDADA;30.0;10.0
3468;57687704;01;52972;DIM0601;FUNDAMENTOS MATEMÁTICOS DA COMPUTAÇÃO III;2251108.0;60;2021;2;246T12 (18/10/2021 - 19/02/2022);CONSOLIDADA;30.0;10.0
3469;57687705;01;52973;DIM0605;PROJETO E ANÁLISE DE ALGORITMOS;1201268.0;60;2021;2;35M12 (18/10/2021 - 19/02/2022);CONSOLIDADA;25.0;18.0
3470;57687706;01;52974;DIM0606;LINGUAGENS FORMAIS E AUTÔMATOS;2212166.0;60;2021;2;24M34 (18/10/2021 - 19/02/2022);CONSOLIDADA;30.0;13.0
3471;57687707;01;52990;DIM0611;COMPILADORES;1221251.0;90;2021;2;2M1234 4M34 (18/10/2021 - 19/02/2022);CONSOLIDADA;30.0;12.0
3472;57687708;01;55370;DIM0613;INTELIGENCIA ARTIFICIAL;1172485.0;60;2021;2;35M12 (18/10/2021 - 19/02/2022);CONSOLIDADA;30.0;7.0
3473;57687709;01;55371;DIM0614;PROGRAMAÇÃO DISTRIBUÍDA;1678918.0;60;2021;2;35M56 (18/10/2021 - 19/02/2022);CONSOLIDADA;30.0;25.0
3474;57687710;01;25247;DIM0320;ALGORITMO E PROGRAMACAO DE COMPUTADORES;1495704.0;60;2021;2;35M56;CONSOLIDADA;40.0;39.0
3475;57687711;02;25247;DIM0320;ALGORITMO E PROGRAMACAO DE COMPUTADORES;1495704.0;60;2021;2;35T12;CONSOLIDADA;40.0;16.0
3476;57687712;03;25247;DIM0320;ALGORITMO E PROGRAMACAO DE COMPUTADORES;1961108.0;60;2021;2;35M12;CONSOLIDADA;41.0;27.0
3477;57687713;01;21753;DIM0321;LINGUAGENS DE PROGRAMAÇÃO;2929823.0;60;2021;2;35M56;CONSOLIDADA;40.0;36.0
3478;57687714;02;21753;DIM0321;LINGUAGENS DE PROGRAMAÇÃO;2177445.0;60;2021;2;35M34;CONSOLIDADA;40.0;11.0
3479;57687715;01;21787;DIM0436;ESPECIFICACAO E VERIFICACAO DE PROGRAMAS;1639701.0;60;2021;2;24M56;CONSOLIDADA;30.0;14.0
3480;57687716;03;21753;DIM0321;LINGUAGENS DE PROGRAMAÇÃO;2929823.0;60;2021;2;35T34;CONSOLIDADA;20.0;20.0
3481;57687892;01;66441;IMD1001;MATEMÁTICA ELEMENTAR;1276603.0;60;2021;2;35N12 (18/10/2021 - 19/02/2022);CONSOLIDADA;70.0;111.0
3482;57687899;02;66441;IMD1001;MATEMÁTICA ELEMENTAR;4857233.0;60;2021;2;35T12 (18/10/2021 - 19/02/2022);CONSOLIDADA;71.0;106.0
3483;57687904;01;66436;IMD1002;ANÁLISE COMBINATÓRIA;2042579.0;30;2021;2;2T34 (18/10/2021 - 19/02/2022);CONSOLIDADA;71.0;75.0
3484;57687905;02;66436;IMD1002;ANÁLISE COMBINATÓRIA;1276603.0;30;2021;2;2N12 (18/10/2021 - 19/02/2022);CONSOLIDADA;70.0;64.0
3485;57687908;01;66438;IMD1003;GEOMETRIA EUCLIDIANA;1218864.0;30;2021;2;5T34 (18/10/2021 - 19/02/2022);CONSOLIDADA;70.0;31.0
3486;57687912;02;66438;IMD1003;GEOMETRIA EUCLIDIANA;2645969.0;30;2021;2;3N34 (18/10/2021 - 19/02/2022);CONSOLIDADA;63.0;67.0
3487;57687920;01;55019;IMD0017;PRÁTICAS DE LEITURA E ESCRITA EM PORTUGUÊS I;2916579.0;30;2021;2;5T34 (18/10/2021 - 19/02/2022);CONSOLIDADA;40.0;38.0
3488;57687922;01;55082;IMD0020;TECNOLOGIA DA INFORMAÇÃO E SOCIEDADE;2510306.0;30;2021;2;5M34 (18/10/2021 - 19/02/2022);CONSOLIDADA;40.0;28.0
3489;57687924;02;55082;IMD0020;TECNOLOGIA DA INFORMAÇÃO E SOCIEDADE;2164809.0;30;2021;2;3N34 (18/10/2021 - 19/02/2022);CONSOLIDADA;40.0;14.0
3490;57687929;03;55082;IMD0020;TECNOLOGIA DA INFORMAÇÃO E SOCIEDADE;2164809.0;30;2021;2;5N34 (18/10/2021 - 19/02/2022);CONSOLIDADA;40.0;21.0
3491;57687939;01;66440;IMD1004;PENSAMENTO COMPUTACIONAL;2245086.0;60;2021;2;24N34 (18/10/2021 - 19/02/2022);CONSOLIDADA;50.0;74.0
3492;57687959;01;66444;IMD1012;INTRODUÇÃO ÀS TÉCNICAS DE PROGRAMAÇÃO;1885001.0;90;2021;2;246M34 (18/10/2021 - 19/02/2022);CONSOLIDADA;52.0;133.0
3493;57687960;02;66444;IMD1012;INTRODUÇÃO ÀS TÉCNICAS DE PROGRAMAÇÃO;2978747.0;90;2021;2;246T56 (18/10/2021 - 19/02/2022);CONSOLIDADA;52.0;71.0
3494;57687962;04;66444;IMD1012;INTRODUÇÃO ÀS TÉCNICAS DE PROGRAMAÇÃO;3204363.0;90;2021;2;246N12 (18/10/2021 - 19/02/2022);CONSOLIDADA;100.0;74.0
3495;57687963;05;66444;IMD1012;INTRODUÇÃO ÀS TÉCNICAS DE PROGRAMAÇÃO;3204363.0;90;2021;2;246N34 (18/10/2021 - 19/02/2022);CONSOLIDADA;53.0;71.0
3496;57687964;01;52662;IMD0024;CÁLCULO DIFERENCIAL E INTEGRAL I;4857233.0;90;2021;2;246M56 (18/10/2021 - 19/02/2022);CONSOLIDADA;70.0;85.0
3497;57687965;01;55022;IMD0028;FUNDAMENTOS MATEMÁTICOS DA COMPUTAÇÃO I;1218864.0;90;2021;2;246T34 (18/10/2021 - 19/02/2022);CONSOLIDADA;79.0;203.0
3498;57687966;02;55022;IMD0028;FUNDAMENTOS MATEMÁTICOS DA COMPUTAÇÃO I;2278403.0;90;2021;2;246N12 (18/10/2021 - 19/02/2022);CONSOLIDADA;70.0;56.0
3499;57687967;03;55022;IMD0028;FUNDAMENTOS MATEMÁTICOS DA COMPUTAÇÃO I;2278403.0;90;2021;2;246N34 (18/10/2021 - 19/02/2022);CONSOLIDADA;70.0;35.0
3500;57687968;01;55021;IMD0027;PRÁTICAS DE LEITURA E ESCRITA EM PORTUGUÊS II;2916579.0;30;2021;2;3M34 (18/10/2021 - 19/02/2022);CONSOLIDADA;60.0;71.0
3501;57687969;02;55021;IMD0027;PRÁTICAS DE LEITURA E ESCRITA EM PORTUGUÊS II;2916579.0;30;2021;2;3T34 (18/10/2021 - 19/02/2022);CONSOLIDADA;60.0;58.0
3502;57687970;03;55021;IMD0027;PRÁTICAS DE LEITURA E ESCRITA EM PORTUGUÊS II;2916579.0;30;2021;2;3N12 (18/10/2021 - 19/02/2022);CONSOLIDADA;60.0;51.0
3503;57687971;04;55021;IMD0027;PRÁTICAS DE LEITURA E ESCRITA EM PORTUGUÊS II;2916579.0;30;2021;2;3N34 (18/10/2021 - 19/02/2022);CONSOLIDADA;60.0;81.0
3504;57687972;01;55020;IMD0018;PRÁTICAS DE LEITURA EM INGLÊS;3267141.0;30;2021;2;5M34 (18/10/2021 - 19/02/2022);CONSOLIDADA;60.0;9.0
3505;57687973;02;55020;IMD0018;PRÁTICAS DE LEITURA EM INGLÊS;3267141.0;30;2021;2;5T56 (18/10/2021 - 19/02/2022);CONSOLIDADA;60.0;16.0
3506;57687974;03;55020;IMD0018;PRÁTICAS DE LEITURA EM INGLÊS;3267141.0;30;2021;2;5N12 (18/10/2021 - 19/02/2022);CONSOLIDADA;60.0;15.0
3507;57687975;04;55020;IMD0018;PRÁTICAS DE LEITURA EM INGLÊS;3267141.0;30;2021;2;5N34 (18/10/2021 - 19/02/2022);CONSOLIDADA;60.0;60.0
3508;57687977;01;52665;IMD0034;VETORES E GEOMETRIA ANALÍTICA;2042579.0;60;2021;2;35T34 (18/10/2021 - 19/02/2022);CONSOLIDADA;70.0;96.0
3509;57687980;02;52665;IMD0034;VETORES E GEOMETRIA ANALÍTICA;2042579.0;60;2021;2;35N12 (18/10/2021 - 19/02/2022);CONSOLIDADA;73.0;127.0
3510;57687984;01;55023;IMD0029;ESTRUTURA DE DADOS BÁSICAS I;2859562.0;60;2021;2;35T12 (18/10/2021 - 19/02/2022);CONSOLIDADA;40.0;35.0
3511;57687985;02;55023;IMD0029;ESTRUTURA DE DADOS BÁSICAS I;2276280.0;60;2021;2;35N12 (18/10/2021 - 19/02/2022);CONSOLIDADA;50.0;64.0
3512;57687987;01;55024;IMD0030;LINGUAGEM DE PROGRAMAÇÃO I;2244846.0;60;2021;2;35T34 (18/10/2021 - 19/02/2022);CONSOLIDADA;50.0;65.0
3513;57687988;02;55024;IMD0030;LINGUAGEM DE PROGRAMAÇÃO I;1969071.0;60;2021;2;35N34 (18/10/2021 - 19/02/2022);CONSOLIDADA;50.0;86.0
3514;57687989;01;55025;IMD0038;FUNDAMENTOS MATEMÁTICOS DA COMPUTAÇÃO II;2645969.0;90;2021;2;246N12 (18/10/2021 - 19/02/2022);CONSOLIDADA;69.0;239.0
3515;57687990;01;66437;IMD0121;ARQUITETURA DE COMPUTADORES;3139050.0;60;2021;2;24N34 (18/10/2021 - 19/02/2022);CONSOLIDADA;51.0;53.0
3516;57687991;01;55026;IMD0039;ESTRUTURAS DE DADOS BÁSICAS II;2170415.0;60;2021;2;35N12 (18/10/2021 - 19/02/2022);CONSOLIDADA;50.0;93.0
3517;57687992;01;55027;IMD0040;LINGUAGEM DE PROGRAMAÇÃO II;4351681.0;60;2021;2;35M12 (18/10/2021 - 19/02/2022);CONSOLIDADA;40.0;37.0
3518;57687993;02;55027;IMD0040;LINGUAGEM DE PROGRAMAÇÃO II;1775264.0;60;2021;2;35N34 (18/10/2021 - 19/02/2022);CONSOLIDADA;50.0;103.0
3519;57687994;02;52662;IMD0024;CÁLCULO DIFERENCIAL E INTEGRAL I;1276603.0;90;2021;2;246N34 (18/10/2021 - 19/02/2022);CONSOLIDADA;70.0;70.0
3520;57687996;01;52666;IMD0036;SISTEMAS OPERACIONAIS;1721835.0;60;2021;2;35T12 (18/10/2021 - 19/02/2022);CONSOLIDADA;51.0;67.0
3521;57687997;02;52666;IMD0036;SISTEMAS OPERACIONAIS;2140727.0;60;2021;2;24M56 (18/10/2021 - 19/02/2022);CONSOLIDADA;51.0;91.0
3522;57687998;03;52666;IMD0036;SISTEMAS OPERACIONAIS;2140727.0;60;2021;2;24N12 (18/10/2021 - 19/02/2022);CONSOLIDADA;40.0;57.0
3523;57687999;04;52666;IMD0036;SISTEMAS OPERACIONAIS;2244846.0;60;2021;2;24N12 (18/10/2021 - 19/02/2022);CONSOLIDADA;40.0;50.0
3524;57688000;01;55028;IMD0043;REDES DE COMPUTADORES;2467763.0;60;2021;2;35N34 (18/10/2021 - 19/02/2022);EXCLUÍDA;40.0;0.0
3525;57688001;01;52790;IMD0401;BANCO DE DADOS;4351681.0;60;2021;2;35M56 (18/10/2021 - 19/02/2022);EXCLUÍDA;40.0;0.0
3526;57688002;02;52790;IMD0401;BANCO DE DADOS;3066699.0;60;2021;2;35T56 (18/10/2021 - 19/02/2022);CONSOLIDADA;45.0;65.0
3527;57688003;03;52790;IMD0401;BANCO DE DADOS;3066699.0;60;2021;2;35N12 (18/10/2021 - 19/02/2022);CONSOLIDADA;45.0;85.0
3528;57688004;02;55028;IMD0043;REDES DE COMPUTADORES;3139050.0;60;2021;2;35M34 (18/10/2021 - 19/02/2022);EXCLUÍDA;40.0;0.0
3529;57688005;01;52664;IMD0033;PROBABILIDADE;1023112.0;60;2021;2;24T34 (18/10/2021 - 19/02/2022);CONSOLIDADA;40.0;39.0
3530;57688006;02;52664;IMD0033;PROBABILIDADE;1062376.0;60;2021;2;24N12 (18/10/2021 - 19/02/2022);CONSOLIDADA;40.0;37.0
3531;57688007;04;52790;IMD0401;BANCO DE DADOS;4351681.0;60;2021;2;35M34 (18/10/2021 - 19/02/2022);CONSOLIDADA;40.0;34.0
3532;57690520;01;52691;IMD0503;LEVANTAMENTO E MODELAGEM DE REQUISITOS;2245086.0;60;2021;2;24N12 (18/10/2021 - 19/02/2022);CONSOLIDADA;42.0;111.0
3533;57690521;01;55084;IMD0523;TECNOLOGIAS EDUCACIONAIS;2451906.0;60;2021;2;35N12 (18/10/2021 - 19/02/2022);CONSOLIDADA;58.0;118.0
3534;57690522;01;69600;IMD0526;AVALIAÇÃO DE SOFTWARE EDUCACIONAL;2451906.0;60;2021;2;35T56 (18/10/2021 - 19/02/2022);CONSOLIDADA;51.0;65.0
3535;57690523;01;55085;IMD0524;EDUCAÇÃO A DISTÂNCIA;2164809.0;60;2021;2;35N12 (18/10/2021 - 19/02/2022);CONSOLIDADA;44.0;48.0
3536;57690524;01;52681;IMD0411;INTRODUÇÃO À GOVERNANÇA E GESTÃO DE TI;2885481.0;60;2021;2;35N34 (18/10/2021 - 19/02/2022);CONSOLIDADA;44.0;52.0
3537;57690525;01;52684;IMD0408;PROCESSOS DE SOFTWARE;2274774.0;60;2021;2;35N12 (18/10/2021 - 19/02/2022);CONSOLIDADA;40.0;30.0
3538;57690526;01;52688;IMD0417;GESTÃO DE PROJETOS DE SOFTWARE;3230252.0;60;2021;2;24N12 (18/10/2021 - 19/02/2022);CONSOLIDADA;40.0;11.0
3539;57690527;01;55054;IMD0421;GESTÃO DA MUDANÇA ORGANIZACIONAL;3230252.0;60;2021;2;24N34 (18/10/2021 - 19/02/2022);CONSOLIDADA;40.0;34.0
3540;57690528;01;52789;IMD0404;DESENVOLVIMENTO DE SISTEMAS WEB I;1949528.0;60;2021;2;24N34 (18/10/2021 - 19/02/2022);CONSOLIDADA;45.0;169.0
3541;57690529;01;72726;IMD1309;TRANSFORMAÇÃO DIGITAL;3255024.0;60;2021;2;35M56 (18/10/2021 - 19/02/2022);CONSOLIDADA;40.0;27.0
3542;57690530;01;72727;IMD1310;TÓPICOS ESPECIAIS EM INOVAÇÃO E EMPREENDEDORISMO A;3255024.0;60;2021;2;24N12 (18/10/2021 - 19/02/2022);CONSOLIDADA;40.0;18.0
3543;57690531;01;72722;IMD1301;EMPREENDEDORISMO E FORMAÇÃO EMPREENDEDORA;2885481.0;60;2021;2;35M34 (18/10/2021 - 19/02/2022);CONSOLIDADA;51.0;47.0
3544;57690532;01;69586;IMD0904;PLATAFORMAS DE HARDWARE PARA INTERNET DAS COISAS;2143852.0;60;2021;2;24T34 (18/10/2021 - 19/02/2022);CONSOLIDADA;54.0;56.0
3545;57690533;01;69589;IMD0911;APLICAÇÕES EM INTERNET DAS COISAS;2149456.0;60;2021;2;24T56 (18/10/2021 - 19/02/2022);CONSOLIDADA;40.0;65.0
3546;57690534;01;69595;IMD0293;TÓPICOS ESPECIAIS EM INTERNET DAS COISAS D;1054235.0;60;2021;2;35T56 (18/10/2021 - 19/02/2022);CONSOLIDADA;62.0;62.0
3547;57690535;01;69594;IMD0292;TÓPICOS ESPECIAIS EM INTERNET DAS COISAS C;2467763.0;60;2021;2;24N34 (18/10/2021 - 19/02/2022);CONSOLIDADA;54.0;42.0
3548;57690536;01;69585;IMD0907;TECNOLOGIAS DE COMUNICAÇÃO PARA INTERNET DAS COISAS;1241170.0;60;2021;2;35T34 (18/10/2021 - 19/02/2022);CONSOLIDADA;40.0;28.0
3549;57690538;01;72711;IMD1112;ÉTICA E DADOS;1362181.0;60;2021;2;24N34 (18/10/2021 - 19/02/2022);CONSOLIDADA;55.0;208.0
3550;57690539;01;72712;IMD1113;PROBABILIDADE E INFERÊNCIA;1362181.0;60;2021;2;24N12 (18/10/2021 - 19/02/2022);CONSOLIDADA;43.0;23.0
3551;57690540;01;72707;IMD1151;CIÊNCIAS DE DADOS;2859562.0;60;2021;2;35M34 (18/10/2021 - 19/02/2022);CONSOLIDADA;49.0;44.0
3552;57690541;01;72710;IMD1155;ANÁLISE DE REDES;2885532.0;60;2021;2;35M56 (18/10/2021 - 19/02/2022);CONSOLIDADA;43.0;90.0
3553;57690544;01;68133;DIM0126;INTELIGÊNCIA ARTIFICIAL PARA JOGOS I;1363515.0;30;2021;2;24M34;CONSOLIDADA;40.0;27.0
3554;57690544;01;68133;DIM0126;INTELIGÊNCIA ARTIFICIAL PARA JOGOS I;2978747.0;30;2021;2;24M34;CONSOLIDADA;40.0;27.0
3555;57690546;01;2054931;DIM0532;TÓPICOS ESPECIAIS EM ENGENHARIA DE SOFTWARE II;2510306.0;60;2021;2;24T56;CONSOLIDADA;30.0;37.0
3556;57690555;01;52693;IMD0505;DESIGN DA INTERAÇÃO HUMANO-COMPUTADOR;1976579.0;60;2021;2;2M3456 (18/10/2021 - 19/02/2022);CONSOLIDADA;40.0;68.0
3557;57690556;01;72275;IMD0527;INTRODUÇÃO À INTERAÇÃO HUMANO-COMPUTADOR;1976579.0;60;2021;2;3M3456 (18/10/2021 - 19/02/2022);CONSOLIDADA;41.0;45.0
3558;57690630;01;59732;IMD0102;TÓPICOS ESPECIAIS EM TECNOLOGIA DA INFORMAÇÃO III;2278403.0;60;2021;2;6M3456 (18/10/2021 - 19/02/2022);EXCLUÍDA;40.0;0.0
3559;57690634;01;66482;IMD0605;SEMINÁRIOS EM BIOINFORMÁTICA;3063244.0;15;2021;2;4M56 (18/10/2021 - 19/02/2022);CONSOLIDADA;40.0;54.0
3560;57690634;01;66482;IMD0605;SEMINÁRIOS EM BIOINFORMÁTICA;2170415.0;5;2021;2;4M56 (18/10/2021 - 19/02/2022);CONSOLIDADA;40.0;54.0
3561;57690634;01;66482;IMD0605;SEMINÁRIOS EM BIOINFORMÁTICA;2170415.0;10;2021;2;4M56 (18/10/2021 - 19/02/2022);CONSOLIDADA;40.0;54.0
3562;57690849;01;26904;DIM0024;SEMINARIO DE COMPUTACAO;6350797.0;30;2021;2;6T12;CONSOLIDADA;82.0;76.0
3563;57690865;03;55028;IMD0043;REDES DE COMPUTADORES;3139050.0;60;2021;2;24N12 (18/10/2021 - 19/02/2022);CONSOLIDADA;80.0;68.0
3564;57690865;03;55028;IMD0043;REDES DE COMPUTADORES;2467763.0;60;2021;2;24N12 (18/10/2021 - 19/02/2022);CONSOLIDADA;80.0;68.0
3565;57690866;02;59732;IMD0102;TÓPICOS ESPECIAIS EM TECNOLOGIA DA INFORMAÇÃO III;2278403.0;60;2021;2;7M3456 (18/10/2021 - 19/02/2022);CONSOLIDADA;40.0;8.0
3566;57691158;01;69601;IMD0607;MODELAGEM E SIMULAÇÃO COMPUTACIONAL;2276280.0;60;2021;2;6M3456 (18/10/2021 - 19/02/2022);CONSOLIDADA;40.0;36.0
3567;57691159;01;61110;IMD0261;TÓPICOS ESPECIAIS EM BIOINFORMÁTICA B;3063244.0;60;2021;2;2T3456 (18/10/2021 - 19/02/2022);CONSOLIDADA;40.0;3.0
3568;57691959;04;55022;IMD0028;FUNDAMENTOS MATEMÁTICOS DA COMPUTAÇÃO I;1218864.0;90;2021;2;246M12 (11/10/2021 - 19/02/2022);CONSOLIDADA;71.0;79.0
3569;57691960;02;55026;IMD0039;ESTRUTURAS DE DADOS BÁSICAS II;3263275.0;60;2021;2;356N12 (16/11/2021 - 19/02/2022);CONSOLIDADA;40.0;13.0
3570;57691961;03;55027;IMD0040;LINGUAGEM DE PROGRAMAÇÃO II;3263275.0;60;2021;2;356N34 (16/11/2021 - 19/02/2022);CONSOLIDADA;40.0;16.0
3571;57691962;01;52791;IMD0409;DESENVOLVIMENTO DE SISTEMAS WEB II;3374361.0;60;2021;2;35N12 (18/10/2021 - 19/02/2022);CONSOLIDADA;40.0;28.0
3572;57691963;01;52794;IMD0509;DESENVOLVIMENTO PARA DISPOSITIVOS MÓVEIS;3374361.0;60;2021;2;24T12 (18/10/2021 - 19/02/2022);CONSOLIDADA;40.0;14.0
3573;57691964;02;52794;IMD0509;DESENVOLVIMENTO PARA DISPOSITIVOS MÓVEIS;3374361.0;60;2021;2;35N34 (18/10/2021 - 19/02/2022);CONSOLIDADA;40.0;33.0
3574;1217917;01;55031;IMD0019;RESOLUÇÃO DE PROBLEMAS MATEMÁTICOS PARA TI;2978747.0;30;2014;1;236M1234 (27/01/2014 - 14/06/2014);CONSOLIDADA;70.0;2.0
3575;1217917;01;55031;IMD0019;RESOLUÇÃO DE PROBLEMAS MATEMÁTICOS PARA TI;2068857.0;150;2014;1;236M1234 (27/01/2014 - 14/06/2014);CONSOLIDADA;70.0;2.0
3576;1217918;02;55031;IMD0019;RESOLUÇÃO DE PROBLEMAS MATEMÁTICOS PARA TI;2066673.0;150;2014;1;236M1234 (27/01/2014 - 14/06/2014);CONSOLIDADA;70.0;2.0
3577;1217918;02;55031;IMD0019;RESOLUÇÃO DE PROBLEMAS MATEMÁTICOS PARA TI;2978747.0;30;2014;1;236M1234 (27/01/2014 - 14/06/2014);CONSOLIDADA;70.0;2.0
3578;1217919;03;55031;IMD0019;RESOLUÇÃO DE PROBLEMAS MATEMÁTICOS PARA TI;2978747.0;30;2014;1;236N1234 (27/01/2014 - 14/06/2014);CONSOLIDADA;72.0;4.0
3579;1217919;03;55031;IMD0019;RESOLUÇÃO DE PROBLEMAS MATEMÁTICOS PARA TI;3569443.0;150;2014;1;236N1234 (27/01/2014 - 14/06/2014);CONSOLIDADA;72.0;4.0
3580;1217920;04;55031;IMD0019;RESOLUÇÃO DE PROBLEMAS MATEMÁTICOS PARA TI;1693180.0;150;2014;1;236N1234 (27/01/2014 - 14/06/2014);CONSOLIDADA;74.0;5.0
3581;1217920;04;55031;IMD0019;RESOLUÇÃO DE PROBLEMAS MATEMÁTICOS PARA TI;2645969.0;30;2014;1;236N1234 (27/01/2014 - 14/06/2014);CONSOLIDADA;74.0;5.0
3582;1217921;01;55019;IMD0017;PRÁTICAS DE LEITURA E ESCRITA EM PORTUGUÊS I;2916579.0;25;2014;1;5M12 (27/01/2014 - 14/06/2014);CONSOLIDADA;73.0;7.0
3583;1217921;01;55019;IMD0017;PRÁTICAS DE LEITURA E ESCRITA EM PORTUGUÊS I;2451906.0;5;2014;1;5M12 (27/01/2014 - 14/06/2014);CONSOLIDADA;73.0;7.0
3584;1217922;02;55019;IMD0017;PRÁTICAS DE LEITURA E ESCRITA EM PORTUGUÊS I;2916579.0;25;2014;1;5M34 (27/01/2014 - 14/06/2014);CONSOLIDADA;71.0;3.0
3585;1217922;02;55019;IMD0017;PRÁTICAS DE LEITURA E ESCRITA EM PORTUGUÊS I;2451906.0;5;2014;1;5M34 (27/01/2014 - 14/06/2014);CONSOLIDADA;71.0;3.0
3586;1217923;03;55019;IMD0017;PRÁTICAS DE LEITURA E ESCRITA EM PORTUGUÊS I;2451906.0;5;2014;1;5N12 (27/01/2014 - 14/06/2014);CONSOLIDADA;74.0;11.0
3587;1217923;03;55019;IMD0017;PRÁTICAS DE LEITURA E ESCRITA EM PORTUGUÊS I;2916579.0;25;2014;1;5N12 (27/01/2014 - 14/06/2014);CONSOLIDADA;74.0;11.0
3588;1217924;04;55019;IMD0017;PRÁTICAS DE LEITURA E ESCRITA EM PORTUGUÊS I;2451906.0;5;2014;1;5N34 (27/01/2014 - 14/06/2014);CONSOLIDADA;72.0;5.0
3589;1217924;04;55019;IMD0017;PRÁTICAS DE LEITURA E ESCRITA EM PORTUGUÊS I;2916579.0;25;2014;1;5N34 (27/01/2014 - 14/06/2014);CONSOLIDADA;72.0;5.0
3590;1217925;01;55020;IMD0018;PRÁTICAS DE LEITURA EM INGLÊS;2066697.0;25;2014;1;4M12 (27/01/2014 - 14/06/2014);CONSOLIDADA;71.0;6.0
3591;1217925;01;55020;IMD0018;PRÁTICAS DE LEITURA EM INGLÊS;1976579.0;5;2014;1;4M12 (27/01/2014 - 14/06/2014);CONSOLIDADA;71.0;6.0
3592;1217926;02;55020;IMD0018;PRÁTICAS DE LEITURA EM INGLÊS;1976579.0;5;2014;1;4M34 (27/01/2014 - 14/06/2014);CONSOLIDADA;70.0;2.0
3593;1217926;02;55020;IMD0018;PRÁTICAS DE LEITURA EM INGLÊS;2066697.0;25;2014;1;4M34 (27/01/2014 - 14/06/2014);CONSOLIDADA;70.0;2.0
3594;1217927;03;55020;IMD0018;PRÁTICAS DE LEITURA EM INGLÊS;2066675.0;25;2014;1;4N12 (27/01/2014 - 14/06/2014);CONSOLIDADA;72.0;8.0
3595;1217927;03;55020;IMD0018;PRÁTICAS DE LEITURA EM INGLÊS;1976579.0;5;2014;1;4N12 (27/01/2014 - 14/06/2014);CONSOLIDADA;72.0;8.0
3596;1217928;04;55020;IMD0018;PRÁTICAS DE LEITURA EM INGLÊS;1976579.0;5;2014;1;4N34 (27/01/2014 - 14/06/2014);CONSOLIDADA;73.0;2.0
3597;1217928;04;55020;IMD0018;PRÁTICAS DE LEITURA EM INGLÊS;2066675.0;25;2014;1;4N34 (27/01/2014 - 14/06/2014);CONSOLIDADA;73.0;2.0
3598;1217929;01;55082;IMD0020;TECNOLOGIA DA INFORMAÇÃO E SOCIEDADE;2451906.0;25;2014;1;5M12 (27/01/2014 - 14/06/2014);CONSOLIDADA;70.0;1.0
3599;1217929;01;55082;IMD0020;TECNOLOGIA DA INFORMAÇÃO E SOCIEDADE;2916579.0;5;2014;1;5M12 (27/01/2014 - 14/06/2014);CONSOLIDADA;70.0;1.0
3600;1217930;02;55082;IMD0020;TECNOLOGIA DA INFORMAÇÃO E SOCIEDADE;2451906.0;25;2014;1;5M34 (27/01/2014 - 14/06/2014);CONSOLIDADA;72.0;8.0
3601;1217930;02;55082;IMD0020;TECNOLOGIA DA INFORMAÇÃO E SOCIEDADE;2916579.0;5;2014;1;5M34 (27/01/2014 - 14/06/2014);CONSOLIDADA;72.0;8.0
3602;1217931;03;55082;IMD0020;TECNOLOGIA DA INFORMAÇÃO E SOCIEDADE;2916579.0;5;2014;1;5N12 (27/01/2014 - 14/06/2014);CONSOLIDADA;74.0;12.0
3603;1217931;03;55082;IMD0020;TECNOLOGIA DA INFORMAÇÃO E SOCIEDADE;2451906.0;25;2014;1;5N12 (27/01/2014 - 14/06/2014);CONSOLIDADA;74.0;12.0
3604;1217932;04;55082;IMD0020;TECNOLOGIA DA INFORMAÇÃO E SOCIEDADE;2451906.0;25;2014;1;5N34 (27/01/2014 - 14/06/2014);CONSOLIDADA;75.0;14.0
3605;1217932;04;55082;IMD0020;TECNOLOGIA DA INFORMAÇÃO E SOCIEDADE;2916579.0;5;2014;1;5N34 (27/01/2014 - 14/06/2014);CONSOLIDADA;75.0;14.0
3606;1217933;01;52651;IMD0012.0;INTRODUÇÃO ÀS TÉCNICAS DE PROGRAMAÇÃO;1363515.0;60;2014;1;26M12 (27/01/2014 - 14/06/2014);CONSOLIDADA;60.0;18.0
3607;1217934;02;52651;IMD0012.0;INTRODUÇÃO ÀS TÉCNICAS DE PROGRAMAÇÃO;4351681.0;60;2014;1;46N12 (27/01/2014 - 14/06/2014);CONSOLIDADA;60.0;25.0
3608;1217935;01;52652;IMD0012.1;PRÁTICAS DE TÉCNICAS DE PROGRAMAÇÃO;1363515.0;30;2014;1;3M12 (27/01/2014 - 14/06/2014);CONSOLIDADA;30.0;9.0
3609;1217936;02;52652;IMD0012.1;PRÁTICAS DE TÉCNICAS DE PROGRAMAÇÃO;1363515.0;30;2014;1;3M34 (27/01/2014 - 14/06/2014);CONSOLIDADA;30.0;9.0
3610;1217937;03;52652;IMD0012.1;PRÁTICAS DE TÉCNICAS DE PROGRAMAÇÃO;2467763.0;30;2014;1;3N12 (27/01/2014 - 14/06/2014);CONSOLIDADA;30.0;18.0
3611;1217938;04;52652;IMD0012.1;PRÁTICAS DE TÉCNICAS DE PROGRAMAÇÃO;2467763.0;30;2014;1;3N34 (27/01/2014 - 14/06/2014);CONSOLIDADA;30.0;7.0
3612;1217939;01;52658;IMD0021;ORGANIZAÇÃO E ARQUITETURA DE COMPUTADORES;1882699.0;60;2014;1;35M34 (27/01/2014 - 14/06/2014);CONSOLIDADA;60.0;31.0
3613;1217940;02;52658;IMD0021;ORGANIZAÇÃO E ARQUITETURA DE COMPUTADORES;2885532.0;60;2014;1;24N34 (27/01/2014 - 14/06/2014);CONSOLIDADA;60.0;25.0
3614;1217941;01;52778;IMD0022;ESTRUTURA DE DADOS BÁSICAS I;4351681.0;90;2014;1;247M34 (27/01/2014 - 14/06/2014);CONSOLIDADA;60.0;57.0
3615;1217942;02;52778;IMD0022;ESTRUTURA DE DADOS BÁSICAS I;1542998.0;90;2014;1;247N12 (27/01/2014 - 14/06/2014);CONSOLIDADA;60.0;76.0
3616;1217943;01;52662;IMD0024;CÁLCULO DIFERENCIAL E INTEGRAL I;2042579.0;90;2014;1;246M56 (27/01/2014 - 14/06/2014);CONSOLIDADA;60.0;8.0
3617;1217944;02;52662;IMD0024;CÁLCULO DIFERENCIAL E INTEGRAL I;2042579.0;90;2014;1;246N12 (27/01/2014 - 14/06/2014);CONSOLIDADA;60.0;10.0
3618;1217945;01;52785;IMD0025;LABORATÓRIO DE PROGRAMAÇÃO I;2978747.0;30;2014;1;2M56 (27/01/2014 - 14/06/2014);CONSOLIDADA;30.0;29.0
3619;1217946;02;52785;IMD0025;LABORATÓRIO DE PROGRAMAÇÃO I;2978747.0;30;2014;1;4M56 (27/01/2014 - 14/06/2014);CONSOLIDADA;30.0;30.0
3620;1217947;03;52785;IMD0025;LABORATÓRIO DE PROGRAMAÇÃO I;1542998.0;30;2014;1;6N12 (27/01/2014 - 14/06/2014);CONSOLIDADA;30.0;52.0
3621;1217948;04;52785;IMD0025;LABORATÓRIO DE PROGRAMAÇÃO I;1542998.0;30;2014;1;6N34 (27/01/2014 - 14/06/2014);CONSOLIDADA;30.0;34.0
3622;1217949;01;55022;IMD0028;FUNDAMENTOS MATEMÁTICOS DA COMPUTAÇÃO I;2645969.0;90;2014;1;246M34 (27/01/2014 - 14/06/2014);CONSOLIDADA;60.0;26.0
3623;1217950;02;55022;IMD0028;FUNDAMENTOS MATEMÁTICOS DA COMPUTAÇÃO I;1988053.0;90;2014;1;246N34 (27/01/2014 - 14/06/2014);CONSOLIDADA;60.0;47.0
3624;1217951;01;52663;IMD0031;REDES DE COMPUTADORES;2467763.0;60;2014;1;24M12 (27/01/2014 - 14/06/2014);CONSOLIDADA;60.0;26.0
3625;1217952;01;52787;IMD0032;ESTRUTURAS DE DADOS BÁSICAS II;1988053.0;90;2014;1;467M56 (27/01/2014 - 14/06/2014);CONSOLIDADA;60.0;31.0
3626;1217953;02;52787;IMD0032;ESTRUTURAS DE DADOS BÁSICAS II;1201268.0;90;2014;1;357M12 (27/01/2014 - 14/06/2014);CONSOLIDADA;60.0;10.0
3627;1217954;01;52664;IMD0033;PROBABILIDADE;1350250.0;60;2014;1;35M34 (27/01/2014 - 14/06/2014);CONSOLIDADA;60.0;21.0
3628;1217955;02;52664;IMD0033;PROBABILIDADE;1967212.0;60;2014;1;35N12 (27/01/2014 - 14/06/2014);CONSOLIDADA;60.0;13.0
3629;1217956;01;52665;IMD0034;VETORES E GEOMETRIA ANALÍTICA;1967212.0;60;2014;1;35M12 (27/01/2014 - 14/06/2014);CONSOLIDADA;60.0;44.0
3630;1217957;02;52665;IMD0034;VETORES E GEOMETRIA ANALÍTICA;1967212.0;60;2014;1;35N34 (27/01/2014 - 14/06/2014);CONSOLIDADA;60.0;26.0
3631;1217958;01;52786;IMD0035;LABORATÓRIO DE PROGRAMAÇÃO II;2510306.0;30;2014;1;2M34 (27/01/2014 - 14/06/2014);CONSOLIDADA;30.0;11.0
3632;1217959;02;52786;IMD0035;LABORATÓRIO DE PROGRAMAÇÃO II;2510306.0;30;2014;1;2M56 (27/01/2014 - 14/06/2014);CONSOLIDADA;30.0;15.0
3633;1217960;03;52786;IMD0035;LABORATÓRIO DE PROGRAMAÇÃO II;2510306.0;30;2014;1;3M34 (27/01/2014 - 14/06/2014);CONSOLIDADA;30.0;8.0
3634;1217961;04;52786;IMD0035;LABORATÓRIO DE PROGRAMAÇÃO II;2510306.0;30;2014;1;3M56 (27/01/2014 - 14/06/2014);CONSOLIDADA;30.0;7.0
3635;1217962;01;52666;IMD0036;SISTEMAS OPERACIONAIS;2885532.0;60;2014;1;35M56 (27/01/2014 - 14/06/2014);CONSOLIDADA;60.0;25.0
3636;1217963;01;52782;IMD0037;PRÁTICAS DE LEITURA E ESCRITA EM INGLÊS;2066697.0;35;2014;1;6M12 (27/01/2014 - 14/06/2014);CONSOLIDADA;60.0;24.0
3637;1217963;01;52782;IMD0037;PRÁTICAS DE LEITURA E ESCRITA EM INGLÊS;1976579.0;10;2014;1;6M12 (27/01/2014 - 14/06/2014);CONSOLIDADA;60.0;24.0
3638;1217964;02;52782;IMD0037;PRÁTICAS DE LEITURA E ESCRITA EM INGLÊS;1976579.0;10;2014;1;6M34 (27/01/2014 - 14/06/2014);CONSOLIDADA;60.0;54.0
3639;1217964;02;52782;IMD0037;PRÁTICAS DE LEITURA E ESCRITA EM INGLÊS;2066697.0;35;2014;1;6M34 (27/01/2014 - 14/06/2014);CONSOLIDADA;60.0;54.0
3640;1217965;03;52782;IMD0037;PRÁTICAS DE LEITURA E ESCRITA EM INGLÊS;1976579.0;10;2014;1;6N12 (27/01/2014 - 14/06/2014);CONSOLIDADA;60.0;24.0
3641;1217965;03;52782;IMD0037;PRÁTICAS DE LEITURA E ESCRITA EM INGLÊS;2066675.0;35;2014;1;6N12 (27/01/2014 - 14/06/2014);CONSOLIDADA;60.0;24.0
3642;1217966;04;52782;IMD0037;PRÁTICAS DE LEITURA E ESCRITA EM INGLÊS;2066675.0;35;2014;1;6N34 (27/01/2014 - 14/06/2014);CONSOLIDADA;60.0;28.0
3643;1217966;04;52782;IMD0037;PRÁTICAS DE LEITURA E ESCRITA EM INGLÊS;1976579.0;10;2014;1;6N34 (27/01/2014 - 14/06/2014);CONSOLIDADA;60.0;28.0
3644;1217967;01;55025;IMD0038;FUNDAMENTOS MATEMÁTICOS DA COMPUTAÇÃO II;1345816.0;90;2014;1;246M56 (27/01/2014 - 14/06/2014);CONSOLIDADA;60.0;33.0
3645;1217968;01;55051;IMD0337;TI VERDE;2885532.0;60;2014;1;24T34 (27/01/2014 - 14/06/2014);CONSOLIDADA;50.0;33.0
3646;1217969;01;52699;IMD0512;AVALIAÇÃO DA INTERAÇÃO HUMANO-COMPUTADOR;1976579.0;60;2014;1;35T56 (27/01/2014 - 14/06/2014);CONSOLIDADA;45.0;27.0
3647;1222506;01;21790;DIM0438;REDES DE COMPUTADORES;1525670.0;30;2014;1;24M34;CONSOLIDADA;40.0;38.0
3648;1222506;01;21790;DIM0438;REDES DE COMPUTADORES;1699087.0;30;2014;1;24M34;CONSOLIDADA;40.0;38.0
3649;1223519;01;25248;DIM0103;INTRODUCAO A INFORMATICA;2096045.0;60;2014;1;24T56;CONSOLIDADA;40.0;51.0
3650;1223520;01;26923;DIM0098;TOPICOS ESPECIAIS EM COMPUTACAO IX;1699087.0;30;2014;1;24M34;CONSOLIDADA;30.0;23.0
3651;1223520;01;26923;DIM0098;TOPICOS ESPECIAIS EM COMPUTACAO IX;1525670.0;30;2014;1;24M34;CONSOLIDADA;30.0;23.0
3652;1223521;01;21705;DIM0411;PROCESSAMENTO DE IMAGENS;2177445.0;20;2014;1;24M34;CONSOLIDADA;25.0;9.0
3653;1223521;01;21705;DIM0411;PROCESSAMENTO DE IMAGENS;1172485.0;40;2014;1;24M34;CONSOLIDADA;25.0;9.0
3654;1223522;01;26920;DIM0095;TOPICOS ESPECIAIS EM COMPUTACAO VI;2524467.0;60;2014;1;24T12;CONSOLIDADA;35.0;31.0
3655;1223523;01;25764;DIM0345;EMPREENDEDORISMO;1671962.0;60;2014;1;24T56;CONSOLIDADA;50.0;56.0
3656;1223524;01;26930;DIM0333;ELEM.DE PESQ.OPER.APLIC. A INDUST.DO PETROLEO;1149561.0;60;2014;1;35M12;CONSOLIDADA;20.0;2.0
3657;1223525;01;26922;DIM0097;TOPICOS ESPECIAIS EM COMPUTACAO VIII;1201268.0;60;2014;1;35M34;CONSOLIDADA;20.0;2.0
3658;1223526;01;21703;DIM0417;SISTEMAS MULTI - AGENTES;1350250.0;60;2014;1;35M56;CONSOLIDADA;20.0;3.0
3659;1223527;01;25247;DIM0320;ALGORITMO E PROGRAMACAO DE COMPUTADORES;2042860.0;60;2014;1;35T12;CONSOLIDADA;50.0;13.0
3660;1223528;01;21717;DIM0415;LOGICAS NAO-CLASSICAS;1517271.0;60;2014;1;35T12;CONSOLIDADA;25.0;3.0
3661;1223529;01;2054906;DIM0504;ANÁLISE E PROJETO ORIENTADO A OBJETOS;1754430.0;60;2014;1;35T34;CONSOLIDADA;27.0;15.0
3662;1223530;01;42161;DIM0543.0;DESENVOLVIMENTO DE SISTEMAS WEB;1961108.0;60;2014;1;35T34;CONSOLIDADA;30.0;25.0
3663;1223531;01;42162;DIM0543.1;PRATICA DE DESENVOLVIMENTO DE SISTEMAS WEB;1961108.0;30;2014;1;6T34;CONSOLIDADA;30.0;25.0
3664;1223532;02;25247;DIM0320;ALGORITMO E PROGRAMACAO DE COMPUTADORES;2096045.0;20;2014;1;35T56;CONSOLIDADA;50.0;7.0
3665;1223532;02;25247;DIM0320;ALGORITMO E PROGRAMACAO DE COMPUTADORES;2054265.0;40;2014;1;35T56;CONSOLIDADA;50.0;7.0
3666;1223533;01;25258;DIM0405;PROPOSTA DE MONOGRAFIA DE GRADUACAO;2524467.0;30;2014;1;6M56;CONSOLIDADA;70.0;26.0
3667;1223534;01;2022854;DIM0109.0;CIRCUITOS LÓGICOS;1694485.0;60;2014;1;24T12;CONSOLIDADA;40.0;31.0
3668;1223535;01;2022855;DIM0109.1;LABORATÓRIO DE CIRCUITOS LÓGICOS;6350797.0;30;2014;1;2T34;CONSOLIDADA;20.0;14.0
3669;1223536;02;2022855;DIM0109.1;LABORATÓRIO DE CIRCUITOS LÓGICOS;6350797.0;30;2014;1;4T34;CONSOLIDADA;20.0;17.0
3670;1223537;01;21759;DIM0439;TEORIA DA COMPUTACAO;2212166.0;20;2014;1;35T12;CONSOLIDADA;40.0;46.0
3671;1223537;01;21759;DIM0439;TEORIA DA COMPUTACAO;2054265.0;40;2014;1;35T12;CONSOLIDADA;40.0;46.0
3672;1223538;01;23499;DIM0040;CALCULO NUMERICO;347031.0;90;2014;1;246T34;CONSOLIDADA;40.0;16.0
3673;1223539;02;23499;DIM0040;CALCULO NUMERICO;347031.0;90;2014;1;246N12;CONSOLIDADA;40.0;12.0
3674;1223540;02;25248;DIM0103;INTRODUCAO A INFORMATICA;2054265.0;40;2014;1;35T34;CONSOLIDADA;60.0;26.0
3675;1223540;02;25248;DIM0103;INTRODUCAO A INFORMATICA;2096045.0;20;2014;1;35T34;CONSOLIDADA;60.0;26.0
3676;1223541;03;25248;DIM0103;INTRODUCAO A INFORMATICA;2096045.0;60;2014;1;2M3456;CONSOLIDADA;49.0;52.0
3677;1223542;03;25247;DIM0320;ALGORITMO E PROGRAMACAO DE COMPUTADORES;1495704.0;60;2014;1;35M56;CONSOLIDADA;40.0;12.0
3678;1223543;04;25247;DIM0320;ALGORITMO E PROGRAMACAO DE COMPUTADORES;2859606.0;60;2014;1;35M56;CONSOLIDADA;55.0;28.0
3679;1223544;05;25247;DIM0320;ALGORITMO E PROGRAMACAO DE COMPUTADORES;2042860.0;60;2014;1;35T34;CONSOLIDADA;50.0;15.0
3680;1223545;06;25247;DIM0320;ALGORITMO E PROGRAMACAO DE COMPUTADORES;350518.0;60;2014;1;35T56;CONSOLIDADA;50.0;44.0
3681;1223546;01;21753;DIM0321;LINGUAGENS DE PROGRAMAÇÃO;2101863.0;60;2014;1;35T56;CONSOLIDADA;40.0;23.0
3682;1223547;07;25247;DIM0320;ALGORITMO E PROGRAMACAO DE COMPUTADORES;2101863.0;60;2014;1;35T12;CONSOLIDADA;30.0;2.0
3683;1223548;08;25247;DIM0320;ALGORITMO E PROGRAMACAO DE COMPUTADORES;350518.0;60;2014;1;35N12;CONSOLIDADA;45.0;58.0
3684;1223549;09;25247;DIM0320;ALGORITMO E PROGRAMACAO DE COMPUTADORES;2101863.0;20;2014;1;35N12;CONSOLIDADA;40.0;19.0
3685;1223549;09;25247;DIM0320;ALGORITMO E PROGRAMACAO DE COMPUTADORES;2054265.0;40;2014;1;35N12;CONSOLIDADA;40.0;19.0
3686;1223550;02;21753;DIM0321;LINGUAGENS DE PROGRAMAÇÃO;1525670.0;60;2014;1;24T56;CONSOLIDADA;20.0;12.0
3687;1223551;01;21791;DIM0407;SISTEMAS EMBUTIDOS;6350797.0;60;2014;1;35M56;CONSOLIDADA;40.0;30.0
3688;1223552;01;21779;DIM0433;ENGENHARIA DE SOFTWARE;2195240.0;60;2014;1;35M56;CONSOLIDADA;40.0;35.0
3689;1223553;01;21783;DIM0437;LINGUAGENS DE PROGRAMACAO: CONCEITOS E PARADIGMAS;1495704.0;60;2014;1;35M34;CONSOLIDADA;40.0;19.0
3690;1224060;02;21759;DIM0439;TEORIA DA COMPUTACAO;2212166.0;60;2014;1;24M56;CONSOLIDADA;40.0;24.0
3691;1224062;01;2040950;DIM0451;COMPUTAÇÃO GRÁFICA I;2497950.0;60;2014;1;35M12;CONSOLIDADA;40.0;20.0
3692;1224063;01;2054913;DIM0510;PROCESSOS DE SOFTWARE;1961108.0;60;2014;1;35T12;CONSOLIDADA;40.0;21.0
3693;1224066;01;2054914;DIM0511;ENGENHARIA DE REQUISITOS;1754430.0;60;2014;1;35T56;CONSOLIDADA;40.0;14.0
3694;1224068;01;2054915;DIM0512;TESTE DE SOFTWARE II;1671962.0;60;2014;1;24T34;CONSOLIDADA;27.0;16.0
3695;1224076;01;2054919;DIM0516;MÉTODOS FORMAIS DE ENGENHARIA DE SOFTWARE;1639701.0;40;2014;1;24T12;CONSOLIDADA;40.0;13.0
3696;1224080;01;2054921;DIM0517;GERÊNCIA DE CONFIGURAÇÃO E MUDANÇAS;1802737.0;60;2014;1;24T12;CONSOLIDADA;34.0;17.0
3697;1224086;01;2054922;DIM0518;PLANEJAMENTO E GERENCIAMENTO DE PROJETOS;2195240.0;60;2014;1;35T34;CONSOLIDADA;28.0;12.0
3698;1224092;01;42158;DIM0541.0;BANCO DE DADOS;1639701.0;60;2014;1;24T34;CONSOLIDADA;12.0;10.0
3699;1224096;01;42159;DIM0541.1;PRATICA DE BANCO DE DADOS;1639701.0;30;2014;1;3T12;CONSOLIDADA;12.0;10.0
3700;1224113;01;21722;DIM0315;TEORIA DOS GRAFOS;1149561.0;60;2014;1;35M34;CONSOLIDADA;30.0;1.0
3701;1224120;01;2054953;DIM0537;TÓPICOS ESPECIAIS EM ENGENHARIA DE SOFTWARE VII;1356585.0;60;2014;1;24T56;CONSOLIDADA;30.0;7.0
3702;1224125;01;2054954;DIM0538;TÓPICOS ESPECIAIS EM ENGENHARIA DE SOFTWARE VIII;1149561.0;60;2014;1;35M56;CONSOLIDADA;40.0;18.0
3703;1224190;03;21753;DIM0321;LINGUAGENS DE PROGRAMAÇÃO;2042860.0;60;2014;1;35M34;CONSOLIDADA;30.0;12.0
3704;1224598;03;23499;DIM0040;CALCULO NUMERICO;347031.0;90;2014;1;246M12;CONSOLIDADA;40.0;42.0
3705;1224599;10;25247;DIM0320;ALGORITMO E PROGRAMACAO DE COMPUTADORES;350518.0;60;2014;1;35M56;CONSOLIDADA;40.0;10.0
3706;1224600;11;25247;DIM0320;ALGORITMO E PROGRAMACAO DE COMPUTADORES;2497950.0;60;2014;1;35M56;CONSOLIDADA;40.0;20.0
3707;1224601;04;21753;DIM0321;LINGUAGENS DE PROGRAMAÇÃO;2859606.0;60;2014;1;35M12;CONSOLIDADA;40.0;41.0
3708;1225654;01;55226;DIM0112;NOÇÕES DE ALGORITMO E PROGRAMAÇÃO;346494.0;60;2014;1;6M2345;CONSOLIDADA;10.0;7.0
